CNES,NOME_ESTABELECIMENTO,TIPO_ESTABELECIMENTO,COD_CEP,BAIRRO,ZONA
5115795,ASSOCIACAO DE AMIGOS DO AUTISTA -AMA CAMBUCI,CLINICA/CENTRO DE ESPECIALIDADE,01519000,Cambuci,Centro
2077531,A C CAMARGO CANCER CENTER,HOSPITAL ESPECIALIZADO,01509900,Liberdade,Centro
3210022,ABADS,CLINICA/CENTRO DE ESPECIALIDADE,02063000,Vila Guilherme,Zona Norte
4848055,ADMINISTRA PLANTOES,CONSULTORIO ISOLADO,01310200,Bela Vista,Centro
3813517,AFIP - VILA CLEMENTINO,UNIDADE DE APOIO DIAGNOSE E TERAPIA (SADT ISOLADO),04020060,Vila Mariana,Zona Sul
0262943,AFIP PADRE MACHADO,UNIDADE DE APOIO DIAGNOSE E TERAPIA (SADT ISOLADO),04127001,Bosque da Saúde,Zona Sul
7506651,AFIP TDN - SP,CLINICA/CENTRO DE ESPECIALIDADE,04041050,Vila Clementino,Zona Sul
9955372,AJN SERVICOS MEDICOS ESPECIALIZADOS,CLINICA/CENTRO DE ESPECIALIDADE,03323050,Cidade Mãe do Céu,Zona Leste
8003904,ALLUS GESTAO INTEGRADA DE SAUDE,CLINICA/CENTRO DE ESPECIALIDADE,05421001,Pinheiros,Zona Oeste
6393608,AMA ESPECIALIDADES BURGO PAULISTA,POLICLINICA,03680000,Burgo Paulista,Zona Leste
6194974,AMA ESPECIALIDADES CAPAO REDONDO,POLICLINICA,05866000,Capão Redondo,Zona Oeste
6394558,AMA ESPECIALIDADES ITAQUERA,POLICLINICA,08210100,Itaquera,Zona Leste
4421906,AMA ESPECIALIDADES JARDIM EDITE,POLICLINICA,04576030,Cidade Monções,Zona Sul
6759998,AMA ESPECIALIDADES JARDIM GUAIRACA,POLICLINICA,03244030,Jardim Guairaca,Zona Leste
6200389,AMA ESPECIALIDADES JARDIM SAO LUIZ,POLICLINICA,05847500,Jardim Iracema,Zona Oeste
6148336,AMA ESPECIALIDADES PARQUE PERUCHE,POLICLINICA,02538010,Parque Peruche,Zona Norte
9882170,AMA ESPECIALIDADES PEDIATRICAS CAMPO LIMPO,POLICLINICA,05663020,Paraisópolis,Zona Oeste
6391893,AMA ESPECIALIDADES PERUS,POLICLINICA,05201070,Vila Fanton,Zona Oeste
6138314,AMA ESPECIALIDADES SANTA CECILIA DR HUMBERTO PASCALE,POLICLINICA,01153000,Barra Funda,Centro
6415415,AMA ESPECIALIDADES VILA CONSTANCIA DR VICENTE OCTAVIO GUIDO,POLICLINICA,04438280,Vila do Castelo,Zona Sul
6357083,AMA ESPECIALIDADES VILA DAS MERCES,POLICLINICA,04165001,Vila das Mercês,Zona Sul
6391885,AMA ESPECIALIDADES VILA ZATT,POLICLINICA,02975120,Vila Zat,Zona Norte
4049985,AMA UBS WAMBERTO DIAS DA COSTA,CENTRO DE SAUDE/UNIDADE BASICA,02311240,Vila Mazzei,Zona Norte
5713870,AMA_12H BORACEA DR LUIZ BACCALA,PRONTO ATENDIMENTO,01137020,Barra Funda,Centro
6964028,AMA_12H COMPLEXO PRATES (AMA 24H ATE JUNHO 2017),PRONTO ATENDIMENTO,01121000,Bom Retiro,Centro
5576989,AMA_12H JARDIM DAS LARANJEIRAS,CENTRO DE SAUDE/UNIDADE BASICA,08380048,Jardim Roseli,Zona Leste
6156959,AMA_12H JARDIM PERI PERI,PRONTO ATENDIMENTO,05535100,Jardim Peri Peri,Zona Oeste
6133525,AMA_12H JARDIM SAO LUIZ,PRONTO ATENDIMENTO,05846380,Jardim Casablanca,Zona Oeste
5268125,AMA_12H MAURICE PATE,PRONTO ATENDIMENTO,03604030,Penha de França,Zona Leste
6135978,AMA_12H PRESIDENTE JUSCELINO KUBITSCHEK,PRONTO ATENDIMENTO,08465000,Conjunto Habitacional Juscelino Kubitschek,Zona Leste
6218830,AMA_24H CAPAO REDONDO,PRONTO ATENDIMENTO,05866000,Capão Redondo,Zona Oeste
6143180,AMA_24H ENGENHEIRO GOULART DR JOSE PIRES,PRONTO ATENDIMENTO,03726100,Engenheiro Goulart,Zona Leste
6135951,AMA_24H HOSP WALDOMIRO DE PAULA,POLICLINICA,08210590,Itaquera,Zona Leste
2042827,AMA_24H JARDIM NORDESTE DR CARLOS NEDER (AMA/UBS ATE 10/2021) -,PRONTO ATENDIMENTO,03693050,Jardim Coimbra,Zona Leste
4639057,AMA_24H JOSE BONIFACIO - ITAQUERA,PRONTO ATENDIMENTO,08250650,Conjunto Residencial José Bonifácio,Zona Leste
6728626,AMA_24H PARAISOPOLIS,PRONTO ATENDIMENTO,05656010,Fazenda Morumbi,Zona Oeste
4493478,AMA_24H PARQUE FIGUEIRA GRANDE,PRONTO ATENDIMENTO,04915170,Jardim Figueira Grande,Zona Sul
4488318,AMA_24H PARQUE NOVO SANTO AMARO,PRONTO ATENDIMENTO,05874130,Parque Novo Santo Amaro,Zona Oeste
6131670,AMA_24H PIRAJUSSARA (DE AMA 12H PARA AMA 24H EM 06/2022),PRONTO ATENDIMENTO,05760140,Jardim Martinica,Zona Oeste
6144055,AMA_24H SAPOPEMBA (AMA 12H ATE 01/2022),PRONTO ATENDIMENTO,03976020,Jardim Sapopemba,Zona Leste
5636469,AMA_24H SE,PRONTO ATENDIMENTO,01020030,Sé,Centro
6998208,AMA_24H SOROCABANA,PRONTO ATENDIMENTO,05049000,Vila Romana,Zona Oeste
7534817,AMB ESPEC ALTO DA BOA VISTA,POLICLINICA,04737000,Santo Amaro,Zona Sul
2751844,AMB ESPEC CECI DR ALEXANDRE KALIL YASBEK,POLICLINICA,04065004,Planalto Paulista,Zona Sul
2069008,AMB ESPEC DR. GERALDO PAULO BOURROL,HOSPITAL/DIA - ISOLADO,01050000,Centro,Centro
2751879,AMB ESPEC FREGUESIA DO O,POLICLINICA,02731000,Vila Albertina,Zona Norte
2787571,AMB ESPEC JARDIM MARCELO,POLICLINICA,05797000,Jardim Ipê,Zona Oeste
2751895,AMB ESPEC JOSE BONIFACIO IV,POLICLINICA,08255130,Conjunto Residencial José Bonifácio,Zona Leste
2751917,AMB ESPEC MOOCA ITALO DOMINGOS LE VOCCI,POLICLINICA,03112090,Mooca,Zona Leste
9653988,AMB ESPEC PARELHEIROS,POLICLINICA,04890430,Jardim Novo Parelheiros,Zona Sul
6670849,AMB ESPEC PIRITUBA,POLICLINICA,02945000,Jardim Cidade Pirituba,Zona Norte
4050312,AMB ESPEC SAO CARLOS,POLICLINICA,08411470,Jardim São Carlos (Zona Leste),Zona Leste
2751968,AMB ESPEC SAPOPEMBA,POLICLINICA,03976020,Jardim Sapopemba,Zona Leste
2068982,AMB ESPEC SM SES CENTRO,CENTRO DE ATENCAO PSICOSSOCIAL,01332030,Bela Vista,Centro
2751984,AMB ESPEC TUCURUVI ARMANDO DE AGUIAR PUPO,POLICLINICA,02331002,Tucuruvi,Zona Norte
3322637,AMB PROGRAMA EINSTEIN COMUNIDADE (ATE 06/2019 SUS),CLINICA/CENTRO DE ESPECIALIDADE,05663020,Paraisópolis,Zona Oeste
6912656,AMBULATORIO 8,CONSULTORIO ISOLADO,02189010,Parque Novo Mundo,Zona Norte
0276944,AMBULATORIO MEDICO DO INSTITUTO BUTANTAN,CLINICA/CENTRO DE ESPECIALIDADE,05503000,Butantã,Zona Oeste
6578578,AME AMB MED ESPEC DE PSIQUIATRIA V MARIA,CLINICA/CENTRO DE ESPECIALIDADE,02113012,Vila Maria,Zona Norte
6479200,AME AMB MED ESPEC HELIOPOLIS - DR. LUIZ ROBERTO BARRADAS BARATA,HOSPITAL/DIA - ISOLADO,04230000,Cidade Nova Heliópolis,Zona Sul
6423086,AME AMB MED ESPEC JARDIM DOS PRADOS,POLICLINICA,04676110,Vila São Pedro,Zona Sul
2091542,AME AMB MED ESPEC MARIA ZELIA,HOSPITAL/DIA - ISOLADO,03021040,Catumbi,Zona Leste
5395879,AME ASSISTENCIA MEDICA ESTELA S S,CLINICA/CENTRO DE ESPECIALIDADE,04011002,Vila Mariana,Zona Sul
5450063,AME DIGITAL AMBULATORIO MEDICO DE ESPECIALIDADES DIGITAL D,TELESSAUDE,01246000,Pacaembu,Centro
6432530,AME DR  MARIA CRISTINA CURY,POLICLINICA,04815180,Interlagos,Zona Sul
2068931,AME IDOSO OESTE,POLICLINICA,05050090,Lapa,Zona Oeste
2091461,AME IDOSO SUDESTE,POLICLINICA,04009003,Vila Mariana,Zona Sul
3117030,ASSOC AACD - MOOCA,CLINICA/CENTRO DE ESPECIALIDADE,03166000,Mooca,Zona Leste
2077655,ASSOC AACD V CLEMENTINO,HOSPITAL ESPECIALIZADO,04027000,Vila Clementino,Zona Sul
2688506,ASSOC APCD,CLINICA/CENTRO DE ESPECIALIDADE,02012000,Santana,Zona Norte
2089572,ASSOC CRUZ VERDE (INT),HOSPITAL ESPECIALIZADO,04037002,Vila Clementino,Zona Sul
5594448,ASSOC PAULISTA DE HOMEOPATIA,POLICLINICA,04037002,Vila Clementino,Zona Sul
3420647,ASSOC. CASA DEF. ERMELINO MATARAZZO,CLINICA/CENTRO DE ESPECIALIDADE,03808130,Vila Paranaguá,Zona Leste
7617348,ASSOCIACAO DE AMIGOS DO AUTISTA - AMA PARELHEIROS,CLINICA/CENTRO DE ESPECIALIDADE,04890610,Jardim Novo Parelheiros,Zona Sul
7861249,AURI MEDICINA DIAGNOSTICA,UNIDADE DE APOIO DIAGNOSE E TERAPIA (SADT ISOLADO),02031200,Canindé,Zona Norte
5281482,BANCO DE OLHOS DE SAO PAULO,UNIDADE DE APOIO DIAGNOSE E TERAPIA (SADT ISOLADO),03063000,Tatuapé,Zona Leste
7018290,BASE SAMU CENTRO BOM RETIRO AM1082,UNIDADE MOVEL DE NIVEL PRE-HOSPITALAR NA AREA DE URGENCIA,01129000,Bom Retiro,Centro
7024320,BASE SAMU CENTRO BOM RETIRO AM1149,UNIDADE MOVEL DE NIVEL PRE-HOSPITALAR NA AREA DE URGENCIA,01129000,Bom Retiro,Centro
5798930,BASE SAMU CENTRO BOM RETIRO URAM MC1112,UNIDADE MOVEL DE NIVEL PRE-HOSPITALAR NA AREA DE URGENCIA,01129000,Bom Retiro,Centro
5798949,BASE SAMU CENTRO BOM RETIRO URAM MC1119,UNIDADE MOVEL DE NIVEL PRE-HOSPITALAR NA AREA DE URGENCIA,01129000,Bom Retiro,Centro
5752299,BASE SAMU CENTRO BOM RETIRO URAM MC2020,UNIDADE MOVEL DE NIVEL PRE-HOSPITALAR NA AREA DE URGENCIA,01129000,Bom Retiro,Centro
5752302,BASE SAMU CENTRO BOM RETIRO URAM MC2045,UNIDADE MOVEL DE NIVEL PRE-HOSPITALAR NA AREA DE URGENCIA,01129000,Bom Retiro,Centro
5932572,BASE SAMU CENTRO BOM RETIRO VIR 01 SAV,UNIDADE MOVEL DE NIVEL PRE-HOSPITALAR NA AREA DE URGENCIA,01129000,Bom Retiro,Centro
7018215,BASE SAMU CENTRO CAPS AMA SE AM1097,UNIDADE MOVEL DE NIVEL PRE-HOSPITALAR NA AREA DE URGENCIA,01108000,Bom Retiro,Centro
7257902,BASE SAMU CENTRO CAPS AMA SE AM1181 SAV,UNIDADE MOVEL DE NIVEL PRE-HOSPITALAR NA AREA DE URGENCIA,01020030,Sé,Centro
5798957,BASE SAMU CENTRO CAPS AMA SE URAM MC1090,UNIDADE MOVEL DE NIVEL PRE-HOSPITALAR NA AREA DE URGENCIA,01108000,Bom Retiro,Centro
5798973,BASE SAMU CENTRO CAPS AMA SE URAM MC1138,UNIDADE MOVEL DE NIVEL PRE-HOSPITALAR NA AREA DE URGENCIA,01108000,Bom Retiro,Centro
7272308,BASE SAMU CENTRO CAPS AMA SE URAM MC2005,UNIDADE MOVEL DE NIVEL PRE-HOSPITALAR NA AREA DE URGENCIA,01108000,Bom Retiro,Centro
7272294,BASE SAMU CENTRO CAPS AMA SE URAM MC2006,UNIDADE MOVEL DE NIVEL PRE-HOSPITALAR NA AREA DE URGENCIA,01108000,Bom Retiro,Centro
7018142,BASE SAMU CENTRO HSPM AM1081,UNIDADE MOVEL DE NIVEL PRE-HOSPITALAR NA AREA DE URGENCIA,01532001,Aclimação,Centro
7255756,BASE SAMU CENTRO HSPM AM1113,UNIDADE MOVEL DE NIVEL PRE-HOSPITALAR NA AREA DE URGENCIA,01532001,Aclimação,Centro
6982603,BASE SAMU CENTRO HSPM AM1207,UNIDADE MOVEL DE NIVEL PRE-HOSPITALAR NA AREA DE URGENCIA,01306001,Bela Vista,Centro
5799074,BASE SAMU CENTRO NOVE DE JULHO URAM MC1079,UNIDADE MOVEL DE NIVEL PRE-HOSPITALAR NA AREA DE URGENCIA,01306001,Bela Vista,Centro
5798981,BASE SAMU CENTRO NOVE DE JULHO URAM MC1099,UNIDADE MOVEL DE NIVEL PRE-HOSPITALAR NA AREA DE URGENCIA,01306001,Bela Vista,Centro
7272820,BASE SAMU CENTRO NOVE DE JULHO URAM MC2003,UNIDADE MOVEL DE NIVEL PRE-HOSPITALAR NA AREA DE URGENCIA,01306001,Bela Vista,Centro
7272839,BASE SAMU CENTRO NOVE DE JULHO URAM MC2004,UNIDADE MOVEL DE NIVEL PRE-HOSPITALAR NA AREA DE URGENCIA,01306001,Bela Vista,Centro
7018533,BASE SAMU CENTRO UBS SE AM1208,UNIDADE MOVEL DE NIVEL PRE-HOSPITALAR NA AREA DE URGENCIA,01108000,Bom Retiro,Centro
7024304,BASE SAMU CENTRO UBS SE AM1209,UNIDADE MOVEL DE NIVEL PRE-HOSPITALAR NA AREA DE URGENCIA,01020030,Sé,Centro
7018509,BASE SAMU LESTE ATUALPA AM1091,UNIDADE MOVEL DE NIVEL PRE-HOSPITALAR NA AREA DE URGENCIA,08140270,Vila Morgadouro,Zona Leste
7030436,BASE SAMU LESTE H M CID TIRADENTES AM 1064,UNIDADE MOVEL DE NIVEL PRE-HOSPITALAR NA AREA DE URGENCIA,08471000,Cidade Tiradentes,Zona Leste
7018363,BASE SAMU LESTE H M CID TIRADENTES AM1108,UNIDADE MOVEL DE NIVEL PRE-HOSPITALAR NA AREA DE URGENCIA,08471000,Cidade Tiradentes,Zona Leste
5752329,BASE SAMU LESTE H M CIDADE TIRADENTES URAM MC2018,UNIDADE MOVEL DE NIVEL PRE-HOSPITALAR NA AREA DE URGENCIA,08471000,Cidade Tiradentes,Zona Leste
5752345,BASE SAMU LESTE H M CIDADE TIRADENTES URAM MC2026,UNIDADE MOVEL DE NIVEL PRE-HOSPITALAR NA AREA DE URGENCIA,08471000,Cidade Tiradentes,Zona Leste
7018541,BASE SAMU LESTE H M ERMELINO M AM1188,UNIDADE MOVEL DE NIVEL PRE-HOSPITALAR NA AREA DE URGENCIA,03807000,Vila Robertina,Zona Leste
7018282,BASE SAMU LESTE H M ERMELINO M AM1199,UNIDADE MOVEL DE NIVEL PRE-HOSPITALAR NA AREA DE URGENCIA,03807000,Vila Robertina,Zona Leste
7018568,BASE SAMU LESTE H M ITAQUERA AM1088,UNIDADE MOVEL DE NIVEL PRE-HOSPITALAR NA AREA DE URGENCIA,08210590,Itaquera,Zona Leste
7001371,BASE SAMU LESTE H M ITAQUERA AM1200,UNIDADE MOVEL DE NIVEL PRE-HOSPITALAR NA AREA DE URGENCIA,08210590,Itaquera,Zona Leste
7272421,BASE SAMU LESTE H M ITAQUERA URAM MC2011,UNIDADE MOVEL DE NIVEL PRE-HOSPITALAR NA AREA DE URGENCIA,08210590,Itaquera,Zona Leste
7272448,BASE SAMU LESTE H M ITAQUERA URAM MC2012,UNIDADE MOVEL DE NIVEL PRE-HOSPITALAR NA AREA DE URGENCIA,08210590,Itaquera,Zona Leste
5752353,BASE SAMU LESTE PB SAO MIGUEL URAM MC2010,UNIDADE MOVEL DE NIVEL PRE-HOSPITALAR NA AREA DE URGENCIA,08011000,Vila Americana,Zona Leste
5752361,BASE SAMU LESTE PB SAO MIGUEL URAM MC2017,UNIDADE MOVEL DE NIVEL PRE-HOSPITALAR NA AREA DE URGENCIA,08011000,Vila Americana,Zona Leste
7272472,BASE SAMU LESTE SAO MATEUS AM1075,UNIDADE MOVEL DE NIVEL PRE-HOSPITALAR NA AREA DE URGENCIA,08375000,Jardim Três Marias,Zona Leste
7018487,BASE SAMU LESTE SAO MATEUS AM1076,UNIDADE MOVEL DE NIVEL PRE-HOSPITALAR NA AREA DE URGENCIA,08375000,Jardim Três Marias,Zona Leste
7001436,BASE SAMU LESTE SAO MATEUS AM1109,UNIDADE MOVEL DE NIVEL PRE-HOSPITALAR NA AREA DE URGENCIA,08331190,Jardim Três Marias,Zona Leste
7271980,BASE SAMU LESTE SAO MATEUS AM1157,UNIDADE MOVEL DE NIVEL PRE-HOSPITALAR NA AREA DE URGENCIA,08375000,Jardim Três Marias,Zona Leste
7272499,BASE SAMU LESTE SAO MATEUS URAM MC2013,UNIDADE MOVEL DE NIVEL PRE-HOSPITALAR NA AREA DE URGENCIA,08375000,Jardim Três Marias,Zona Leste
7272502,BASE SAMU LESTE SAO MATEUS URAM MC2014,UNIDADE MOVEL DE NIVEL PRE-HOSPITALAR NA AREA DE URGENCIA,08375000,Jardim Três Marias,Zona Leste
7272170,BASE SAMU LESTE SAO MIGUEL PB AM1155 SAV,UNIDADE MOVEL DE NIVEL PRE-HOSPITALAR NA AREA DE URGENCIA,08011000,Vila Americana,Zona Leste
7018517,BASE SAMU LESTE UBS CID NOVA SAO MIGUEL AM1154,UNIDADE MOVEL DE NIVEL PRE-HOSPITALAR NA AREA DE URGENCIA,08042130,Cidade Nova São Miguel,Zona Leste
7018312,BASE SAMU LESTE UBS INACIO MONTEIRO AM1089,UNIDADE MOVEL DE NIVEL PRE-HOSPITALAR NA AREA DE URGENCIA,08474480,Jardim Pérola II,Zona Leste
7001320,BASE SAMU LESTE UBS ITAQUERA AM1107,UNIDADE MOVEL DE NIVEL PRE-HOSPITALAR NA AREA DE URGENCIA,08210090,Itaquera,Zona Leste
7001444,BASE SAMU LESTE UBS JARDIM DAS OLIVEIRAS AM1090,UNIDADE MOVEL DE NIVEL PRE-HOSPITALAR NA AREA DE URGENCIA,08122100,Jardim das Oliveiras,Zona Leste
7271972,BASE SAMU LESTE UBS JARDIM DAS OLIVEIRAS AM1153,UNIDADE MOVEL DE NIVEL PRE-HOSPITALAR NA AREA DE URGENCIA,08122100,Jardim das Oliveiras,Zona Leste
7272723,BASE SAMU LESTE UBS RIO CLARO AM1191,UNIDADE MOVEL DE NIVEL PRE-HOSPITALAR NA AREA DE URGENCIA,08395320,Conjunto Promorar Rio Claro,Zona Leste
5799058,BASE SAMU LESTE UBS RIO CLARO URAM MC1126,UNIDADE MOVEL DE NIVEL PRE-HOSPITALAR NA AREA DE URGENCIA,08395320,Conjunto Promorar Rio Claro,Zona Leste
5799066,BASE SAMU LESTE UBS RIO CLARO URAM MC1131,UNIDADE MOVEL DE NIVEL PRE-HOSPITALAR NA AREA DE URGENCIA,08395320,Conjunto Promorar Rio Claro,Zona Leste
7018355,BASE SAMU LESTE UPA CIDADE TIRADENTES AM1063,UNIDADE MOVEL DE NIVEL PRE-HOSPITALAR NA AREA DE URGENCIA,08472610,Conjunto Habitacional Inácio Monteiro,Zona Leste
7001401,BASE SAMU LESTE UPA CIDADE TIRADENTES AM1156,UNIDADE MOVEL DE NIVEL PRE-HOSPITALAR NA AREA DE URGENCIA,08472610,Conjunto Habitacional Inácio Monteiro,Zona Leste
7018584,BASE SAMU LESTE UPA ITAQUERA AM 1152,UNIDADE MOVEL DE NIVEL PRE-HOSPITALAR NA AREA DE URGENCIA,08220000,Cidade Antônio Estevão de Carvalho,Zona Leste
7255764,BASE SAMU LESTE UPA ITAQUERA AM1151 SAV,UNIDADE MOVEL DE NIVEL PRE-HOSPITALAR NA AREA DE URGENCIA,08220000,Cidade Antônio Estevão de Carvalho,Zona Leste
7001487,BASE SAMU LESTE UPA JARDIM HELENA AM1193,UNIDADE MOVEL DE NIVEL PRE-HOSPITALAR NA AREA DE URGENCIA,08090370,Jardim Helena,Zona Leste
5789583,BASE SAMU LESTE UPA JD HELENA URAM MC2031,UNIDADE MOVEL DE NIVEL PRE-HOSPITALAR NA AREA DE URGENCIA,08090370,Jardim Helena,Zona Leste
5789702,BASE SAMU LESTE UPA JD HELENA URAM MC2050,UNIDADE MOVEL DE NIVEL PRE-HOSPITALAR NA AREA DE URGENCIA,08090370,Jardim Helena,Zona Leste
7001428,BASE SAMU LESTE UPA JULIO TUPY AM1158,UNIDADE MOVEL DE NIVEL PRE-HOSPITALAR NA AREA DE URGENCIA,08431640,Parque Guaianazes,Zona Leste
5789710,BASE SAMU LESTE UPA JULIO TUPY URAM MC2032,UNIDADE MOVEL DE NIVEL PRE-HOSPITALAR NA AREA DE URGENCIA,08431640,Parque Guaianazes,Zona Leste
5789737,BASE SAMU LESTE UPA JULIO TUPY URAM MC2051,UNIDADE MOVEL DE NIVEL PRE-HOSPITALAR NA AREA DE URGENCIA,08431640,Parque Guaianazes,Zona Leste
7018231,BASE SAMU LESTE UPA TITO LOPES AM1087,UNIDADE MOVEL DE NIVEL PRE-HOSPITALAR NA AREA DE URGENCIA,08020000,Vila Americana,Zona Leste
7018029,BASE SAMU LESTE USP LESTE AM1192,UNIDADE MOVEL DE NIVEL PRE-HOSPITALAR NA AREA DE URGENCIA,03828000,Vila Guaraciaba,Zona Leste
7272812,BASE SAMU LESTE USP LESTE URAM MC2015,UNIDADE MOVEL DE NIVEL PRE-HOSPITALAR NA AREA DE URGENCIA,03828000,Vila Guaraciaba,Zona Leste
7272669,BASE SAMU LESTE USP LESTE URAM MC2016,UNIDADE MOVEL DE NIVEL PRE-HOSPITALAR NA AREA DE URGENCIA,03828000,Vila Guaraciaba,Zona Leste
7001509,BASE SAMU NORTE CAPS PIRITUBA AM 1163,UNIDADE MOVEL DE NIVEL PRE-HOSPITALAR NA AREA DE URGENCIA,02933140,Vila Palmeiras,Zona Norte
7030479,BASE SAMU NORTE CECCO JACANA AM1159,UNIDADE MOVEL DE NIVEL PRE-HOSPITALAR NA AREA DE URGENCIA,02273010,Jaçanã,Zona Norte
7272057,BASE SAMU NORTE H E MANDAQUI AM1085,UNIDADE MOVEL DE NIVEL PRE-HOSPITALAR NA AREA DE URGENCIA,02405001,Santana,Zona Norte
7272022,BASE SAMU NORTE H E MANDAQUI AM1086 SAV,UNIDADE MOVEL DE NIVEL PRE-HOSPITALAR NA AREA DE URGENCIA,02405001,Santana,Zona Norte
7272030,BASE SAMU NORTE H E MANDAQUI AM1161,UNIDADE MOVEL DE NIVEL PRE-HOSPITALAR NA AREA DE URGENCIA,02405001,Santana,Zona Norte
7272596,BASE SAMU NORTE H E MANDAQUI URAM MC2033,UNIDADE MOVEL DE NIVEL PRE-HOSPITALAR NA AREA DE URGENCIA,02405001,Santana,Zona Norte
7272618,BASE SAMU NORTE H E MANDAQUI URAM MC2034,UNIDADE MOVEL DE NIVEL PRE-HOSPITALAR NA AREA DE URGENCIA,02405001,Santana,Zona Norte
7272065,BASE SAMU NORTE H M CACHOEIRINHA AM1197,UNIDADE MOVEL DE NIVEL PRE-HOSPITALAR NA AREA DE URGENCIA,02720200,Limão,Zona Norte
7272529,BASE SAMU NORTE H M PIRITUBA HUNGRIA URAM MC2021,UNIDADE MOVEL DE NIVEL PRE-HOSPITALAR NA AREA DE URGENCIA,02945000,Jardim Cidade Pirituba,Zona Norte
7272545,BASE SAMU NORTE H M PIRITUBA HUNGRIA URAM MC2022,UNIDADE MOVEL DE NIVEL PRE-HOSPITALAR NA AREA DE URGENCIA,02945000,Jardim Cidade Pirituba,Zona Norte
7257449,BASE SAMU NORTE HUNGRIA H M PIRITUBA AM1084,UNIDADE MOVEL DE NIVEL PRE-HOSPITALAR NA AREA DE URGENCIA,02945000,Jardim Cidade Pirituba,Zona Norte
7272014,BASE SAMU NORTE HUNGRIA H M PIRITUBA AM1187,UNIDADE MOVEL DE NIVEL PRE-HOSPITALAR NA AREA DE URGENCIA,02945000,Jardim Cidade Pirituba,Zona Norte
7030576,BASE SAMU NORTE HUNGRIA H M PIRITUBA AM1198,UNIDADE MOVEL DE NIVEL PRE-HOSPITALAR NA AREA DE URGENCIA,02945000,Jardim Cidade Pirituba,Zona Norte
7272553,BASE SAMU NORTE JOVA RURAL URAM MC2024,UNIDADE MOVEL DE NIVEL PRE-HOSPITALAR NA AREA DE URGENCIA,02281200,Conjunto Habitacional Jova Rural,Zona Norte
7272561,BASE SAMU NORTE JOVA RURAL URAM MC2025,UNIDADE MOVEL DE NIVEL PRE-HOSPITALAR NA AREA DE URGENCIA,02281200,Conjunto Habitacional Jova Rural,Zona Norte
7030533,BASE SAMU NORTE PB TUCURUVI AM1078 SAV,UNIDADE MOVEL DE NIVEL PRE-HOSPITALAR NA AREA DE URGENCIA,02341000,Tucuruvi,Zona Norte
7271999,BASE SAMU NORTE PERUS AM 1160,UNIDADE MOVEL DE NIVEL PRE-HOSPITALAR NA AREA DE URGENCIA,05208110,Vila Perus,Zona Oeste
7030541,BASE SAMU NORTE PERUS AM1112,UNIDADE MOVEL DE NIVEL PRE-HOSPITALAR NA AREA DE URGENCIA,05208110,Vila Perus,Zona Oeste
7030444,BASE SAMU NORTE PERUS AM1162,UNIDADE MOVEL DE NIVEL PRE-HOSPITALAR NA AREA DE URGENCIA,05208110,Vila Perus,Zona Oeste
7272626,BASE SAMU NORTE PERUS URAM MC2028,UNIDADE MOVEL DE NIVEL PRE-HOSPITALAR NA AREA DE URGENCIA,05208110,Vila Perus,Zona Oeste
7272642,BASE SAMU NORTE PERUS URAM MC2029,UNIDADE MOVEL DE NIVEL PRE-HOSPITALAR NA AREA DE URGENCIA,05208110,Vila Perus,Zona Oeste
7030606,BASE SAMU NORTE PIRITUBA PB AM1069 SAV,UNIDADE MOVEL DE NIVEL PRE-HOSPITALAR NA AREA DE URGENCIA,05128010,Parque Maria Domitila,Zona Oeste
7255675,BASE SAMU NORTE PS SANTANA AM1194,UNIDADE MOVEL DE NIVEL PRE-HOSPITALAR NA AREA DE URGENCIA,02011100,Santana,Zona Norte
5850363,BASE SAMU NORTE PS SANTANA URAM MC1092,UNIDADE MOVEL DE NIVEL PRE-HOSPITALAR NA AREA DE URGENCIA,02011100,Santana,Zona Norte
5850371,BASE SAMU NORTE PS SANTANA URAM MC1122,UNIDADE MOVEL DE NIVEL PRE-HOSPITALAR NA AREA DE URGENCIA,02011100,Santana,Zona Norte
7272006,BASE SAMU NORTE SUBPREF VILA MARIA AM 1164,UNIDADE MOVEL DE NIVEL PRE-HOSPITALAR NA AREA DE URGENCIA,02168020,Jardim Andaraí,Zona Norte
7030614,BASE SAMU NORTE SUBPREF VILA MARIA AM1083,UNIDADE MOVEL DE NIVEL PRE-HOSPITALAR NA AREA DE URGENCIA,02127020,Vila Maria Alta,Zona Norte
7001363,BASE SAMU NORTE UBS AMA VILA PALMEIRAS AM1165,UNIDADE MOVEL DE NIVEL PRE-HOSPITALAR NA AREA DE URGENCIA,02727020,Vila Palmeiras,Zona Norte
7272049,BASE SAMU NORTE UBS DR WALTER ELIAS AM1110,UNIDADE MOVEL DE NIVEL PRE-HOSPITALAR NA AREA DE URGENCIA,02518020,Jardim das Laranjeiras,Zona Norte
7030495,BASE SAMU NORTE UBS ELISIO TEIXEIRA AM1070,UNIDADE MOVEL DE NIVEL PRE-HOSPITALAR NA AREA DE URGENCIA,02815000,Conjunto Residencial Elisio Teixeira Leite,Zona Norte
7030509,BASE SAMU NORTE UBS ELISIO TEIXEIRA AM1195,UNIDADE MOVEL DE NIVEL PRE-HOSPITALAR NA AREA DE URGENCIA,02815000,Conjunto Residencial Elisio Teixeira Leite,Zona Norte
7029470,BASE SAMU NORTE UPA 21 DE JUNHO AM1111,UNIDADE MOVEL DE NIVEL PRE-HOSPITALAR NA AREA DE URGENCIA,02736070,Parque Monteiro Soares,Zona Norte
5752396,BASE SAMU NORTE UPA 21 DE JUNHO URAM MC2002,UNIDADE MOVEL DE NIVEL PRE-HOSPITALAR NA AREA DE URGENCIA,02736070,Parque Monteiro Soares,Zona Norte
5752418,BASE SAMU NORTE UPA 21 DE JUNHO URAM MC2009,UNIDADE MOVEL DE NIVEL PRE-HOSPITALAR NA AREA DE URGENCIA,02736070,Parque Monteiro Soares,Zona Norte
7030460,BASE SAMU NORTE UPA JACANA AM1196,UNIDADE MOVEL DE NIVEL PRE-HOSPITALAR NA AREA DE URGENCIA,02278040,Vila Nilo,Zona Norte
7030622,BASE SAMU NORTE VILA MARIA ANDARAI AM1068,UNIDADE MOVEL DE NIVEL PRE-HOSPITALAR NA AREA DE URGENCIA,02181160,Parque Novo Mundo,Zona Norte
5752434,BASE SAMU NORTE VILA MARIA ANDARAI URAM MC2001,UNIDADE MOVEL DE NIVEL PRE-HOSPITALAR NA AREA DE URGENCIA,02168020,Jardim Andaraí,Zona Norte
5752450,BASE SAMU NORTE VILA MARIA ANDARAI URAM MC2008,UNIDADE MOVEL DE NIVEL PRE-HOSPITALAR NA AREA DE URGENCIA,02168020,Jardim Andaraí,Zona Norte
7030630,BASE SAMU OESTE AMA SOROCABANA AM1183 SAV,UNIDADE MOVEL DE NIVEL PRE-HOSPITALAR NA AREA DE URGENCIA,05049000,Vila Romana,Zona Oeste
7018150,BASE SAMU OESTE AMA SOROCABANA AM1210,UNIDADE MOVEL DE NIVEL PRE-HOSPITALAR NA AREA DE URGENCIA,05049000,Vila Romana,Zona Oeste
7271913,BASE SAMU OESTE ARISTIDES VIADANA AM1186,UNIDADE MOVEL DE NIVEL PRE-HOSPITALAR NA AREA DE URGENCIA,05038020,Parque Residencial da Lapa,Zona Oeste
5752469,BASE SAMU OESTE ARISTIDES VIADANA URAM MC2019,UNIDADE MOVEL DE NIVEL PRE-HOSPITALAR NA AREA DE URGENCIA,05038020,Parque Residencial da Lapa,Zona Oeste
5752477,BASE SAMU OESTE ARISTIDES VIADANA URAM MC2027,UNIDADE MOVEL DE NIVEL PRE-HOSPITALAR NA AREA DE URGENCIA,05038020,Parque Residencial da Lapa,Zona Oeste
7018177,BASE SAMU OESTE CAPS ITAIM BIBI AM1185,UNIDADE MOVEL DE NIVEL PRE-HOSPITALAR NA AREA DE URGENCIA,04538081,Itaim Bibi,Zona Sul
7001398,BASE SAMU OESTE CID UNIVERSITARIA AM1099,UNIDADE MOVEL DE NIVEL PRE-HOSPITALAR NA AREA DE URGENCIA,05508070,Butantã,Zona Oeste
7271921,BASE SAMU OESTE CID UNIVERSITARIA AM1116,UNIDADE MOVEL DE NIVEL PRE-HOSPITALAR NA AREA DE URGENCIA,05508070,Butantã,Zona Oeste
7271948,BASE SAMU OESTE CID UNIVERSITARIA AM1190 SAV,UNIDADE MOVEL DE NIVEL PRE-HOSPITALAR NA AREA DE URGENCIA,05508070,Butantã,Zona Oeste
7272251,BASE SAMU OESTE CID UNIVERSITARIA URAM MC2037,UNIDADE MOVEL DE NIVEL PRE-HOSPITALAR NA AREA DE URGENCIA,05508070,Butantã,Zona Oeste
7272278,BASE SAMU OESTE CID UNIVERSITARIA URAM MC2038,UNIDADE MOVEL DE NIVEL PRE-HOSPITALAR NA AREA DE URGENCIA,05508070,Butantã,Zona Oeste
6999700,BASE SAMU OESTE H M MARIO DEGNI AM1114,UNIDADE MOVEL DE NIVEL PRE-HOSPITALAR NA AREA DE URGENCIA,05576100,Jardim Boa Vista (Zona Oeste),Zona Oeste
7272081,BASE SAMU OESTE LAPA AM 1184,UNIDADE MOVEL DE NIVEL PRE-HOSPITALAR NA AREA DE URGENCIA,05319000,Vila Hamburguesa,Zona Oeste
7255705,BASE SAMU OESTE LAPA AM1077,UNIDADE MOVEL DE NIVEL PRE-HOSPITALAR NA AREA DE URGENCIA,05319000,Vila Hamburguesa,Zona Oeste
5789826,BASE SAMU OESTE LAPA URAM MC2036,UNIDADE MOVEL DE NIVEL PRE-HOSPITALAR NA AREA DE URGENCIA,05319000,Vila Hamburguesa,Zona Oeste
5790034,BASE SAMU OESTE LAPA URAM MC2053,UNIDADE MOVEL DE NIVEL PRE-HOSPITALAR NA AREA DE URGENCIA,05319000,Vila Hamburguesa,Zona Oeste
7024312,BASE SAMU OESTE PAT BAND AM1098 SAV,UNIDADE MOVEL DE NIVEL PRE-HOSPITALAR NA AREA DE URGENCIA,04548060,Vila Olímpia,Zona Sul
7272766,BASE SAMU OESTE PAT BAND URAM MC2039,UNIDADE MOVEL DE NIVEL PRE-HOSPITALAR NA AREA DE URGENCIA,04548060,Vila Olímpia,Zona Sul
7272731,BASE SAMU OESTE PAT BAND URAM MC2040,UNIDADE MOVEL DE NIVEL PRE-HOSPITALAR NA AREA DE URGENCIA,04548060,Vila Olímpia,Zona Sul
7255748,BASE SAMU OESTE PB BUTANTA AM1101,UNIDADE MOVEL DE NIVEL PRE-HOSPITALAR NA AREA DE URGENCIA,05593090,Jardim Bonfiglioli,Zona Oeste
5850452,BASE SAMU OESTE REAL PARQUE URAM MC1108,UNIDADE MOVEL DE NIVEL PRE-HOSPITALAR NA AREA DE URGENCIA,05684030,Real Parque,Zona Oeste
5850460,BASE SAMU OESTE REAL PARQUE URAM MC1137,UNIDADE MOVEL DE NIVEL PRE-HOSPITALAR NA AREA DE URGENCIA,05684030,Real Parque,Zona Oeste
7271905,BASE SAMU OESTE RIO PEQUENO AM1115,UNIDADE MOVEL DE NIVEL PRE-HOSPITALAR NA AREA DE URGENCIA,05376000,Vila Antônio,Zona Oeste
6983774,BASE SAMU OESTE RIO PEQUENO AM1121,UNIDADE MOVEL DE NIVEL PRE-HOSPITALAR NA AREA DE URGENCIA,05350010,Rio Pequeno,Zona Oeste
7272456,BASE SAMU OESTE RIO PEQUENO URAM MC2041,UNIDADE MOVEL DE NIVEL PRE-HOSPITALAR NA AREA DE URGENCIA,05376000,Vila Antônio,Zona Oeste
7272464,BASE SAMU OESTE RIO PEQUENO URAM MC2042,UNIDADE MOVEL DE NIVEL PRE-HOSPITALAR NA AREA DE URGENCIA,05376000,Vila Antônio,Zona Oeste
7018169,BASE SAMU OESTE UBS JARDIM COLOMBO AM1100,UNIDADE MOVEL DE NIVEL PRE-HOSPITALAR NA AREA DE URGENCIA,05350010,Rio Pequeno,Zona Oeste
5790255,BASE SAMU OESTE UBS JARDIM COLOMBO URAM MC2035,UNIDADE MOVEL DE NIVEL PRE-HOSPITALAR NA AREA DE URGENCIA,05629000,Jardim Colombo,Zona Oeste
5790042,BASE SAMU OESTE UBS JARDIM COLOMBO URAM MC2052,UNIDADE MOVEL DE NIVEL PRE-HOSPITALAR NA AREA DE URGENCIA,05629000,Jardim Colombo,Zona Oeste
6999727,BASE SAMU SUDESTE AMA HERMENEGILDO AM1201,UNIDADE MOVEL DE NIVEL PRE-HOSPITALAR NA AREA DE URGENCIA,03223170,Jardim Independência,Zona Leste
7272197,BASE SAMU SUDESTE CUPECE AM1202,UNIDADE MOVEL DE NIVEL PRE-HOSPITALAR NA AREA DE URGENCIA,04378300,Vila Mascote,Zona Sul
7272154,BASE SAMU SUDESTE H M IPIRANGA AM1072,UNIDADE MOVEL DE NIVEL PRE-HOSPITALAR NA AREA DE URGENCIA,04211000,Ipiranga,Zona Sul
7272200,BASE SAMU SUDESTE H M IPIRANGA AM1073,UNIDADE MOVEL DE NIVEL PRE-HOSPITALAR NA AREA DE URGENCIA,04211000,Ipiranga,Zona Sul
7272146,BASE SAMU SUDESTE H M IPIRANGA AM1095,UNIDADE MOVEL DE NIVEL PRE-HOSPITALAR NA AREA DE URGENCIA,04211000,Ipiranga,Zona Sul
7272219,BASE SAMU SUDESTE H M TATUAPE AM1119,UNIDADE MOVEL DE NIVEL PRE-HOSPITALAR NA AREA DE URGENCIA,03085030,Parque São Jorge,Zona Leste
7271956,BASE SAMU SUDESTE H M TATUAPE AM1182 SAV,UNIDADE MOVEL DE NIVEL PRE-HOSPITALAR NA AREA DE URGENCIA,03085030,Parque São Jorge,Zona Leste
6984150,BASE SAMU SUDESTE H M VILA NHOCUNE AM1204,UNIDADE MOVEL DE NIVEL PRE-HOSPITALAR NA AREA DE URGENCIA,03558000,Vila Nhocune,Zona Leste
7272774,BASE SAMU SUDESTE JARDIM GRIMALDI AM 1167,UNIDADE MOVEL DE NIVEL PRE-HOSPITALAR NA AREA DE URGENCIA,03922040,Jardim Grimaldi,Zona Leste
6999689,BASE SAMU SUDESTE JARDIM GRIMALDI AM1118,UNIDADE MOVEL DE NIVEL PRE-HOSPITALAR NA AREA DE URGENCIA,03922040,Jardim Grimaldi,Zona Leste
7272340,BASE SAMU SUDESTE JARDIM GRIMALDI URAM MC2043,UNIDADE MOVEL DE NIVEL PRE-HOSPITALAR NA AREA DE URGENCIA,03922040,Jardim Grimaldi,Zona Leste
7272375,BASE SAMU SUDESTE JARDIM GRIMALDI URAM MC2044,UNIDADE MOVEL DE NIVEL PRE-HOSPITALAR NA AREA DE URGENCIA,03922040,Jardim Grimaldi,Zona Leste
7272316,BASE SAMU SUDESTE PARQUE CERET URAM MC2046,UNIDADE MOVEL DE NIVEL PRE-HOSPITALAR NA AREA DE URGENCIA,03336060,Vila Regente Feijó,Zona Leste
7272324,BASE SAMU SUDESTE PARQUE CERET URAM MC2047,UNIDADE MOVEL DE NIVEL PRE-HOSPITALAR NA AREA DE URGENCIA,03336060,Vila Regente Feijó,Zona Leste
7272111,BASE SAMU SUDESTE PB MOOCA AM 1166,UNIDADE MOVEL DE NIVEL PRE-HOSPITALAR NA AREA DE URGENCIA,03168009,Mooca,Zona Leste
7272189,BASE SAMU SUDESTE PB MOOCA AM1093 SAV,UNIDADE MOVEL DE NIVEL PRE-HOSPITALAR NA AREA DE URGENCIA,03181070,Vila Bertioga,Zona Leste
6999794,BASE SAMU SUDESTE PB SAPOPEMBA AM1171,UNIDADE MOVEL DE NIVEL PRE-HOSPITALAR NA AREA DE URGENCIA,03921080,Jardim Iva,Zona Leste
7018436,BASE SAMU SUDESTE SABOYA AM1117,UNIDADE MOVEL DE NIVEL PRE-HOSPITALAR NA AREA DE URGENCIA,04377220,Vila Mira,Zona Sul
7272073,BASE SAMU SUDESTE SABOYA AM1170,UNIDADE MOVEL DE NIVEL PRE-HOSPITALAR NA AREA DE URGENCIA,04377220,Vila Mira,Zona Sul
5752485,BASE SAMU SUDESTE SABOYA URAM MC2030,UNIDADE MOVEL DE NIVEL PRE-HOSPITALAR NA AREA DE URGENCIA,04377220,Vila Mira,Zona Sul
5752515,BASE SAMU SUDESTE SABOYA URAM MC2049,UNIDADE MOVEL DE NIVEL PRE-HOSPITALAR NA AREA DE URGENCIA,04377220,Vila Mira,Zona Sul
7255780,BASE SAMU SUDESTE SACOMA AM 1168,UNIDADE MOVEL DE NIVEL PRE-HOSPITALAR NA AREA DE URGENCIA,04232000,Ipiranga,Zona Sul
7272693,BASE SAMU SUDESTE SACOMA URAM MC2054,UNIDADE MOVEL DE NIVEL PRE-HOSPITALAR NA AREA DE URGENCIA,04232000,Ipiranga,Zona Sul
7272707,BASE SAMU SUDESTE SACOMA URAM MC2055,UNIDADE MOVEL DE NIVEL PRE-HOSPITALAR NA AREA DE URGENCIA,04232000,Ipiranga,Zona Sul
7272138,BASE SAMU SUDESTE TCM AM1096 SAV,UNIDADE MOVEL DE NIVEL PRE-HOSPITALAR NA AREA DE URGENCIA,04027000,Vila Clementino,Zona Sul
6999808,BASE SAMU SUDESTE UBS SAO NICOLAU AM1074,UNIDADE MOVEL DE NIVEL PRE-HOSPITALAR NA AREA DE URGENCIA,03690000,Jardim Nordeste,Zona Leste
6999719,BASE SAMU SUDESTE UBS SAO NICOLAU AM1094,UNIDADE MOVEL DE NIVEL PRE-HOSPITALAR NA AREA DE URGENCIA,03690000,Jardim Nordeste,Zona Leste
7257384,BASE SAMU SUDESTE UBS VILA ESPERANCA AM1169,UNIDADE MOVEL DE NIVEL PRE-HOSPITALAR NA AREA DE URGENCIA,03644070,Vila Beatriz,Zona Leste
7255802,BASE SAMU SUDESTE UBS VILA ESPERANCA AM1203,UNIDADE MOVEL DE NIVEL PRE-HOSPITALAR NA AREA DE URGENCIA,03644070,Vila Beatriz,Zona Leste
6984193,BASE SAMU SUDESTE UPA III CARRAO AM1092,UNIDADE MOVEL DE NIVEL PRE-HOSPITALAR NA AREA DE URGENCIA,03403002,Vila Carrão,Zona Leste
7272413,BASE SAMU SUDESTE UPA III CARRAO AM1172,UNIDADE MOVEL DE NIVEL PRE-HOSPITALAR NA AREA DE URGENCIA,03446010,Vila Carrão,Zona Leste
7272898,BASE SAMU SUL AMA CAPAO AM1103,UNIDADE MOVEL DE NIVEL PRE-HOSPITALAR NA AREA DE URGENCIA,05755090,Jardim Umarizal,Zona Oeste
6980953,BASE SAMU SUL CAPS AD III JARDIM SAO LUIZ AM1150 SAV,UNIDADE MOVEL DE NIVEL PRE-HOSPITALAR NA AREA DE URGENCIA,05841000,Vila das Belezas,Zona Oeste
5850479,BASE SAMU SUL CAPS AD III JD SAO LUIS URAM MC1117,UNIDADE MOVEL DE NIVEL PRE-HOSPITALAR NA AREA DE URGENCIA,05841000,Vila das Belezas,Zona Oeste
5850487,BASE SAMU SUL CAPS AD III JD SAO LUIS URAM MC1120,UNIDADE MOVEL DE NIVEL PRE-HOSPITALAR NA AREA DE URGENCIA,05841000,Vila das Belezas,Zona Oeste
7001347,BASE SAMU SUL CAPS AD LARGO 13 AM1106,UNIDADE MOVEL DE NIVEL PRE-HOSPITALAR NA AREA DE URGENCIA,04757120,Jardim Dom Bosco,Zona Sul
7024428,BASE SAMU SUL CAPS AD LARGO 13 AM1205,UNIDADE MOVEL DE NIVEL PRE-HOSPITALAR NA AREA DE URGENCIA,04757120,Jardim Dom Bosco,Zona Sul
5752523,BASE SAMU SUL CAPS AD LARGO XIII URAM MC2023,UNIDADE MOVEL DE NIVEL PRE-HOSPITALAR NA AREA DE URGENCIA,04757120,Jardim Dom Bosco,Zona Sul
5752558,BASE SAMU SUL CAPS AD LARGO XIII URAM MC2048,UNIDADE MOVEL DE NIVEL PRE-HOSPITALAR NA AREA DE URGENCIA,04757120,Jardim Dom Bosco,Zona Sul
7272901,BASE SAMU SUL CAPS PARAISOPOLIS AM1061,UNIDADE MOVEL DE NIVEL PRE-HOSPITALAR NA AREA DE URGENCIA,05656010,Fazenda Morumbi,Zona Oeste
6999697,BASE SAMU SUL CER III SANTO AMARO AM 1179,UNIDADE MOVEL DE NIVEL PRE-HOSPITALAR NA AREA DE URGENCIA,04444000,Usina Piratininga,Zona Sul
6983790,BASE SAMU SUL CER III SANTO AMARO AM1120,UNIDADE MOVEL DE NIVEL PRE-HOSPITALAR NA AREA DE URGENCIA,04444000,Usina Piratininga,Zona Sul
7001339,BASE SAMU SUL CEU ALVARENGA AM1206,UNIDADE MOVEL DE NIVEL PRE-HOSPITALAR NA AREA DE URGENCIA,04474340,Balneário São Francisco,Zona Sul
6984061,BASE SAMU SUL CIDADE ADEMAR AM1062,UNIDADE MOVEL DE NIVEL PRE-HOSPITALAR NA AREA DE URGENCIA,04657000,Vila Constança,Zona Sul
7024371,BASE SAMU SUL CIDADE ADEMAR AM1104,UNIDADE MOVEL DE NIVEL PRE-HOSPITALAR NA AREA DE URGENCIA,04657000,Vila Constança,Zona Sul
7024398,BASE SAMU SUL CIDADE ADEMAR AM1176,UNIDADE MOVEL DE NIVEL PRE-HOSPITALAR NA AREA DE URGENCIA,04657000,Vila Constança,Zona Sul
6980740,BASE SAMU SUL H M MBOI MIRIM AM 1174,UNIDADE MOVEL DE NIVEL PRE-HOSPITALAR NA AREA DE URGENCIA,04948030,Parque do Lago,Zona Sul
7024401,BASE SAMU SUL H M MBOI MIRIM AM1173,UNIDADE MOVEL DE NIVEL PRE-HOSPITALAR NA AREA DE URGENCIA,04948030,Parque do Lago,Zona Sul
6982816,BASE SAMU SUL H M MBOI MIRIM AM1175,UNIDADE MOVEL DE NIVEL PRE-HOSPITALAR NA AREA DE URGENCIA,04948030,Parque do Lago,Zona Sul
7272383,BASE SAMU SUL H M MBOI MIRIM URAM MC2056,UNIDADE MOVEL DE NIVEL PRE-HOSPITALAR NA AREA DE URGENCIA,04948030,Parque do Lago,Zona Sul
7272405,BASE SAMU SUL H M MBOI MIRIM URAM MC2057,UNIDADE MOVEL DE NIVEL PRE-HOSPITALAR NA AREA DE URGENCIA,04948030,Parque do Lago,Zona Sul
6982727,BASE SAMU SUL H M PARELHEIROS AM1065,UNIDADE MOVEL DE NIVEL PRE-HOSPITALAR NA AREA DE URGENCIA,04883290,Jardim Roschel,Zona Sul
7024347,BASE SAMU SUL H M PARELHEIROS AM1067,UNIDADE MOVEL DE NIVEL PRE-HOSPITALAR NA AREA DE URGENCIA,04883290,Jardim Roschel,Zona Sul
6982824,BASE SAMU SUL INTERLAGOS AM1080,UNIDADE MOVEL DE NIVEL PRE-HOSPITALAR NA AREA DE URGENCIA,04777001,Interlagos,Zona Sul
7255691,BASE SAMU SUL INTERLAGOS AM1102 SAV,UNIDADE MOVEL DE NIVEL PRE-HOSPITALAR NA AREA DE URGENCIA,04777001,Interlagos,Zona Sul
7272235,BASE SAMU SUL INTERLAGOS AM1122,UNIDADE MOVEL DE NIVEL PRE-HOSPITALAR NA AREA DE URGENCIA,04777001,Interlagos,Zona Sul
7272855,BASE SAMU SUL INTERLAGOS URAM MC2058,UNIDADE MOVEL DE NIVEL PRE-HOSPITALAR NA AREA DE URGENCIA,04777001,Interlagos,Zona Sul
7272863,BASE SAMU SUL INTERLAGOS URAM MC2059,UNIDADE MOVEL DE NIVEL PRE-HOSPITALAR NA AREA DE URGENCIA,04777001,Interlagos,Zona Sul
7272804,BASE SAMU SUL MARIA ANTONIETA URAM MC2000,UNIDADE MOVEL DE NIVEL PRE-HOSPITALAR NA AREA DE URGENCIA,04845000,Jardim Somara,Zona Sul
7272790,BASE SAMU SUL MARIA ANTONIETA URAM MC2007,UNIDADE MOVEL DE NIVEL PRE-HOSPITALAR NA AREA DE URGENCIA,04845000,Jardim Somara,Zona Sul
7257392,BASE SAMU SUL SUVIS CIDADE ADEMAR AM1180 SAV,UNIDADE MOVEL DE NIVEL PRE-HOSPITALAR NA AREA DE URGENCIA,04368060,Jardim Santo Antoninho,Zona Sul
6983952,BASE SAMU SUL UBS ANCHIETA AM1189,UNIDADE MOVEL DE NIVEL PRE-HOSPITALAR NA AREA DE URGENCIA,04855000,Parque São Miguel,Zona Sul
6982832,BASE SAMU SUL UBS JARDIM EMBURA AM1066,UNIDADE MOVEL DE NIVEL PRE-HOSPITALAR NA AREA DE URGENCIA,04893050,Embura,Zona Sul
6982751,BASE SAMU SUL UPA MARIA ANTONIETA AM 1178,UNIDADE MOVEL DE NIVEL PRE-HOSPITALAR NA AREA DE URGENCIA,04845000,Jardim Somara,Zona Sul
7272227,BASE SAMU SUL UPA MARIA ANTONIETA AM1177,UNIDADE MOVEL DE NIVEL PRE-HOSPITALAR NA AREA DE URGENCIA,04845000,Jardim Somara,Zona Sul
6982697,BASE SAMU SUL UPA VERA CRUZ AM1105,UNIDADE MOVEL DE NIVEL PRE-HOSPITALAR NA AREA DE URGENCIA,04965140,Jardim Vera Cruz(Zona Sul),Zona Sul
8415188,BASE SAMU SUL CER III SANTO AMARO URAM MC1106,UNIDADE MOVEL DE NIVEL PRE-HOSPITALAR NA AREA DE URGENCIA,04444000,Usina Piratininga,Zona Sul
8415196,BASE SAMU SUL CER III SANTO AMARO URAM MC1123,UNIDADE MOVEL DE NIVEL PRE-HOSPITALAR NA AREA DE URGENCIA,04444000,Usina Piratininga,Zona Sul
2090147,BAXTER RCS CENTRO DE CUIDADO RENAL,CLINICA/CENTRO DE ESPECIALIDADE,02401300,Santana,Zona Norte
7134517,BIOFAST MEDICINA E SAUDE,UNIDADE DE APOIO DIAGNOSE E TERAPIA (SADT ISOLADO),05347020,Jaguaré,Zona Oeste
3684865,BIOFAST MEDICINA E SAUDE LTDA,UNIDADE DE APOIO DIAGNOSE E TERAPIA (SADT ISOLADO),05347020,Jaguaré,Zona Oeste
7526490,BIOFAST PLUS SANTANA,UNIDADE DE APOIO DIAGNOSE E TERAPIA (SADT ISOLADO),02034006,Santana,Zona Norte
7526512,BIOFAST PLUS SANTO AMARO,UNIDADE DE APOIO DIAGNOSE E TERAPIA (SADT ISOLADO),04733200,Santo Amaro,Zona Sul
0248665,BIOFAST PLUS TATUAPE,UNIDADE DE APOIO DIAGNOSE E TERAPIA (SADT ISOLADO),03310000,Vila Gomes Cardim,Zona Leste
0884413,BIOSCIENCE,UNIDADE DE APOIO DIAGNOSE E TERAPIA (SADT ISOLADO),03115020,Mooca,Zona Leste
9270132,CACAU 2,CLINICA/CENTRO DE ESPECIALIDADE,04025014,Vila Clementino,Zona Sul
2077418,CAISM PHILIPPE PINEL,HOSPITAL ESPECIALIZADO,02938000,Pirituba,Zona Norte
2070766,CAISM-DR DAVI CAPISTRANO - HOSP EST AGUA FUNDA,HOSPITAL ESPECIALIZADO,04301002,Saúde,Zona Sul
2068915,CAPS AD CRATOD C. REF TABACO ALCOOL OUT DROGAS,CLINICA/CENTRO DE ESPECIALIDADE,01121000,Bom Retiro,Centro
9688463,CAPS AD II CANGAIBA,CENTRO DE ATENCAO PSICOSSOCIAL,03714010,Vila Mesquita,Zona Leste
0466956,CAPS AD II CIDADE ADEMAR,CENTRO DE ATENCAO PSICOSSOCIAL,04462000,Jardim da Pedreira,Zona Sul
2786567,CAPS AD II ERMELINO MATARRAZO,CENTRO DE ATENCAO PSICOSSOCIAL,03805070,Parque Boturussu,Zona Leste
6416691,CAPS AD II GUAIANASES,CENTRO DE ATENCAO PSICOSSOCIAL,08410020,Vila Princesa Isabel,Zona Leste
2815427,CAPS AD II JABAQUARA,CENTRO DE ATENCAO PSICOSSOCIAL,04313160,Vila Guarani (Z Sul),Zona Sul
3314359,CAPS AD II JARDIM NELIA,CENTRO DE ATENCAO PSICOSSOCIAL,08120470,Itaim Paulista,Zona Leste
3313344,CAPS AD II MOOCA,CENTRO DE ATENCAO PSICOSSOCIAL,03163040,Belenzinho,Zona Leste
3010201,CAPS AD II PINHEIROS,CENTRO DE ATENCAO PSICOSSOCIAL,05429010,Pinheiros,Zona Oeste
6586147,CAPS AD II SACOMA,CENTRO DE ATENCAO PSICOSSOCIAL,04217000,Ipiranga,Zona Sul
2786559,CAPS AD II SANTO AMARO,CENTRO DE ATENCAO PSICOSSOCIAL,04709001,Santo Amaro,Zona Sul
6393411,CAPS AD II SAPOPEMBA,CENTRO DE ATENCAO PSICOSSOCIAL,03922120,Parque dos Bancários,Zona Leste
2091429,CAPS AD II VILA MADALENA PROSAM,CENTRO DE ATENCAO PSICOSSOCIAL,05438100,Sumarezinho,Zona Oeste
2042924,CAPS AD II VILA MARIANA,CENTRO DE ATENCAO PSICOSSOCIAL,04065004,Planalto Paulista,Zona Sul
2960281,CAPS AD III ARMENIA,CENTRO DE ATENCAO PSICOSSOCIAL,01109040,Luz,Centro
2960303,CAPS AD III BORACEA,CENTRO DE ATENCAO PSICOSSOCIAL,01135000,Barra Funda,Centro
9688455,CAPS AD III BUTANTA,CENTRO DE ATENCAO PSICOSSOCIAL,05615140,Vila Progredior,Zona Oeste
6148387,CAPS AD III CACHOEIRINHA,CENTRO DE ATENCAO PSICOSSOCIAL,02634070,Jardim Peri,Zona Norte
7497857,CAPS AD III CAMPO LIMPO,CENTRO DE ATENCAO PSICOSSOCIAL,05786080,Vila Pirajussara,Zona Oeste
5608678,CAPS AD III CAPELA DO SOCORRO,CENTRO DE ATENCAO PSICOSSOCIAL,04836500,Jardim Panorama (Zona Sul),Zona Sul
2786532,CAPS AD III CENTRO,CENTRO DE ATENCAO PSICOSSOCIAL,01020030,Sé,Centro
6964036,CAPS AD III COMPLEXO PRATES,CENTRO DE ATENCAO PSICOSSOCIAL,01009000,Centro,Centro
6668127,CAPS AD III FREGUESIA DO O BRASILANDIA,CENTRO DE ATENCAO PSICOSSOCIAL,02845050,Brasilândia,Zona Norte
9685111,CAPS AD III GRAJAU,CENTRO DE ATENCAO PSICOSSOCIAL,04852000,Jardim Shangrilá (Zona Sul),Zona Sul
6245838,CAPS AD III HELIOPOLIS,CENTRO DE ATENCAO PSICOSSOCIAL,04230040,Cidade Nova Heliópolis,Zona Sul
5878675,CAPS AD III ITAQUERA,CENTRO DE ATENCAO PSICOSSOCIAL,08295010,Itaquera,Zona Leste
2786540,CAPS AD III JARDIM ANGELA,CENTRO DE ATENCAO PSICOSSOCIAL,04923120,Riviera Paulista,Zona Sul
9684093,CAPS AD III JARDIM SAO LUIZ,CENTRO DE ATENCAO PSICOSSOCIAL,05841000,Vila das Belezas,Zona Oeste
9691553,CAPS AD III LEOPOLDINA,CENTRO DE ATENCAO PSICOSSOCIAL,05319000,Vila Hamburguesa,Zona Oeste
0953709,CAPS AD III PARAISOPOLIS,CENTRO DE ATENCAO PSICOSSOCIAL,05656020,Fazenda Morumbi,Zona Oeste
3304566,CAPS AD III PENHA,CENTRO DE ATENCAO PSICOSSOCIAL,03648020,Vila Esperança,Zona Leste
2766221,CAPS AD III PIRITUBA CASA AZUL,CENTRO DE ATENCAO PSICOSSOCIAL,05143000,Jardim Felicidade (Zona Oeste),Zona Oeste
6336302,CAPS AD III SANTANA,CENTRO DE ATENCAO PSICOSSOCIAL,02042000,Jardim São Paulo(Zona Norte),Zona Norte
3025012,CAPS AD III SAO MATEUS,CENTRO DE ATENCAO PSICOSSOCIAL,03961020,Cidade São Mateus,Zona Leste
7024231,CAPS AD III SAO MIGUEL,CENTRO DE ATENCAO PSICOSSOCIAL,08060040,Vila Jacuí,Zona Leste
9363165,CAPS AD IV REDENCAO,CENTRO DE ATENCAO PSICOSSOCIAL,01214100,Campos Elíseos,Centro
3384292,CAPS ADULTO II ARICANDUVA FORMOSA,CENTRO DE ATENCAO PSICOSSOCIAL,03355030,Vila Formosa,Zona Leste
2786516,CAPS ADULTO II BUTANTA,CENTRO DE ATENCAO PSICOSSOCIAL,05516050,Caxingui,Zona Oeste
6280161,CAPS ADULTO II CASA VERDE,CENTRO DE ATENCAO PSICOSSOCIAL,02517150,Jardim das Laranjeiras,Zona Norte
5731194,CAPS ADULTO II CIDADE ADEMAR,CENTRO DE ATENCAO PSICOSSOCIAL,04463030,Balneário Mar Paulista,Zona Sul
6879802,CAPS ADULTO II CIDADE TIRADENTES,CENTRO DE ATENCAO PSICOSSOCIAL,08490800,Jardim Pedra Branca,Zona Leste
2751992,CAPS ADULTO II ERMELINO MATARAZZO,CENTRO DE ATENCAO PSICOSSOCIAL,03802000,Parque Boturussu,Zona Leste
3003167,CAPS ADULTO II GUAIANASES ARTUR BISPO DO ROSARIO,CENTRO DE ATENCAO PSICOSSOCIAL,08410165,Vila Princesa Isabel,Zona Leste
5725437,CAPS ADULTO II ITAIM PAULISTA,CENTRO DE ATENCAO PSICOSSOCIAL,08030050,Vila Curuçá,Zona Leste
2067811,CAPS ADULTO II ITAQUERA,CENTRO DE ATENCAO PSICOSSOCIAL,08210170,Vila Carmosina,Zona Leste
3025438,CAPS ADULTO II JABAQUARA,CENTRO DE ATENCAO PSICOSSOCIAL,04316060,Vila Guarani (Z Sul),Zona Sul
2068133,CAPS ADULTO II JACANA DR LEONIDIO GALVAO DOS SANTOS,CENTRO DE ATENCAO PSICOSSOCIAL,02259001,Vila Constança,Zona Norte
2028816,CAPS ADULTO II JARDIM LIDIA,CENTRO DE ATENCAO PSICOSSOCIAL,05860070,Jardim Sandra,Zona Oeste
4049845,CAPS ADULTO II PERDIZES MANOEL MUNHOZ,CENTRO DE ATENCAO PSICOSSOCIAL,05004000,Perdizes,Zona Oeste
3041530,CAPS ADULTO II PERUS,CENTRO DE ATENCAO PSICOSSOCIAL,05204020,Vila Perus,Zona Oeste
2752018,CAPS ADULTO II SAO MIGUEL,CENTRO DE ATENCAO PSICOSSOCIAL,08070190,Parque Cruzeiro do Sul,Zona Leste
6924972,CAPS ADULTO II VILA MONUMENTO,CENTRO DE ATENCAO PSICOSSOCIAL,04261060,Vila Monumento,Zona Sul
2786524,CAPS ADULTO II VILA PRUDENTE,CENTRO DE ATENCAO PSICOSSOCIAL,03138030,Parque da Vila Prudente,Zona Leste
4887298,CAPS ADULTO III AGUA FUNDA,CENTRO DE ATENCAO PSICOSSOCIAL,04329100,Cursino,Zona Sul
7165072,CAPS ADULTO III CAPELA DO SOCORRO,CENTRO DE ATENCAO PSICOSSOCIAL,04810110,Cidade Dutra,Zona Sul
2786575,CAPS ADULTO III FREGUESIA DO O BRASILANDIA,CENTRO DE ATENCAO PSICOSSOCIAL,02831030,Vila Nina,Zona Norte
9664815,CAPS ADULTO III GRAJAU,CENTRO DE ATENCAO PSICOSSOCIAL,04852040,Jardim Shangrilá (Zona Sul),Zona Sul
2040808,CAPS ADULTO III ITAIM BIBI,CENTRO DE ATENCAO PSICOSSOCIAL,04538082,Itaim Bibi,Zona Sul
2952149,CAPS ADULTO III JARDIM SAO LUIZ,CENTRO DE ATENCAO PSICOSSOCIAL,05846050,Vila Maracanã,Zona Oeste
4050290,CAPS ADULTO III LAPA,CENTRO DE ATENCAO PSICOSSOCIAL,05078000,Lapa,Zona Oeste
4049829,CAPS ADULTO III LARGO 13,CENTRO DE ATENCAO PSICOSSOCIAL,04757120,Jardim Dom Bosco,Zona Sul
3906388,CAPS ADULTO III M BOI MIRIM,CENTRO DE ATENCAO PSICOSSOCIAL,04925070,Jardim Riviera,Zona Sul
2070804,CAPS ADULTO III MANDAQUI,CENTRO DE ATENCAO PSICOSSOCIAL,02406040,Santana,Zona Norte
0466573,CAPS ADULTO III MOOCA,CENTRO DE ATENCAO PSICOSSOCIAL,03058000,Belenzinho,Zona Leste
6879799,CAPS ADULTO III PARAISOPOLIS,CENTRO DE ATENCAO PSICOSSOCIAL,05656010,Fazenda Morumbi,Zona Oeste
6066585,CAPS ADULTO III PARELHEIROS,CENTRO DE ATENCAO PSICOSSOCIAL,04890630,Jardim Novo Parelheiros,Zona Sul
2786508,CAPS ADULTO III PIRITUBA JARAGUA,CENTRO DE ATENCAO PSICOSSOCIAL,02938000,Pirituba,Zona Norte
2069148,CAPS ADULTO III SAO MATEUS,CENTRO DE ATENCAO PSICOSSOCIAL,03961020,Cidade São Mateus,Zona Leste
2815435,CAPS ADULTO III SAPOPEMBA,CENTRO DE ATENCAO PSICOSSOCIAL,03976020,Jardim Sapopemba,Zona Leste
7111568,CAPS ADULTO III SE,CENTRO DE ATENCAO PSICOSSOCIAL,01308030,Bela Vista,Centro
2029626,CAPS ADULTO III VILA MATILDE,CENTRO DE ATENCAO PSICOSSOCIAL,03646000,Vila Esperança,Zona Leste
2068923,CAPS ADULTO ITAPEVA LUIZ ROCHA CERQUEIRA,CENTRO DE ATENCAO PSICOSSOCIAL,01332000,Bela Vista,Centro
4120558,CAPS INFANTO JUVENIL III PIRITUBA JARAGUA,CENTRO DE ATENCAO PSICOSSOCIAL,05181300,Jaraguá,Zona Oeste
9113088,CAPS INFANTOJUVENIL II BUTANTA,CENTRO DE ATENCAO PSICOSSOCIAL,05360170,Vila Butantã,Zona Oeste
7497865,CAPS INFANTOJUVENIL II CAMPO LIMPO,CENTRO DE ATENCAO PSICOSSOCIAL,05788280,Jardim Bom Refúgio,Zona Oeste
6657184,CAPS INFANTOJUVENIL II CAPELA SOCORRO PIRACAO,CENTRO DE ATENCAO PSICOSSOCIAL,04857300,Jardim Novo Horizonte,Zona Sul
6700268,CAPS INFANTOJUVENIL II CASA VERDE NISE DA SILVEIRA,CENTRO DE ATENCAO PSICOSSOCIAL,02617080,Vila Bela Vista (Zona Norte),Zona Norte
6646581,CAPS INFANTOJUVENIL II CIDADE ADEMAR,CENTRO DE ATENCAO PSICOSSOCIAL,04463080,Balneário Mar Paulista,Zona Sul
6954189,CAPS INFANTOJUVENIL II CIDADE LIDER,CENTRO DE ATENCAO PSICOSSOCIAL,08275610,Jardim das Carmelitas,Zona Leste
0277665,CAPS INFANTOJUVENIL II CIDADE TIRADENTES,CENTRO DE ATENCAO PSICOSSOCIAL,08490600,Chácara Santa Etelvina,Zona Leste
9678956,CAPS INFANTOJUVENIL II ERMELINO MATARAZZO,CENTRO DE ATENCAO PSICOSSOCIAL,03811060,Jardim Matarazzo,Zona Leste
6330843,CAPS INFANTOJUVENIL II FREGUESIA BRASILANDIA,CENTRO DE ATENCAO PSICOSSOCIAL,02960020,Moinho Velho,Zona Norte
6954197,CAPS INFANTOJUVENIL II GUAIANASES COLORIDAMENTE,CENTRO DE ATENCAO PSICOSSOCIAL,08410070,Vila Princesa Isabel,Zona Leste
3108368,CAPS INFANTOJUVENIL II IPIRANGA,CENTRO DE ATENCAO PSICOSSOCIAL,04261050,Vila Monumento,Zona Sul
7128924,CAPS INFANTOJUVENIL II ITAIM PAULISTA,CENTRO DE ATENCAO PSICOSSOCIAL,08110310,Vila Silva Teles,Zona Leste
4050304,CAPS INFANTOJUVENIL II ITAQUERA,CENTRO DE ATENCAO PSICOSSOCIAL,08255020,Conjunto Residencial José Bonifácio,Zona Leste
2815443,CAPS INFANTOJUVENIL II JABAQUARA CASINHA,CENTRO DE ATENCAO PSICOSSOCIAL,04319020,Cidade Vargas,Zona Sul
8431760,CAPS INFANTOJUVENIL II JARDIM HELENA,CENTRO DE ATENCAO PSICOSSOCIAL,08190450,Vila Itaim,Zona Leste
2027003,CAPS INFANTOJUVENIL II LAPA,CENTRO DE ATENCAO PSICOSSOCIAL,05301060,Parque da Lapa,Zona Oeste
6970532,CAPS INFANTOJUVENIL II M BOI MIRIM,CENTRO DE ATENCAO PSICOSSOCIAL,04923030,Riviera Paulista,Zona Sul
2042916,CAPS INFANTOJUVENIL II MOOCA,CENTRO DE ATENCAO PSICOSSOCIAL,03166000,Mooca,Zona Leste
6683983,CAPS INFANTOJUVENIL II PARELHEIROS AQUARELA,CENTRO DE ATENCAO PSICOSSOCIAL,04890050,Jardim Roschel,Zona Sul
6931979,CAPS INFANTOJUVENIL II PERUS,CENTRO DE ATENCAO PSICOSSOCIAL,05202070,Perus,Zona Oeste
4049837,CAPS INFANTOJUVENIL II SANTO AMARO,CENTRO DE ATENCAO PSICOSSOCIAL,04744040,Santo Amaro,Zona Sul
2069059,CAPS INFANTOJUVENIL II SAO MATEUS,CENTRO DE ATENCAO PSICOSSOCIAL,03962120,Cidade São Mateus,Zona Leste
6759971,CAPS INFANTOJUVENIL II SAPOPEMBA,CENTRO DE ATENCAO PSICOSSOCIAL,03978070,Vila Cardoso Franco,Zona Leste
3763072,CAPS INFANTOJUVENIL II VILA MARIANA QUIXOTE,CENTRO DE ATENCAO PSICOSSOCIAL,04112080,Vila Mariana,Zona Sul
2029596,CAPS INFANTOJUVENIL II VILA PRUDENTE,CENTRO DE ATENCAO PSICOSSOCIAL,03143000,Vila Zelina,Zona Leste
9788417,CAPS INFANTOJUVENIL III ARICANDUVA,CENTRO DE ATENCAO PSICOSSOCIAL,03429000,Vila Carrão,Zona Leste
9664831,CAPS INFANTOJUVENIL III CIDADE DUTRA,CENTRO DE ATENCAO PSICOSSOCIAL,04826130,Jardim Represa,Zona Sul
9188150,CAPS INFANTOJUVENIL III HELIOPOLIS,CENTRO DE ATENCAO PSICOSSOCIAL,04230040,Cidade Nova Heliópolis,Zona Sul
2952157,CAPS INFANTOJUVENIL III JARDIM SAO LUIZ,CENTRO DE ATENCAO PSICOSSOCIAL,05846330,Jardim Casablanca,Zona Oeste
6387640,CAPS INFANTOJUVENIL III PENHA,CENTRO DE ATENCAO PSICOSSOCIAL,03647000,Vila Esperança,Zona Leste
2027658,CAPS INFANTOJUVENIL III SANTANA,CENTRO DE ATENCAO PSICOSSOCIAL,02313001,Vila Mazzei,Zona Norte
5695791,CAPS INFANTOJUVENIL III SAO MIGUEL,CENTRO DE ATENCAO PSICOSSOCIAL,08011350,São Miguel Paulista,Zona Leste
6127967,CAPS INFANTOJUVENIL III SE AMORZEIRA,CENTRO DE ATENCAO PSICOSSOCIAL,01530060,Aclimação,Centro
6626327,CAPS INFANTOJUVENIL III VILA MARIA VILA GUILHERME,CENTRO DE ATENCAO PSICOSSOCIAL,02125030,Vila Maria Alta,Zona Norte
6356184,CASA ANGELA,CENTRO DE PARTO NORMAL - ISOLADO,05801060,Jardim Mirante,Zona Oeste
2076985,CASA DA CRIANCA BETINHO,HOSPITAL GERAL,03433020,Vila Fernandes,Zona Leste
3314618,CASA DE ISABEL,CLINICA/CENTRO DE ESPECIALIDADE,08120420,Itaim Paulista,Zona Leste
3739503,CASA DO PARTO DE SAPOPEMBA,CENTRO DE PARTO NORMAL - ISOLADO,04379030,Vila Santa Catarina,Zona Sul
3008681,CASA SER MARIA A LARA BARCELOS,CLINICA/CENTRO DE ESPECIALIDADE,08490110,Conjunto Residencial Prestes Maia,Zona Leste
9611339,CCC - CENTRO DE COMBATE AO CANCER,CLINICA/CENTRO DE ESPECIALIDADE,04102900,Vila Mariana,Zona Sul
4510682,CCI LESTE PADRE ANTONIO LUIZ MARCHIONI PADRE TICAO,POLICLINICA,03811000,Jardim Belém,Zona Leste
7352123,CDB CENTRO DE DIAGNOSTICOS BRASIL,UNIDADE DE APOIO DIAGNOSE E TERAPIA (SADT ISOLADO),02042000,Jardim São Paulo(Zona Norte),Zona Norte
3273997,CECCO CAMPO LIMPO,CLINICA/CENTRO DE ESPECIALIDADE,05789000,Pirajussara,Zona Oeste
2027534,CECCO EDUARDO LEITE BACURI,CLINICA/CENTRO DE ESPECIALIDADE,05016110,Perdizes,Zona Oeste
2027542,CECCO ERMELINO MATARAZZO,CLINICA/CENTRO DE ESPECIALIDADE,03807230,Vila Paranaguá,Zona Leste
2027232,CECCO FREGUESIA DO O,CLINICA/CENTRO DE ESPECIALIDADE,02811020,Jardim Monte Alegre (Zona Norte),Zona Norte
2786605,CECCO GUARAPIRANGA,CLINICA/CENTRO DE ESPECIALIDADE,04904025,Jardim Tupã,Zona Sul
2027453,CECCO INTERLAGOS,CLINICA/CENTRO DE ESPECIALIDADE,04805000,Parque Atlântico,Zona Sul
9727485,CECCO IPIRANGA HELIOPOLIS,CLINICA/CENTRO DE ESPECIALIDADE,04230040,Cidade Nova Heliópolis,Zona Sul
3548724,CECCO JACANA/TREMEMBE,CLINICA/CENTRO DE ESPECIALIDADE,02273010,Jaçanã,Zona Norte
7534876,CECCO JARAGUA,CLINICA/CENTRO DE ESPECIALIDADE,02998020,Jaraguá,Zona Norte
3004775,CECCO MOOCA,CLINICA/CENTRO DE ESPECIALIDADE,03166000,Mooca,Zona Leste
2027445,CECCO PADRE MANOEL DA NOBREGA,CLINICA/CENTRO DE ESPECIALIDADE,03590170,Conjunto Habitacional Padre Manoel da Nóbrega,Zona Leste
2027437,CECCO PARQUE ECOLOGICO CHICO MENDES,CLINICA/CENTRO DE ESPECIALIDADE,08032010,Vila Curuçá,Zona Leste
2027402,CECCO PARQUE IBIRAPUERA,CLINICA/CENTRO DE ESPECIALIDADE,04030000,Jardim Luzitânia,Zona Sul
3010961,CECCO PARQUE RAUL SEIXAS,CLINICA/CENTRO DE ESPECIALIDADE,08253580,Conjunto Residencial José Bonifácio,Zona Leste
3934535,CECCO PERUS,CLINICA/CENTRO DE ESPECIALIDADE,05201050,Vila Fanton,Zona Oeste
7884419,CECCO PIRITUBA,CLINICA/CENTRO DE ESPECIALIDADE,05142120,Chácara Inglesa,Zona Oeste
2027410,CECCO PREVIDENCIA,CLINICA/CENTRO DE ESPECIALIDADE,05532030,Instituto de Previdência,Zona Oeste
2027283,CECCO SANTO AMARO,CLINICA/CENTRO DE ESPECIALIDADE,04753060,Santo Amaro,Zona Sul
2027267,CECCO SANTO DIAS,CLINICA/CENTRO DE ESPECIALIDADE,05868580,Conjunto Habitacional Instituto Adventista,Zona Oeste
2027518,CECCO SAO DOMINGOS,CLINICA/CENTRO DE ESPECIALIDADE,05124050,Parque São Domingos,Zona Oeste
2786613,CECCO VILA GUARANI,CLINICA/CENTRO DE ESPECIALIDADE,04320000,Cidade Vargas,Zona Sul
5924316,CECCO VILA MARIA VILA GUILHERME TROTE,CLINICA/CENTRO DE ESPECIALIDADE,02056070,Vila Guilherme,Zona Norte
2786591,CECCO VILA PRUDENTE,CLINICA/CENTRO DE ESPECIALIDADE,03227000,Jardim Avelino,Zona Leste
2094258,CEDIMEN,UNIDADE DE APOIO DIAGNOSE E TERAPIA (SADT ISOLADO),04013020,Vila Mariana,Zona Sul
2091372,CENENORTE-CLINICA NEFROLOGICA,CLINICA/CENTRO DE ESPECIALIDADE,02242001,Parada Inglesa,Zona Norte
3003159,CENTRAL DE REGULACAO MUNICIPAL SP,CENTRAL DE REGULACAO DO ACESSO,01509020,Liberdade,Centro
2028182,CENTRO ASSISTENCIAL CRUZ DE MALTA,POLICLINICA,04358090,Parque Jabaquara,Zona Sul
0454214,CENTRO DE ARMAZENAMENTO E DISTRIBUICAO DE IMUNOBIOLOGICOS,CENTRAL DE ABASTECIMENTO,01201020,Campos Elíseos,Centro
9050558,CENTRO DE CONTROLE DE INTOXICACOES - CCI,CLINICA/CENTRO DE ESPECIALIDADE,01509020,Liberdade,Centro
2042738,CENTRO DE CONTROLE DE ZOONOSES SANTANA,UNIDADE DE VIGILANCIA EM SAUDE,02031020,Santana,Zona Norte
4042077,CENTRO DE CUIDADO ODONTOLOGICO,CLINICA/CENTRO DE ESPECIALIDADE,01129000,Bom Retiro,Centro
4693086,CENTRO DE CUIDADOS ODONTOLOGICOS - CCO NORTE,CLINICA/CENTRO DE ESPECIALIDADE,02335001,Água Fria,Zona Norte
2069024,CENTRO DE DERMATATOLOGIA SANITARIA - SES,CLINICA/CENTRO DE ESPECIALIDADE,01518020,Cambuci,Centro
4508505,CENTRO DE EXAMES DA MULHER,POLICLINICA,08220585,Jardim Liderança,Zona Leste
5301971,CENTRO DE EXAMES DA MULHER CAPELA DO SOCORRO,POLICLINICA,04760000,Vila Socorro,Zona Sul
2091690,CENTRO DE REABILITACAO UMARIZAL,CLINICA/CENTRO DE ESPECIALIDADE,05756350,Jardim Umarizal,Zona Oeste
3444538,CENTRO DE REF DO IDOSO-ZONA NORTE,CLINICA/CENTRO DE ESPECIALIDADE,02405001,Santana,Zona Norte
2078287,CENTRO DE REFERENCIA DA SAUDE DA MULHER,HOSPITAL ESPECIALIZADO,01206001,Campos Elíseos,Centro
2077957,CENTRO DE REFERENCIA E TREINAMENTO ISTAIDS SAO PAULO,HOSPITAL ESPECIALIZADO,04121000,Vila Mariana,Zona Sul
6335586,CENTRO EST DE ANALISES CLINICAS DA ZONA LESTE CEAC SP,UNIDADE DE APOIO DIAGNOSE E TERAPIA (SADT ISOLADO),03021040,Catumbi,Zona Leste
3996344,CENTRO EST DE ANALISES CLINICAS DA ZONA NORTE SAO PAULO,UNIDADE DE APOIO DIAGNOSE E TERAPIA (SADT ISOLADO),02401000,Santana,Zona Norte
3001466,CENTRO HOSPITALAR DO SISTEMA PENITENCIARIO,HOSPITAL GERAL,02028000,Carandiru,Zona Norte
3893723,CENTRO MEDICO - HOSPITAL NIPO-BRASILEIRO,CLINICA/CENTRO DE ESPECIALIDADE,01508030,Liberdade,Centro
3464555,CENTRO MEDICO PMESP,HOSPITAL GERAL,02341001,Tucuruvi,Zona Norte
2963728,CENTRO ODONTOLOGICO INFANTOJUVENIL HELIOPOLIS,CLINICA/CENTRO DE ESPECIALIDADE,04230040,Cidade Nova Heliópolis,Zona Sul
6122205,CENTRO SOCIAL NOSSA SENHORA DA PENHA CENHA,CLINICA/CENTRO DE ESPECIALIDADE,03077020,Tatuapé,Zona Leste
3257797,CEO I LAPA,CLINICA/CENTRO DE ESPECIALIDADE,01246904,Pacaembu,Centro
9026525,CEO I VILA MARIANA,CLINICA/CENTRO DE ESPECIALIDADE,04120030,Vila Mariana,Zona Sul
9010211,CEO II BUTANTA,CLINICA/CENTRO DE ESPECIALIDADE,05535100,Jardim Peri Peri,Zona Oeste
7975457,CEO II CAMPO LIMPO,CLINICA/CENTRO DE ESPECIALIDADE,05774300,Parque Regina,Zona Oeste
4072928,CEO II CAPAO REDONDO,CLINICA/CENTRO DE ESPECIALIDADE,05866000,Capão Redondo,Zona Oeste
7975465,CEO II CAPELA DO SOCORRO,CLINICA/CENTRO DE ESPECIALIDADE,04840230,Conjunto Habitacional Brigadeiro Faria Lima,Zona Sul
9010238,CEO II CASA VERDE,CLINICA/CENTRO DE ESPECIALIDADE,02518020,Jardim das Laranjeiras,Zona Norte
7975430,CEO II CIDADE TIRADENTES,CLINICA/CENTRO DE ESPECIALIDADE,08471100,Cidade Tiradentes,Zona Leste
7979363,CEO II ERMELINO MATARAZZO,CLINICA/CENTRO DE ESPECIALIDADE,03807380,Vila Paranaguá,Zona Leste
9014721,CEO II FREGUESIA DO O/BRASILANDIA,CLINICA/CENTRO DE ESPECIALIDADE,02842260,Jardim do Tiro,Zona Norte
7975449,CEO II GUAIANASES,CLINICA/CENTRO DE ESPECIALIDADE,08411470,Jardim São Carlos (Zona Leste),Zona Leste
7987846,CEO II IPIRANGA,CLINICA/CENTRO DE ESPECIALIDADE,04211000,Ipiranga,Zona Sul
7975414,CEO II ITAQUERA,CLINICA/CENTRO DE ESPECIALIDADE,08255130,Conjunto Residencial José Bonifácio,Zona Leste
9026517,CEO II JABAQUARA,CLINICA/CENTRO DE ESPECIALIDADE,04308001,Jabaquara,Zona Sul
2786621,CEO II LRPD HUMBERTO NASTARI,CLINICA/CENTRO DE ESPECIALIDADE,04462000,Jardim da Pedreira,Zona Sul
9008438,CEO II M BOI MIRIM,CLINICA/CENTRO DE ESPECIALIDADE,05850230,Parque Santo Antônio,Zona Oeste
3382613,CEO II PENHA DR WILSON FERREIRA DO VALE,CLINICA/CENTRO DE ESPECIALIDADE,03510040,Vila Matilde,Zona Leste
7999100,CEO II PIRITUBA,CLINICA/CENTRO DE ESPECIALIDADE,05158400,Jardim Jaraguá (São Domingos),Zona Oeste
7988176,CEO II SANTANA,CLINICA/CENTRO DE ESPECIALIDADE,02331002,Tucuruvi,Zona Norte
7979355,CEO II SAO MATEUS,CLINICA/CENTRO DE ESPECIALIDADE,03947030,Jardim Nove de Julho,Zona Leste
9021701,CEO II SAPOPEMBA,CLINICA/CENTRO DE ESPECIALIDADE,03976020,Jardim Sapopemba,Zona Leste
9144161,CEO II VERA CRUZ M BOI MIRIM,CLINICA/CENTRO DE ESPECIALIDADE,04965140,Jardim Vera Cruz(Zona Sul),Zona Sul
7988141,CEO II VILA BERTIOGA,CLINICA/CENTRO DE ESPECIALIDADE,03192060,Vila Oratório,Zona Leste
9021752,CEO II VILA CARRAO,CLINICA/CENTRO DE ESPECIALIDADE,03447000,Vila Carrão,Zona Leste
9282394,CEO II VILA MARIA VILA GUILHERME,CLINICA/CENTRO DE ESPECIALIDADE,02203010,Vila Ede,Zona Norte
7382413,CEO III ALTO DA BOA VISTA,CLINICA/CENTRO DE ESPECIALIDADE,04737000,Santo Amaro,Zona Sul
6559824,CEO III FOUSP,CLINICA/CENTRO DE ESPECIALIDADE,05508900,Butantã,Zona Oeste
5012600,CEO III PARELHEIROS YVETTE RANZANI VIEGAS,CLINICA/CENTRO DE ESPECIALIDADE,04890300,Jardim Santa Fé (Zona Sul),Zona Sul
2072270,CEO III PROF ALFREDO REIS VIEGAS,CLINICA/CENTRO DE ESPECIALIDADE,01321010,Bela Vista,Centro
7975473,CEO III SAO MIGUEL,CLINICA/CENTRO DE ESPECIALIDADE,08010150,Vila Doutor Eiras,Zona Leste
5380197,CEO III VISCONDE DE ITAUNA,CLINICA/CENTRO DE ESPECIALIDADE,04207001,Ipiranga,Zona Sul
7979371,CEO ITAIM PAULISTA,CLINICA/CENTRO DE ESPECIALIDADE,08110460,Jardim Aimoré,Zona Leste
7954913,CER II BUTANTA,CLINICA/CENTRO DE ESPECIALIDADE,05535100,Jardim Peri Peri,Zona Oeste
5468094,CER II CIDADE TIRADENTES,CLINICA/CENTRO DE ESPECIALIDADE,08471100,Cidade Tiradentes,Zona Leste
6930980,CER II FREGUESIA DO O / BRASILANDIA,CLINICA/CENTRO DE ESPECIALIDADE,02910015,Freguesia do Ó,Zona Norte
4934741,CER II GIRASSOL,CLINICA/CENTRO DE ESPECIALIDADE,05788230,Jardim Bom Refúgio,Zona Oeste
7739834,CER II GUAIANASES,CLINICA/CENTRO DE ESPECIALIDADE,08465000,Conjunto Habitacional Juscelino Kubitschek,Zona Leste
9698892,CER II JACANA,CLINICA/CENTRO DE ESPECIALIDADE,02258220,Vila Constança,Zona Norte
7403496,CER II JARDIM CAMARGO NOVO,CLINICA/CENTRO DE ESPECIALIDADE,08121270,Jardim Camargo Novo,Zona Leste
7389760,CER II JARDIM CAMPOS,CLINICA/CENTRO DE ESPECIALIDADE,08152040,Jardim Bartira,Zona Leste
9831061,CER II JARDIM SOARES,CLINICA/CENTRO DE ESPECIALIDADE,08465000,Conjunto Habitacional Juscelino Kubitschek,Zona Leste
6642470,CER II PARELHEIROS,CLINICA/CENTRO DE ESPECIALIDADE,04864050,Balneário São José,Zona Sul
9844597,CER II PARQUE ARTHUR ALVIM,CLINICA/CENTRO DE ESPECIALIDADE,03566010,Vila Santa Teresa (Zona Leste),Zona Leste
4103947,CER II PERUS,CLINICA/CENTRO DE ESPECIALIDADE,05201070,Vila Fanton,Zona Oeste
2027607,CER II TATUAPE DR SALOMAO CROCHIK,CLINICA/CENTRO DE ESPECIALIDADE,03304065,Cidade Mãe do Céu,Zona Leste
7798903,CER II TUCURUVI,CLINICA/CENTRO DE ESPECIALIDADE,02029000,Carandiru,Zona Norte
7736878,CER II VILA MARIANA,CLINICA/CENTRO DE ESPECIALIDADE,04065004,Planalto Paulista,Zona Sul
9831045,CER II VILA NOSSA SENHORA APARECIDA,CLINICA/CENTRO DE ESPECIALIDADE,08215260,Itaquera,Zona Leste
7641982,CER II VILA PRUDENTE,CLINICA/CENTRO DE ESPECIALIDADE,03132050,Vila Prudente,Zona Leste
9335560,CER III CAMPO LIMPO,CLINICA/CENTRO DE ESPECIALIDADE,05797000,Jardim Ipê,Zona Oeste
7766904,CER III CARANDIRU,CLINICA/CENTRO DE ESPECIALIDADE,02067020,Carandiru,Zona Norte
7706332,CER III CIDADE ADEMAR,CLINICA/CENTRO DE ESPECIALIDADE,04463010,Balneário Mar Paulista,Zona Sul
9831037,CER III ERMELINO MATARAZZO,CLINICA/CENTRO DE ESPECIALIDADE,03807080,Vila Paranaguá,Zona Leste
4215818,CER III INTERLAGOS,CLINICA/CENTRO DE ESPECIALIDADE,04776003,Socorro,Zona Sul
7646410,CER III LAPA,CLINICA/CENTRO DE ESPECIALIDADE,05049000,Vila Romana,Zona Oeste
4223063,CER III MOEMA,CLINICA/CENTRO DE ESPECIALIDADE,04086011,Indianópolis,Zona Sul
7641974,CER III PENHA,CLINICA/CENTRO DE ESPECIALIDADE,03632010,Penha de França,Zona Leste
4076133,CER III PIRITUBA LIBERATO RAGONHA,CLINICA/CENTRO DE ESPECIALIDADE,05124050,Parque São Domingos,Zona Oeste
6516998,CER III SANTO AMARO,CLINICA/CENTRO DE ESPECIALIDADE,04444000,Usina Piratininga,Zona Sul
7393822,CER III SAO MATEUS,CLINICA/CENTRO DE ESPECIALIDADE,03937090,Jardim Imperador (Zona Leste),Zona Leste
7641990,CER III SAPOPEMBA,CLINICA/CENTRO DE ESPECIALIDADE,03988000,Jardim Planalto,Zona Leste
7407610,CER III SE,CLINICA/CENTRO DE ESPECIALIDADE,01020030,Sé,Centro
7642008,CER IV FLAVIO GIANNOTTI,CLINICA/CENTRO DE ESPECIALIDADE,04211000,Ipiranga,Zona Sul
6657141,CER IV M BOI MIRIM,CLINICA/CENTRO DE ESPECIALIDADE,04920000,Jardim Herculano,Zona Sul
9844589,CER IV MILTON ALDRED,CLINICA/CENTRO DE ESPECIALIDADE,04840230,Conjunto Habitacional Brigadeiro Faria Lima,Zona Sul
7642016,CER IV SAO MIGUEL,CLINICA/CENTRO DE ESPECIALIDADE,08010130,Vila Americana,Zona Leste
3389790,CEREST-CENT.REF EST SAUDE DO TRABALHADOR-SES,CLINICA/CENTRO DE ESPECIALIDADE,01246000,Pacaembu,Centro
5882745,CID MOOCA,CLINICA/CENTRO DE ESPECIALIDADE,03114000,Mooca,Zona Leste
6233422,CLINICA DE NEFROLOGIA RENALCLASS,CLINICA/CENTRO DE ESPECIALIDADE,01239040,Higienópolis,Centro
5263719,CLINICA ESPEC ALLERGY,CLINICA/CENTRO DE ESPECIALIDADE,03321000,Vila Gomes Cardim,Zona Leste
3044742,CLINICA FIDI,UNIDADE DE APOIO DIAGNOSE E TERAPIA (SADT ISOLADO),04739010,Santo Amaro,Zona Sul
3399222,CLINICA HCM HIGEIA,CLINICA/CENTRO DE ESPECIALIDADE,01321001,Bela Vista,Centro
2073471,CLINICA LESTE,CLINICA/CENTRO DE ESPECIALIDADE,08210590,Itaquera,Zona Leste
6228194,CLINICA NEFROLOGICA DO ITAIM PAULISTA,CLINICA/CENTRO DE ESPECIALIDADE,08115100,Itaim Paulista,Zona Leste
7499078,CLINICA NEFROLOGICA SANTA CATARINA,CLINICA/CENTRO DE ESPECIALIDADE,03958000,Cidade São Mateus,Zona Leste
2048094,CLINICA NEFROLOGICA SAO MIGUEL,CLINICA/CENTRO DE ESPECIALIDADE,08011710,Jardim Alto Pedroso,Zona Leste
5375711,CLINICA ODONTO ADYR A.GURGEL (MUN_MAIO/07),CLINICA/CENTRO DE ESPECIALIDADE,04120030,Vila Mariana,Zona Sul
9547231,CLINICA ZDI,UNIDADE DE APOIO DIAGNOSE E TERAPIA (SADT ISOLADO),03303000,Quarta Parada,Zona Leste
2091569,CNTT CLINICA NEFROLOGICA,CLINICA/CENTRO DE ESPECIALIDADE,03065010,Tatuapé,Zona Leste
2088932,COLSAN - SAO PAULO,UNIDADE DE APOIO DIAGNOSE E TERAPIA (SADT ISOLADO),04080006,Indianópolis,Zona Sul
2765985,COMPLEXO REGULADOR MUN SAO PAULO,CENTRAL DE REGULACAO DO ACESSO,01509020,Liberdade,Centro
0847275,CONSULTORIO CIES PIRITUBA,UNIDADE MOVEL TERRESTRE,02919100,Vila Pereira Barreto,Zona Norte
3141446,COORDENADORIA DE VIGILANCIA EM SAUDE - COVISA,UNIDADE DE VIGILANCIA EM SAUDE,01508020,Liberdade,Centro
3446875,COORDENADORIA REGIONAL DE SAUDE LESTE,CENTRAL DE GESTAO EM SAUDE,08041000,Jardim São Sebastião,Zona Leste
3446840,COORDENADORIA REGIONAL DE SAUDE NORTE,CENTRAL DE GESTAO EM SAUDE,02012040,Santana,Zona Norte
3446905,COORDENADORIA REGIONAL DE SAUDE OESTE,CENTRAL DE GESTAO EM SAUDE,05415030,Pinheiros,Zona Oeste
3446913,COORDENADORIA REGIONAL DE SAUDE SUDESTE,CENTRAL DE GESTAO EM SAUDE,04266000,Ipiranga,Zona Sul
3446867,COORDENADORIA REGIONAL DE SAUDE SUL,CENTRAL DE GESTAO EM SAUDE,05804900,Jardim São Luís,Zona Oeste
4042093,CR DOR CRONICA BOM RETIRO,CLINICA/CENTRO DE ESPECIALIDADE,01129000,Bom Retiro,Centro
2979497,CR DOR CRONICA LESTE,CLINICA/CENTRO DE ESPECIALIDADE,08010130,Vila Americana,Zona Leste
4145925,CR DOR CRONICA OESTE,CLINICA/CENTRO DE ESPECIALIDADE,05319000,Vila Hamburguesa,Zona Oeste
5992842,CR DOR CRONICA PARQUE MARIA HELENA,CLINICA/CENTRO DE ESPECIALIDADE,05854090,Parque Maria Helena,Zona Oeste
4076125,CR DOR CRONICA PIRITUBA,CLINICA/CENTRO DE ESPECIALIDADE,05124050,Parque São Domingos,Zona Oeste
0481300,CR DOR CRONICA VILA MARIANA,CLINICA/CENTRO DE ESPECIALIDADE,04121050,Vila Mariana,Zona Sul
2786796,CR PICS BOSQUE DA SAUDE,CLINICA/CENTRO DE ESPECIALIDADE,04121100,Vila Mariana,Zona Sul
9113118,CR PICS CIDADE TIRADENTES,CLINICA/CENTRO DE ESPECIALIDADE,08471710,Cidade Tiradentes,Zona Leste
9089772,CR PICS ERMELINO MATARAZZO - PRIMAVERA,CLINICA/CENTRO DE ESPECIALIDADE,03808170,Vila Paranaguá,Zona Leste
5841666,CR PICS GUAIANASES,CLINICA/CENTRO DE ESPECIALIDADE,08451050,Vila Iolanda(Lajeado),Zona Leste
3826872,CR PICS SAO MATEUS - PROF JOSE FELICIANO DO NASCIMENTO,CLINICA/CENTRO DE ESPECIALIDADE,03960050,Cidade São Mateus,Zona Leste
3475182,CR PICS SE,CLINICA/CENTRO DE ESPECIALIDADE,01020030,Sé,Centro
4042115,CR POP TRANSEXUAIS E TRAVESTIS JANAINA LIMA,CLINICA/CENTRO DE ESPECIALIDADE,01129000,Bom Retiro,Centro
2786664,CR ST ANDRE GRABOIS,CLINICA/CENTRO DE ESPECIALIDADE,01020030,Sé,Centro
2786672,CR ST FREGUESIA DO O,CLINICA/CENTRO DE ESPECIALIDADE,02731060,Vila Albertina,Zona Norte
2046377,CR ST LAPA,CLINICA/CENTRO DE ESPECIALIDADE,05024000,Vila Pompéia,Zona Oeste
6357091,CR ST LESTE,CLINICA/CENTRO DE ESPECIALIDADE,08210180,Itaquera,Zona Leste
2752034,CR ST SANTO AMARO,CLINICA/CENTRO DE ESPECIALIDADE,04733100,Santo Amaro,Zona Sul
2086794,CR ST SUDESTE MOOCA,CLINICA/CENTRO DE ESPECIALIDADE,03166030,Mooca,Zona Leste
5301238,CREN VILA JACUI PADRE TICAO,CLINICA/CENTRO DE ESPECIALIDADE,03813310,Jardim Matarazzo,Zona Leste
5141923,CREN VILA MARIANA,CLINICA/CENTRO DE ESPECIALIDADE,04049010,Mirandópolis,Zona Sul
0274518,CROOKES SERVICOS MEDICOS,CLINICA/CENTRO DE ESPECIALIDADE,04521022,Moema,Zona Sul
3913007,CS ESCOLA BARRA FUNDA ALEXANDRE VRANJAC,CENTRO DE SAUDE/UNIDADE BASICA,01133020,Bom Retiro,Centro
2091321,CS ESCOLA GERALDO DE PAULA SOUZA,CENTRO DE SAUDE/UNIDADE BASICA,01255000,Sumaré,Centro
2091348,CS ESCOLA SAMUEL B PESSOA,CENTRO DE SAUDE/UNIDADE BASICA,05503000,Butantã,Zona Oeste
2068966,CS SES PINHEIROS-VICTOR A H MELLO,CLINICA/CENTRO DE ESPECIALIDADE,05428002,Pinheiros,Zona Oeste
3009769,CTA IST AIDS CIDADE TIRADENTES,CLINICA/CENTRO DE ESPECIALIDADE,08474120,Conjunto Habitacional Castro Alves,Zona Leste
3024652,CTA IST AIDS DR SERGIO AROUCA,CLINICA/CENTRO DE ESPECIALIDADE,08120420,Itaim Paulista,Zona Leste
7047568,CTA IST AIDS GUAIANASES,CLINICA/CENTRO DE ESPECIALIDADE,08412000,Guaianazes,Zona Leste
2752042,CTA IST AIDS HENFIL HENRIQUE DE SOUZA FILHO,CLINICA/CENTRO DE ESPECIALIDADE,01013020,Centro,Centro
0932507,CTA IST AIDS ITINERANTE DA CIDADE DE SAO PAULO,UNIDADE MOVEL TERRESTRE,01023010,Centro,Centro
3417794,CTA IST AIDS JOSE ARAUJO LIMA FILHO,CLINICA/CENTRO DE ESPECIALIDADE,05788330,Jardim Bom Refúgio,Zona Oeste
7045212,CTA IST AIDS MOOCA,CLINICA/CENTRO DE ESPECIALIDADE,03166000,Mooca,Zona Leste
2752050,CTA IST AIDS PIRITUBA,CLINICA/CENTRO DE ESPECIALIDADE,02939000,Pirituba,Zona Norte
2027259,CTA IST AIDS SANTO AMARO PAULA LEGNO,CLINICA/CENTRO DE ESPECIALIDADE,04754010,Santo Amaro,Zona Sul
2752069,CTA IST AIDS SAO MIGUEL,CLINICA/CENTRO DE ESPECIALIDADE,08011300,São Miguel Paulista,Zona Leste
4581679,CUIDAR MEDICINA RESPIRATORIA E DO SONO,POLICLINICA,04041004,Vila Clementino,Zona Sul
3064174,DAVITA ARICANDUVA,CLINICA/CENTRO DE ESPECIALIDADE,03505000,Vila Aricanduva,Zona Leste
7561709,DAVITA BRASIL PARTICIPACOES E SERVICOS DE NEFROLOGIA,CLINICA/CENTRO DE ESPECIALIDADE,05477000,Jardim Universidade Pinheiros,Zona Oeste
2698889,DAVITA CAMBUCI,CLINICA/CENTRO DE ESPECIALIDADE,01538000,Cambuci,Centro
5550637,DAVITA JOAO DIAS,CLINICA/CENTRO DE ESPECIALIDADE,04727001,Vila Cruzeiro,Zona Sul
2048116,DAVITA MORUMBI,CLINICA/CENTRO DE ESPECIALIDADE,05624000,Vila Morse,Zona Oeste
2091615,DAVITA PENHA,CLINICA/CENTRO DE ESPECIALIDADE,03633000,Penha de França,Zona Leste
2048302,DAVITA PERDIZES,CLINICA/CENTRO DE ESPECIALIDADE,05001000,Água Branca,Zona Oeste
2057077,DAVITA SANTANA,CLINICA/CENTRO DE ESPECIALIDADE,02039090,Jardim São Paulo(Zona Norte),Zona Norte
6207693,DAVITA SERVICOS DE NEFROLOGIA JARDIM DAS IMBUIAS,CLINICA/CENTRO DE ESPECIALIDADE,04772005,Interlagos,Zona Sul
2039559,DAVITA SERVICOS DE NEFROLOGIA LAPA,CLINICA/CENTRO DE ESPECIALIDADE,05044010,Vila Romana,Zona Oeste
2048078,DAVITA SERVICOS DE NEFROLOGIA LTDA,CLINICA/CENTRO DE ESPECIALIDADE,04013043,Vila Mariana,Zona Sul
2058553,DAVITA SERVICOS DE NEFROLOGIA MOOCA LTDA,CLINICA/CENTRO DE ESPECIALIDADE,01401002,Jardim Paulista,Centro
2032228,DAVITA SERVICOS DE NEFROLOGIA POMPEIA,CLINICA/CENTRO DE ESPECIALIDADE,01232000,Santa Cecília,Centro
3524086,DAVITA SERVICOS DE NEFROLOGIA VILA OLIMPIA,CLINICA/CENTRO DE ESPECIALIDADE,05425070,Pinheiros,Zona Oeste
3443833,DIAGNOSTIKA UND DIAG PAT CIR E CITOL,UNIDADE DE APOIO DIAGNOSE E TERAPIA (SADT ISOLADO),01307003,Consolação,Centro
3495469,DIAMED,UNIDADE DE APOIO DIAGNOSE E TERAPIA (SADT ISOLADO),01538000,Cambuci,Centro
5015774,DIGIMAGEM HERMES PARDINI ITAIM,UNIDADE DE APOIO DIAGNOSE E TERAPIA (SADT ISOLADO),04534002,Itaim Bibi,Zona Sul
7496532,DIGIMAGEM HERMES PARDINI ITAQUERA,UNIDADE DE APOIO DIAGNOSE E TERAPIA (SADT ISOLADO),08210090,Itaquera,Zona Leste
9317880,DIGIMAGEM HERMES PARDINI MORUMBI,UNIDADE DE APOIO DIAGNOSE E TERAPIA (SADT ISOLADO),04036000,Vila Mariana,Zona Sul
7269560,DIGIMAGEM HERMES PARDINI SANTANA,UNIDADE DE APOIO DIAGNOSE E TERAPIA (SADT ISOLADO),02401100,Santana,Zona Norte
5015804,DIGIMAGEM HERMES PARDINI TATUAPE,UNIDADE DE APOIO DIAGNOSE E TERAPIA (SADT ISOLADO),03319000,Vila Gomes Cardim,Zona Leste
3306704,DIMEDI - INSTITUTO DE MEDICINA DIGITAL,UNIDADE DE APOIO DIAGNOSE E TERAPIA (SADT ISOLADO),03308060,Vila Azevedo,Zona Leste
9286802,DIMEN SAO PAULO,UNIDADE DE APOIO DIAGNOSE E TERAPIA (SADT ISOLADO),04014011,Vila Mariana,Zona Sul
9893822,DN SERVICOS MEDICOS,UNIDADE MOVEL TERRESTRE,02731020,Vila Albertina,Zona Norte
5534305,DOCWAY,TELESSAUDE,01419911,Cerqueira César,Centro
7549598,DR CONSULTA - JABAQUARA,UNIDADE DE APOIO DIAGNOSE E TERAPIA (SADT ISOLADO),04321000,Vila Parque Jabaquara,Zona Sul
0483214,EL DIAGNOSTICOS JABAQUARA,UNIDADE DE APOIO DIAGNOSE E TERAPIA (SADT ISOLADO),04321130,Vila Parque Jabaquara,Zona Sul
7582617,EL DIAGNOSTICOS PENHA DE FRANCA,CLINICA/CENTRO DE ESPECIALIDADE,03604010,Penha de França,Zona Leste
9332952,EL DIAGNOSTICOS SANTANA,CLINICA/CENTRO DE ESPECIALIDADE,02037000,Santana,Zona Norte
2071282,ENESP-EQUIPE NEFROLOGIA DE SP LTDA,CLINICA/CENTRO DE ESPECIALIDADE,04308001,Jabaquara,Zona Sul
4631137,ESTACAO PREVENCAO CAPAO REDONDO,CLINICA/CENTRO DE ESPECIALIDADE,05798300,Jardim Avenida,Zona Oeste
4164997,ESTACAO PREVENCAO JORGE BELOQUI,CLINICA/CENTRO DE ESPECIALIDADE,01039000,República,Centro
2091453,FACULDADE DE ODONTOLOGIA USP,CLINICA/CENTRO DE ESPECIALIDADE,05508900,Butantã,Zona Oeste
6578632,FARMACIA MEDEX CENTRO DE REFERENCIA DA SAUDE DA MULHER,FARMACIA,01206001,Campos Elíseos,Centro
6352790,FARMACIA MEDEX CRT AIDS,FARMACIA,04121000,Vila Mariana,Zona Sul
6578640,FARMACIA MEDEX DR GERALDO BOURROUL,FARMACIA,01050000,Centro,Centro
3554481,FARMACIA MEDEX DRS I GRANDE SAO PAULO VILA MARIANA,FARMACIA,04042005,Vila Clementino,Zona Sul
6503829,FARMACIA MEDEX HCFMUSP SAO PAULO,FARMACIA,05403000,Cerqueira César,Zona Oeste
6423094,FARMACIA MEDEX HOSPITAL HELIOPOLIS,FARMACIA,04231030,Cidade Nova Heliópolis,Zona Sul
6557961,FARMACIA MEDEX HSPE IAMSPE SAO PAULO,FARMACIA,04039004,Vila Clementino,Zona Sul
6352820,FARMACIA MEDEX INST DANTE PAZZANESE CARD,FARMACIA,04012180,Vila Mariana,Zona Sul
3554538,FARMACIA MEDEX SES-AME MARIA ZELIA,FARMACIA,03021040,Catumbi,Zona Leste
3554503,FARMACIA MEDEX SES-PAM VARZEA DO CARMO,FARMACIA,01518020,Cambuci,Centro
2069601,FUND ONCOCENTRO DE SAO PAULO,CLINICA/CENTRO DE ESPECIALIDADE,05409012,Pinheiros,Zona Oeste
2688530,FUND SAO PAULO-DERDIC,CLINICA/CENTRO DE ESPECIALIDADE,08210040,Itaquera,Zona Leste
2090155,GAN GRUPO DE APOIO NEFROLOGICO SC LTDA,POLICLINICA,01310000,Bela Vista,Centro
4250133,GESTAO MEDICA INTELIGENTE PARTICIPACOES GMI,CONSULTORIO ISOLADO,04101100,Vila Mariana,Zona Sul
5570948,GETCARE,TELESSAUDE,01332000,Bela Vista,Centro
7431996,GHELFOND DIAGNOSTICOS UNIDADE IPIRANGA,UNIDADE DE APOIO DIAGNOSE E TERAPIA (SADT ISOLADO),04278000,Ipiranga,Zona Sul
6753345,GRUPO DIFFUSION,UNIDADE DE APOIO DIAGNOSE E TERAPIA (SADT ISOLADO),02341001,Tucuruvi,Zona Norte
2088789,HEMOCENTRO DE SAO PAULO,UNIDADE DE APOIO DIAGNOSE E TERAPIA (SADT ISOLADO),05403000,Cerqueira César,Zona Oeste
2983974,HERMES ANALIA FRANCO,UNIDADE DE APOIO DIAGNOSE E TERAPIA (SADT ISOLADO),03336000,Vila Regente Feijó,Zona Leste
2920832,HERMES LAPA,UNIDADE DE APOIO DIAGNOSE E TERAPIA (SADT ISOLADO),05079000,Lapa,Zona Oeste
2920883,HERMES PARDINI FREGUESIA DO O,UNIDADE DE APOIO DIAGNOSE E TERAPIA (SADT ISOLADO),02731060,Vila Albertina,Zona Norte
2946785,HERMES PARDINI SANTO AMARO,UNIDADE DE APOIO DIAGNOSE E TERAPIA (SADT ISOLADO),04745000,Santo Amaro,Zona Sul
2920891,HERMES PARDINI TATUAPE TUIUTI,UNIDADE DE APOIO DIAGNOSE E TERAPIA (SADT ISOLADO),03081012,Tatuapé,Zona Leste
2920840,HERMES SANTA CRUZ,UNIDADE DE APOIO DIAGNOSE E TERAPIA (SADT ISOLADO),05717190,Vila Andrade,Zona Oeste
2920859,HERMES SAO JUDAS,UNIDADE DE APOIO DIAGNOSE E TERAPIA (SADT ISOLADO),04045004,Mirandópolis,Zona Sul
2920875,HERMES SAO MIGUEL,UNIDADE DE APOIO DIAGNOSE E TERAPIA (SADT ISOLADO),08011000,Vila Americana,Zona Leste
3579328,HOPE,CONSULTORIO ISOLADO,04067002,Planalto Paulista,Zona Sul
2688522,HOSP CASA DE DAVID,HOSPITAL ESPECIALIZADO,02284000,Parque Edu Chaves,Zona Norte
2078015,HOSP CLINICAS - HC DA FMUSP,HOSPITAL GERAL,05403010,Cerqueira César,Zona Oeste
2078600,HOSP DA AERONAUTICA DE SP,HOSPITAL GERAL,02012021,Santana,Zona Norte
2075962,HOSP DA STA CASA DE STO AMARO,HOSPITAL GERAL,04743030,Santo Amaro,Zona Sul
2752077,HOSP DO SERV PUB MUNICIPAL - HSPM,HOSPITAL GERAL,01532000,Aclimação,Centro
2077469,HOSP DOM ALVARENGA,HOSPITAL GERAL,04263200,Ipiranga,Zona Sul
2028840,HOSP EST - INSTITUTO DE INFECTOLOGIA EMILIO RIBAS,HOSPITAL GERAL,01246900,Pacaembu,Centro
2088495,HOSP EST DANTE PAZZANESE- FUND ADIB JATENE,HOSPITAL ESPECIALIZADO,04012180,Vila Mariana,Zona Sul
2077671,HOSP EST GRAJAU,HOSPITAL GERAL,04822030,Parque América,Zona Sul
2079240,HOSP EST GUAIANASES - JESUS TEIXEIRA DA COSTA,HOSPITAL GERAL,08461110,Jardim São Paulo(Zona Leste),Zona Leste
2066572,HOSP EST HELIOPOLIS,HOSPITAL GERAL,04231030,Cidade Nova Heliópolis,Zona Sul
2088517,HOSP EST INF CANDIDO FONTOURA,HOSPITAL ESPECIALIZADO,03173010,Belenzinho,Zona Leste
2071371,HOSP EST INF DARCY VARGAS,HOSPITAL ESPECIALIZADO,04024002,Vila Clementino,Zona Sul
2077523,HOSP EST IPIRANGA,HOSPITAL GERAL,04262000,Ipiranga,Zona Sul
2077620,HOSP EST ITAIM PAULISTA,HOSPITAL GERAL,08115100,Itaim Paulista,Zona Leste
5437156,HOSP EST LOCAL DE SAPOPEMBA,HOSPITAL GERAL,03982060,Parque Santa Madalena,Zona Leste
2077574,HOSP EST MANDAQUI,HOSPITAL GERAL,02401400,Santana,Zona Norte
2065665,HOSP EST MAT INTERLAGOS,HOSPITAL ESPECIALIZADO,04802190,Interlagos,Zona Sul
2077701,HOSP EST MAT LEONOR MENDES DE BARROS,HOSPITAL ESPECIALIZADO,03015000,Brás,Zona Leste
2066092,HOSP EST PEDREIRA,HOSPITAL GERAL,04455170,Vila Campo Grande,Zona Sul
2688514,HOSP EST PSIQUIATRICO DE VILA MARIANA,HOSPITAL ESPECIALIZADO,04017030,Vila Mariana,Zona Sul
2091313,HOSP EST REGIONAL SUL,HOSPITAL GERAL,04744000,Santo Amaro,Zona Sul
2077493,HOSP EST SAO MATEUS,HOSPITAL GERAL,03958000,Cidade São Mateus,Zona Leste
2091585,HOSP EST SAPOPEMBA,HOSPITAL GERAL,03975130,Jardim Sapopemba,Zona Leste
2082225,HOSP EST TAIPAS - KATIA DE S RODRIGUES,HOSPITAL GERAL,02810000,Sítio Morro Grande,Zona Norte
2088576,HOSP EST TRANSPLANT EURYCLIDES DE JESUS ZERBINI,HOSPITAL GERAL,01401901,Jardim Paulista,Centro
2091356,HOSP EST VITAL BRAZIL,HOSPITAL ESPECIALIZADO,05503900,Butantã,Zona Oeste
2077426,HOSP EST VL ALPINA - HENRIQUE ALTIMEYER,HOSPITAL GERAL,03227000,Jardim Avelino,Zona Leste
2688573,HOSP EST VL NOVA CACHOEIRINHA,HOSPITAL GERAL,02720200,Limão,Zona Norte
2091755,HOSP EST VL PENTEADO - DR JOSE PANGELLA,HOSPITAL GERAL,02802120,Vila Amélia,Zona Norte
2077752,HOSP MONUMENTO-CEHM,HOSPITAL GERAL,04215020,Ipiranga,Zona Sul
0102075,HOSP MUN BELA VISTA SANTA DULCE DOS POBRES,HOSPITAL GERAL,01309010,Consolação,Centro
0102105,HOSP MUN BRASILANDIA ADIB JATENE,HOSPITAL GERAL,02806160,Jardim Maristela,Zona Norte
2786680,HOSP MUN CAMPO LIMPO FERNANDO MAURO PIRES DA ROCHA,HOSPITAL GERAL,05835005,Vila Maracanã,Zona Oeste
7992890,HOSP MUN CAPELA DO SOCORRO,HOSPITAL GERAL,04829310,Jardim das Imbuias,Zona Sul
5420938,HOSP MUN CIDADE TIRADENTES CARMEN PRUDENTE,HOSPITAL GERAL,08471000,Cidade Tiradentes,Zona Leste
2084473,HOSP MUN DR IGNACIO PROENCA DE GOUVEA,HOSPITAL GERAL,03124020,Parque da Mooca,Zona Leste
2082829,HOSP MUN ERMELINO MATARAZZO PROF DR ALIPIO CORREA NETTO,HOSPITAL GERAL,03807230,Vila Paranaguá,Zona Leste
7711980,HOSP MUN GILSON DE CASSIA MARQUES DE CARVALHO,HOSPITAL GERAL,04378200,Vila Mascote,Zona Sul
0161438,HOSP MUN GUARAPIRANGA,HOSPITAL GERAL,04916000,Jardim Figueira Grande,Zona Sul
2078325,HOSP MUN INFANTIL MENINO JESUS,HOSPITAL ESPECIALIZADO,01329000,Morro dos Ingleses,Centro
2077639,HOSP MUN ITAQUERA PROF DR WALDOMIRO DE PAULA,HOSPITAL GERAL,08210590,Itaquera,Zona Leste
2081970,HOSP MUN JABAQUARA ARTUR RIBEIRO DE SABOYA,HOSPITAL GERAL,04330902,Vila Campestre,Zona Sul
2084139,HOSP MUN JARDIM IVA DR BENEDITO MONTENEGRO,HOSPITAL GERAL,03921080,Jardim Iva,Zona Leste
9465464,HOSP MUN JOSANIAS CASTANHA BRAGA,HOSPITAL GERAL,04883290,Jardim Roschel,Zona Sul
5718368,HOSP MUN M BOI MIRIM DR MOYSES DEUSTSCH,HOSPITAL GERAL,04948970,Jardim Ângela (Zona Sul),Zona Sul
2079186,HOSP MUN MAT ESC DR MARIO DE MORAES A SILVA,HOSPITAL ESPECIALIZADO,02721000,Limão,Zona Norte
2075717,HOSP MUN MATERNIDADE PROF MARIO DEGNI,HOSPITAL GERAL,05376010,Vila Antônio,Zona Oeste
2077450,HOSP MUN PIRITUBA JOSE SOARES HUNGRIA,HOSPITAL GERAL,02945000,Jardim Cidade Pirituba,Zona Norte
6998194,HOSP MUN SOROCABANA,HOSPITAL GERAL,05319000,Vila Hamburguesa,Zona Oeste
2080346,HOSP MUN TATUAPE DR CARMINO CARICCHIO,HOSPITAL GERAL,03063000,Tatuapé,Zona Leste
2080583,HOSP MUN TIDE SETUBAL,HOSPITAL GERAL,08010220,Vila Doutor Eiras,Zona Leste
3212130,HOSP MUN VILA MARIA VEREADOR JOSE STOROPOLLI,HOSPITAL GERAL,02181160,Parque Novo Mundo,Zona Norte
2080788,HOSP MUN VILA NHOCUNE ALEXANDRE ZAIO,HOSPITAL GERAL,03558050,Vila Nhocune,Zona Leste
2091399,HOSP N SRA DO PARI,HOSPITAL ESPECIALIZADO,03031040,Canindé,Zona Leste
2089777,HOSP NIPO BRASILEIRO,HOSPITAL GERAL,02189000,Parque Novo Mundo,Zona Norte
2077477,HOSP STA MARCELINA,HOSPITAL GERAL,08270070,Vila Carmosina,Zona Leste
2076926,HOSP UNIVERSITARIO - HU/USP,HOSPITAL GERAL,05580000,Vila Pirajussara,Zona Oeste
2091666,HOSP WLADIM ARRUDA,HOSPITAL/DIA - ISOLADO,04829310,Jardim das Imbuias,Zona Sul
2077388,HOSPITAL AMPARO MATERNAL,HOSPITAL ESPECIALIZADO,04040032,Vila Clementino,Zona Sul
2080575,HOSPITAL BP,HOSPITAL GERAL,01323900,Liberdade,Centro
2078570,HOSPITAL CANTAREIRA,HOSPITAL GERAL,02340000,Tucuruvi,Zona Norte
2751852,HOSPITAL DIA - VILA PRUDENTE,HOSPITAL/DIA - ISOLADO,03132050,Vila Prudente,Zona Leste
7019076,HOSPITAL DIA - BRASILANDIA FO,HOSPITAL/DIA - ISOLADO,02842260,Jardim do Tiro,Zona Norte
2027240,HOSPITAL DIA - BUTANTA,HOSPITAL/DIA - ISOLADO,05535100,Jardim Peri Peri,Zona Oeste
6998178,HOSPITAL DIA - CAMPO LIMPO - JARDIM PIRAJUSSARA,HOSPITAL/DIA - ISOLADO,05760140,Jardim Martinica,Zona Oeste
2751925,HOSPITAL DIA - CIDADE ADEMAR,HOSPITAL/DIA - ISOLADO,04463010,Balneário Mar Paulista,Zona Sul
2751860,HOSPITAL DIA - FLAVIO GIANNOTTI,HOSPITAL/DIA - ISOLADO,04211000,Ipiranga,Zona Sul
6136028,HOSPITAL DIA - ITAIM PAULISTA,HOSPITAL/DIA - ISOLADO,08115100,Itaim Paulista,Zona Leste
2091658,HOSPITAL DIA - M BOI MIRIM I JARDIM IBIRAPUERA,HOSPITAL/DIA - ISOLADO,05819080,Jardim Santa Josefina,Zona Oeste
7378394,HOSPITAL DIA - M BOI MIRIM II - VERA CRUZ,HOSPITAL/DIA - ISOLADO,04962000,Vila do Sol,Zona Sul
6135749,HOSPITAL DIA - MOOCA,HOSPITAL/DIA - ISOLADO,03192060,Vila Oratório,Zona Leste
2751933,HOSPITAL DIA - PENHA - HATIRO SHIMOMOTO,HOSPITAL/DIA - ISOLADO,03632010,Penha de França,Zona Leste
9950931,HOSPITAL DIA - SANTO AMARO,HOSPITAL/DIA - ISOLADO,04753060,Santo Amaro,Zona Sul
6391869,HOSPITAL DIA - SAO MATEUS DR HENRIQUE C GONCALVES,HOSPITAL/DIA - ISOLADO,03948000,Jardim Nove de Julho,Zona Leste
2751976,HOSPITAL DIA - SAO MIGUEL DR TITO LOPES DA SILVA,HOSPITAL/DIA - ISOLADO,08010150,Vila Doutor Eiras,Zona Leste
7979649,HOSPITAL DIA - VILA GUILHERME,HOSPITAL/DIA - ISOLADO,02054100,Vila Guilherme,Zona Norte
8032653,HOSPITAL DIA CAPELA DO SOCORRO,HOSPITAL/DIA - ISOLADO,04829310,Jardim das Imbuias,Zona Sul
2081288,HOSPITAL DO CORACAO,HOSPITAL GERAL,04004030,Paraíso,Zona Sul
2089785,HOSPITAL DO RIM E HIPERTENSAO,HOSPITAL ESPECIALIZADO,04038002,Vila Clementino,Zona Sul
2089602,HOSPITAL DO SEPACO,HOSPITAL GERAL,04102900,Vila Mariana,Zona Sul
2058502,HOSPITAL DO SERV PUB EST FCO MORATO DE OLIVEIRA,HOSPITAL GERAL,04029000,Indianópolis,Zona Sul
2078589,HOSPITAL E MATERNIDADE SANTA MARIA CRUZ AZUL,HOSPITAL GERAL,01538900,Cambuci,Centro
2688581,HOSPITAL GERIATRICO E CONVALESC D PEDRO II,HOSPITAL GERAL,02265002,Tucuruvi,Zona Norte
2089696,HOSPITAL GRAACC INSTITUTO DE ONCOLOGIA PEDIATRICA IOP,HOSPITAL ESPECIALIZADO,04039001,Vila Clementino,Zona Sul
2058391,HOSPITAL ISRAELITA ALBERT EINSTEIN,HOSPITAL GERAL,05652900,Jardim Leonor,Zona Oeste
2082624,HOSPITAL JAPONES SANTA CRUZ,HOSPITAL GERAL,04122000,Vila Mariana,Zona Sul
2077507,HOSPITAL LEFORTE - LIBERDADE,HOSPITAL GERAL,01506000,Liberdade,Centro
7252455,HOSPITAL PROFESSORA LYDIA STOROPOLI,HOSPITAL GERAL,01504001,Liberdade,Centro
2079445,HOSPITAL SANTA ISABEL,HOSPITAL GERAL,01238010,Higienópolis,Centro
3039420,HOSPITAL SAO CAMILO SANTANA,HOSPITAL GERAL,02406040,Santana,Zona Norte
2076896,HOSPITAL SAO LUIZ GONZAGA,HOSPITAL GERAL,02276140,Jaçanã,Zona Norte
2077485,HOSPITAL SAO PAULO - UNIFESP,HOSPITAL GERAL,04024002,Vila Clementino,Zona Sul
3701832,HOSPITAL SILVIO ROMERO,HOSPITAL GERAL,03308060,Vila Azevedo,Zona Leste
2079127,HOSPITAL SIRIO LIBANES,HOSPITAL GERAL,01308050,Bela Vista,Centro
5130883,HSOLHOS,CLINICA/CENTRO DE ESPECIALIDADE,01401002,Jardim Paulista,Centro
3975363,I9MED DIGITAL,CLINICA/CENTRO DE ESPECIALIDADE,05426100,Pinheiros,Zona Oeste
7655037,ICRESP INSTITUTO DE CARDIOLOGIA E DORFMAN E COSTA SERVICOS,CLINICA/CENTRO DE ESPECIALIDADE,01332000,Bela Vista,Centro
5177022,IMEDI - INSTITUTO DE MEDICINA DIAGNOSTICA (DESATIVADO 09/2022),UNIDADE DE APOIO DIAGNOSE E TERAPIA (SADT ISOLADO),04739000,Santo Amaro,Zona Sul
0255661,IMPAR SERVICOS HOSPITALARES FILIAL SANTA PAULA,HOSPITAL GERAL,04556901,Brooklin Paulista,Zona Sul
9684956,INSIDE DIAGNOSTICOS,UNIDADE DE APOIO DIAGNOSE E TERAPIA (SADT ISOLADO),01401002,Jardim Paulista,Centro
2091364,INST ADOLFO LUTZ,LABORATORIO CENTRAL DE SAUDE PUBLICA LACEN,01246902,Pacaembu,Centro
2077590,INST BRAS. CONTROLE CANCER-IBCC,HOSPITAL ESPECIALIZADO,03102002,Brás,Zona Leste
2091550,INST CEMA DE OFTALMO E OTORRINO,HOSPITAL GERAL,03117000,Mooca,Zona Leste
2057220,INST CLEMENTE FERREIRA,CLINICA/CENTRO DE ESPECIALIDADE,01301000,Consolação,Centro
3651185,INST DA VISAO,CLINICA/CENTRO DE ESPECIALIDADE,04038032,Vila Clementino,Zona Sul
7096712,INST DA VISAO - V CARMOSINA,CLINICA/CENTRO DE ESPECIALIDADE,08210170,Vila Carmosina,Zona Leste
2812703,INST DE PSIQUIATRIA - HC/FMUSP,HOSPITAL ESPECIALIZADO,05403000,Cerqueira César,Zona Oeste
5451612,INST DE REABILITACAO LUCY MONTORO,HOSPITAL ESPECIALIZADO,05716150,Vila Andrade,Zona Oeste
6123740,INST DO CANCER DO ESTADO DE SAO PAULO,HOSPITAL ESPECIALIZADO,01246000,Pacaembu,Centro
2071568,INST DO CORACAO - INCOR - HC/FMUSP,HOSPITAL ESPECIALIZADO,05403000,Cerqueira César,Zona Oeste
2032759,INST PASTEUR SES,LABORATORIO DE SAUDE PUBLICA,01311000,Bela Vista,Centro
2688638,INST SUEL ABUJAMRA,HOSPITAL ESPECIALIZADO,01525001,Liberdade,Centro
7572468,INSTITUTO DA VISAO,HOSPITAL/DIA - ISOLADO,04039031,Vila Clementino,Zona Sul
8300127,INSTITUTO DA VISAO IPEPO,CLINICA/CENTRO DE ESPECIALIDADE,08210170,Vila Carmosina,Zona Leste
7097670,INSTITUTO DE RESPONSABILIDADE SOCIAL SIRIO LIBANES,UNIDADE DE APOIO DIAGNOSE E TERAPIA (SADT ISOLADO),01310200,Bela Vista,Centro
2080125,INSTITUTO DO CANCER ARNALDO VIEIRA DE CARVALHO,HOSPITAL ESPECIALIZADO,01221020,Vila Buarque,Centro
9856110,INSTITUTO HOC DE HEMOTERAPIA,CLINICA/CENTRO DE ESPECIALIDADE,01504001,Liberdade,Centro
2091593,INSTITUTO JO CLEMENTE,POLICLINICA,04040033,Vila Clementino,Zona Sul
4191455,INSTITUTO JO CLEMENTE UNIDADE ITAIM BIBI,POLICLINICA,04538082,Itaim Bibi,Zona Sul
5598419,INSTITUTO MEDICO PAULISTA,CLINICA/CENTRO DE ESPECIALIDADE,01311200,Bela Vista,Centro
4740939,INSTITUTO OFTALMOLOGICO PAULISTA,CLINICA/CENTRO DE ESPECIALIDADE,01311200,Bela Vista,Centro
2089084,INSTITUTO RUBEM BERTA,HOSPITAL ESPECIALIZADO,04074000,Indianópolis,Zona Sul
2926555,INSTITUTO SUEL ABUJAMRA LIBERDADE,CLINICA/CENTRO DE ESPECIALIDADE,01508020,Liberdade,Centro
2092344,IPGG INST PAUL GERI E GERONT JOSE ERMIRIO DE MORAES,CLINICA/CENTRO DE ESPECIALIDADE,08011010,São Miguel Paulista,Zona Leste
5231949,IRNAC TERAPIAS AQUATICAS,CLINICA/CENTRO DE ESPECIALIDADE,04920000,Jardim Herculano,Zona Sul
6988210,ISMD INSTITUTO SUPERIOR DE MEDICINA LTDA,CLINICA/CENTRO DE ESPECIALIDADE,04014010,Vila Mariana,Zona Sul
2089025,LAB AFIP,UNIDADE DE APOIO DIAGNOSE E TERAPIA (SADT ISOLADO),04024002,Vila Clementino,Zona Sul
3204723,LAB GHELFOND - ANGELICA,UNIDADE DE APOIO DIAGNOSE E TERAPIA (SADT ISOLADO),01227000,Santa Cecília,Centro
2027097,LAB MUN DA REGIAO SUDESTE,UNIDADE DE APOIO DIAGNOSE E TERAPIA (SADT ISOLADO),04266000,Ipiranga,Zona Sul
7895178,LAB MUN DE ANALISES TOXICOLOGICAS MUNICIPAL,UNIDADE DE APOIO DIAGNOSE E TERAPIA (SADT ISOLADO),02053000,Vila Guilherme,Zona Norte
2091674,LAB MUN DE SANTO AMARO,UNIDADE DE APOIO DIAGNOSE E TERAPIA (SADT ISOLADO),04757120,Jardim Dom Bosco,Zona Sul
4050363,LAB MUN DE SAUDE PUBLICA CONTROLE DE QUALIDADE EM SAUDE,LABORATORIO DE SAUDE PUBLICA,02053000,Vila Guilherme,Zona Norte
2091771,LAB MUN DE SAUDE PUBLICA DE SAO MIGUEL PAULISTA,LABORATORIO DE SAUDE PUBLICA,08040600,Jardim Casa Pintada,Zona Leste
2027089,LAB MUN DE SAUDE PUBLICA NOSSA SENHORA DO O,LABORATORIO DE SAUDE PUBLICA,02734000,Nossa Senhora do Ó,Zona Norte
6511848,LAB MUN DE ZOONOSES E DOENCAS TRANSMIT POR VETORES,UNIDADE DE APOIO DIAGNOSE E TERAPIA (SADT ISOLADO),02031020,Santana,Zona Norte
0656399,LABORATORIO DE ANALISES CLINICAS DO INSTITUTO BUTANTAN,UNIDADE DE APOIO DIAGNOSE E TERAPIA (SADT ISOLADO),05503000,Butantã,Zona Oeste
4154649,LABORATORIO DE PROTESE ODONTOLOGICA SIRO,UNIDADE DE APOIO DIAGNOSE E TERAPIA (SADT ISOLADO),05415020,Pinheiros,Zona Oeste
2752085,LABORATORIO MUNICIPAL LAPA,UNIDADE DE APOIO DIAGNOSE E TERAPIA (SADT ISOLADO),01129000,Bom Retiro,Centro
3843734,LABORATORIO ROBERTO DE PROTESE DENTAL,UNIDADE DE APOIO DIAGNOSE E TERAPIA (SADT ISOLADO),01544010,Vila Deodoro,Centro
2039680,LABPAC,UNIDADE DE APOIO DIAGNOSE E TERAPIA (SADT ISOLADO),04117100,Vila Mariana,Zona Sul
4258037,LIMAG DIAGNOSTICOS,UNIDADE MOVEL TERRESTRE,02035020,Santana,Zona Norte
7830319,LIVRE TELEMEDICINA,CLINICA/CENTRO DE ESPECIALIDADE,04619033,Campo Belo,Zona Sul
2958457,LM SERVICOS MEDICOS E GESTAO EM SAUDE LTDA,CLINICA/CENTRO DE ESPECIALIDADE,01406000,Jardim Paulista,Centro
0415146,MAIS IDENTIDADE,CLINICA/CENTRO DE ESPECIALIDADE,04057000,Planalto Paulista,Zona Sul
6600905,MAXXILAB,UNIDADE DE APOIO DIAGNOSE E TERAPIA (SADT ISOLADO),04613000,Campo Belo,Zona Sul
7330804,MENDELICS ANALISE GENOMICA,UNIDADE DE APOIO DIAGNOSE E TERAPIA (SADT ISOLADO),02511000,Casa Verde,Zona Norte
0895172,MMR SERVICOS MEDICOS E GESTAO EM SAUDE,CLINICA/CENTRO DE ESPECIALIDADE,05711001,Jardim Caboré,Zona Oeste
7602235,NEFROCLINICA IPIRANGA,CLINICA/CENTRO DE ESPECIALIDADE,04206002,Ipiranga,Zona Sul
2048108,NEFROCOR,CLINICA/CENTRO DE ESPECIALIDADE,02720100,Limão,Zona Norte
6253415,NEFROLAPA,CLINICA/CENTRO DE ESPECIALIDADE,01211000,Santa Cecília,Centro
5700094,NEFROLESTE UNIDADE MOOCA,CLINICA/CENTRO DE ESPECIALIDADE,03106010,Mooca,Zona Leste
0795437,NEFROTEC NEFROLOGIA E TERAPIAS EXTRA CORPOREAS,CLINICA/CENTRO DE ESPECIALIDADE,03988010,Jardim Adutora,Zona Leste
9989579,NEPHRO GROUP CLINICA DE DIALISE,CLINICA/CENTRO DE ESPECIALIDADE,03313001,Tatuapé,Zona Leste
8413908,NOVANTE SERVICOS MEDICOS LTDA,UNIDADE DE APOIO DIAGNOSE E TERAPIA (SADT ISOLADO),04563060,Cidade Monções,Zona Sul
7516118,NTO NUCLEO TECNICO OPERACIONAL HERMES PARDINI SANTANA SP,UNIDADE DE APOIO DIAGNOSE E TERAPIA (SADT ISOLADO),02401100,Santana,Zona Norte
9995110,NUCLEO DE ESTIMULACAO E HABILITACAO GUAIANASES,POLICLINICA,08410120,Vila Princesa Isabel,Zona Leste
8338639,NUCLEO DE TELESSAUDE DO MUNICIPIO DE SAO PAULO,TELESSAUDE,01509020,Liberdade,Centro
9884726,NUCLEO TECNICO OPERACIONAL LABORATORIO ALBERT EINSTEIN,UNIDADE DE APOIO DIAGNOSE E TERAPIA (SADT ISOLADO),05550000,Jardim Gilda Maria,Zona Oeste
4040716,OPTION X TECNOLOGY,CLINICA/CENTRO DE ESPECIALIDADE,01311000,Bela Vista,Centro
7546890,ORG PROCURA DE ORGAOS - INST DANTE PAZZANESE,"CENTRAL DE NOTIFICACAO,CAPTACAO E DISTRIB DE ORGAOS ESTADUAL",04012180,Vila Mariana,Zona Sul
7546947,ORG PROCURA ORGAOS - HC SP,"CENTRAL DE NOTIFICACAO,CAPTACAO E DISTRIB DE ORGAOS ESTADUAL",05403900,Pinheiros,Zona Oeste
7549814,ORG PROCURA ORGAOS - HOSPITAL SAO PAULO,"CENTRAL DE NOTIFICACAO,CAPTACAO E DISTRIB DE ORGAOS ESTADUAL",04024002,Vila Clementino,Zona Sul
7546149,ORG PROCURA ORGAOS - SANTA CASA SP,"CENTRAL DE NOTIFICACAO,CAPTACAO E DISTRIB DE ORGAOS ESTADUAL",01221020,Vila Buarque,Centro
2091704,OSEC,CENTRO DE SAUDE/UNIDADE BASICA,04829310,Jardim das Imbuias,Zona Sul
4307917,OZER,CONSULTORIO ISOLADO,01452922,Jardim Paulistano,Centro
2069040,PA MUN DRA GLORIA RODRIGUES DOS SANTOS BONFIM,PRONTO ATENDIMENTO,08471004,Cidade Tiradentes,Zona Leste
4049918,PA MUN JARDIM MACEDONIA,PRONTO ATENDIMENTO,05894350,Jardim Macedônia,Zona Oeste
2075423,PA MUN SAO MATEUS II,PRONTO ATENDIMENTO,03963090,Cidade São Mateus,Zona Leste
0454168,PADI CENTRO OESTE,CENTRAL DE ABASTECIMENTO,01201020,Campos Elíseos,Centro
0454184,PADI LESTE,CENTRAL DE ABASTECIMENTO,01201020,Campos Elíseos,Centro
0454192,PADI NORTE,CENTRAL DE ABASTECIMENTO,01201020,Campos Elíseos,Centro
0454176,PADI SUDESTE,CENTRAL DE ABASTECIMENTO,01201020,Campos Elíseos,Centro
0454206,PADI SUL,CENTRAL DE ABASTECIMENTO,04368060,Jardim Santo Antoninho,Zona Sul
2068974,PAM VARZEA DO CARMO-NGA 63,HOSPITAL/DIA - ISOLADO,01518020,Cambuci,Centro
3700364,PHYSICUS TERAPIAS INTEGRADAS,POLICLINICA,01014000,Centro,Centro
2688662,PMESP COMANDO DO CORPO DE BOMBEIROS,UNIDADE MOVEL DE NIVEL PRE-HOSPITALAR NA AREA DE URGENCIA,01018001,Sé,Centro
9113096,PONTO DE ECONOMIA SOLIDARIA E CULTURA DO BUTANTA,CLINICA/CENTRO DE ESPECIALIDADE,05581000,Butantã,Zona Oeste
7566409,PRO IMAGEM DIAGNOSTICOS,UNIDADE DE APOIO DIAGNOSE E TERAPIA (SADT ISOLADO),01423001,Jardim Paulista,Centro
6984622,PROMOVE-CENTRO PROMOCAO REAB SAUDE E INTEG,CLINICA/CENTRO DE ESPECIALIDADE,04264030,Vila Monumento,Zona Sul
2752093,PS MUN BALNEARIO SAO JOSE,PRONTO SOCORRO GERAL,04864050,Balneário São José,Zona Sul
4050320,PS MUN BARRA FUNDA DR ALVARO D DE ALMEIDA,PRONTO SOCORRO GERAL,01153000,Barra Funda,Centro
2071495,PS MUN SANTANA-LAURO RIBAS BRAGA,PRONTO SOCORRO GERAL,02011100,Santana,Zona Norte
3290689,RADIOCLINICA TADAO MORI,UNIDADE DE APOIO DIAGNOSE E TERAPIA (SADT ISOLADO),04038030,Vila Clementino,Zona Sul
3354962,REGIONAL DE REGULACAO LESTE,CENTRAL DE REGULACAO DO ACESSO,08041000,Jardim São Sebastião,Zona Leste
3354954,REGIONAL DE REGULACAO NORTE,CENTRAL DE REGULACAO DO ACESSO,02012040,Santana,Zona Norte
3354970,REGIONAL DE REGULACAO OESTE,CENTRAL DE REGULACAO DO ACESSO,05415030,Pinheiros,Zona Oeste
6213529,RENALCARE NEFROLOGIA,CLINICA/CENTRO DE ESPECIALIDADE,01532001,Aclimação,Centro
7889844,SAD SAO MATEUS,CENTRO DE SAUDE/UNIDADE BASICA,03943020,Jardim Tietê,Zona Leste
2786699,SAE IST AIDS BUTANTA,CLINICA/CENTRO DE ESPECIALIDADE,05381020,Jardim Sarah,Zona Oeste
4049802,SAE IST AIDS CIDADE DUTRA,CLINICA/CENTRO DE ESPECIALIDADE,04802080,Jardim São Nicolau,Zona Sul
2752115,SAE IST AIDS CIDADE LIDER II,CLINICA/CENTRO DE ESPECIALIDADE,08285130,Cidade Líder,Zona Leste
2752123,SAE IST AIDS FIDELIS RIBEIRO,CLINICA/CENTRO DE ESPECIALIDADE,03627010,Vila Buenos Aires,Zona Leste
2774755,SAE IST AIDS HERBERT DE SOUZA BETINHO,CLINICA/CENTRO DE ESPECIALIDADE,03928240,Conjunto Habitacional Teotonio Vilela,Zona Leste
2752131,SAE IST AIDS IPIRANGA JOSE F ARAUJO,CLINICA/CENTRO DE ESPECIALIDADE,04216030,Ipiranga,Zona Sul
7079648,SAE IST AIDS JABAQUARA,CLINICA/CENTRO DE ESPECIALIDADE,04320030,Cidade Vargas,Zona Sul
2069644,SAE IST AIDS JARDIM MITSUTANI,CLINICA/CENTRO DE ESPECIALIDADE,05788280,Jardim Bom Refúgio,Zona Oeste
2786648,SAE IST AIDS LAPA PAULO CESAR BONFIM,CLINICA/CENTRO DE ESPECIALIDADE,05079000,Lapa,Zona Oeste
7311176,SAE IST AIDS M BOI MIRIM,CLINICA/CENTRO DE ESPECIALIDADE,05834000,Parque Santo Antônio,Zona Oeste
2752026,SAE IST AIDS NOSSA SENHORA DO O,CLINICA/CENTRO DE ESPECIALIDADE,02734000,Nossa Senhora do Ó,Zona Norte
2027313,SAE IST AIDS PENHA,CLINICA/CENTRO DE ESPECIALIDADE,03632010,Penha de França,Zona Leste
2752158,SAE IST AIDS SANTANA MARCOS LUTEMBERG,CLINICA/CENTRO DE ESPECIALIDADE,02406040,Santana,Zona Norte
2786656,SAE IST AIDS SANTO AMARO DRA DENIZE DORNELAS DE OLIVEIRA,CLINICA/CENTRO DE ESPECIALIDADE,04742001,Santo Amaro,Zona Sul
3219798,SAE IST AIDS SAO MATEUS,CLINICA/CENTRO DE ESPECIALIDADE,03949000,Cidade São Mateus,Zona Leste
7136625,SAE IST AIDS VILA PRUDENTE SHIRLEI MARIOTTI GOMES COELHO,CLINICA/CENTRO DE ESPECIALIDADE,03132050,Vila Prudente,Zona Leste
2786702,SAE IST/AIDS CAMPOS ELISEOS,CLINICA/CENTRO DE ESPECIALIDADE,01218000,Campos Elíseos,Centro
2077728,SAMARIM,CLINICA/CENTRO DE ESPECIALIDADE,01232010,Santa Cecília,Centro
6196330,SAMU CENTRAL REGULACAO MEDICA DE URGENCIAS MUNICIPAL,CENTRAL DE REGULACAO MEDICA DAS URGENCIAS,01129000,Bom Retiro,Centro
2688670,SANATORINHOS ACAO COMUNITARIA DE SAUDE,POLICLINICA,04307030,Vila Guarani (Z Sul),Zona Sul
2688689,SANTA CASA DE SAO PAULO,HOSPITAL GERAL,01221020,Vila Buarque,Centro
7330847,SCOPP DIAGNOSTICOS,CLINICA/CENTRO DE ESPECIALIDADE,05023000,Vila Pompéia,Zona Oeste
9472940,SCOPP DIAGNOSTICOS-ADOLFO PINHEIRO,CLINICA/CENTRO DE ESPECIALIDADE,04734002,Santo Amaro,Zona Sul
4066006,SCP AD SERVICOS DE CUIDADOS PROLONGADOS BORACEA,CLINICA/CENTRO DE ESPECIALIDADE,01135010,Barra Funda,Centro
4794214,SCP AD SERVICOS DE CUIDADOS PROLONGADOS PIRITUBA,CLINICA/CENTRO DE ESPECIALIDADE,05157030,Jardim Jaraguá (São Domingos),Zona Oeste
2067803,SECONCI,CLINICA/CENTRO DE ESPECIALIDADE,05001000,Água Branca,Zona Oeste
2071991,SENESP,CLINICA/CENTRO DE ESPECIALIDADE,05718300,Vila Andrade,Zona Oeste
0757233,SERVICO DE ATENCAO DOMICILIAR CAMPO LIMPO,CENTRO DE SAUDE/UNIDADE BASICA,05762060,Parque Ipê,Zona Oeste
6365825,SERVICO DE ATENCAO DOMICILIAR CAPELA DO SOCORRO,CENTRO DE SAUDE/UNIDADE BASICA,04829310,Jardim das Imbuias,Zona Sul
6703607,SERVICO DE ATENCAO DOMICILIAR CIDADE ADEMAR,CENTRO DE SAUDE/UNIDADE BASICA,04409060,Americanópolis,Zona Sul
6415431,SERVICO DE ATENCAO DOMICILIAR M BOI MIRIM,CENTRO DE SAUDE/UNIDADE BASICA,05822010,Parque Santo Antônio,Zona Oeste
6873278,SERVICO DE ATENCAO DOMICILIAR SANTO AMARO,CENTRO DE SAUDE/UNIDADE BASICA,04727000,Vila Cruzeiro,Zona Sul
6926207,SERVICO ESTADUAL DE DIAGNOSTICO POR IMAGEM II - SEDI II,TELESSAUDE,04230000,Cidade Nova Heliópolis,Zona Sul
6927726,SERVICO ESTADUAL DE DIAGNOSTICO POR IMAGEM III - SEDI III,TELESSAUDE,01419002,Cerqueira César,Centro
9949690,SLAB LABORATORIO E MEDICINA DIAGNOSTICA,UNIDADE DE APOIO DIAGNOSE E TERAPIA (SADT ISOLADO),05617020,Vila Progredior,Zona Oeste
3297519,SMS SP GABINETE,CENTRAL DE GESTAO EM SAUDE,01509020,Liberdade,Centro
5582415,SR SUPORTE RENAL,CLINICA/CENTRO DE ESPECIALIDADE,04766000,Socorro,Zona Sul
7527004,SUA IMAGEM DIAGNOSTICOS MEDICOS,UNIDADE DE APOIO DIAGNOSE E TERAPIA (SADT ISOLADO),08070001,Vila Norma,Zona Leste
3318206,SUPERVISAO TECNICA DE SAUDE ARICANDUVA MOOCA,CENTRAL DE GESTAO EM SAUDE,03428020,Vila Carrão,Zona Leste
3335070,SUPERVISAO TECNICA DE SAUDE BUTANTA,CENTRAL DE GESTAO EM SAUDE,05593001,Jardim Bonfiglioli,Zona Oeste
3317102,SUPERVISAO TECNICA DE SAUDE CAMPO LIMPO,CENTRAL DE GESTAO EM SAUDE,05866000,Capão Redondo,Zona Oeste
3317145,SUPERVISAO TECNICA DE SAUDE CAPELA DO SOCORRO,CENTRAL DE GESTAO EM SAUDE,04777000,Interlagos,Zona Sul
3335127,SUPERVISAO TECNICA DE SAUDE CASA VERDE CACHOEIRINHA,CENTRAL DE GESTAO EM SAUDE,02517150,Jardim das Laranjeiras,Zona Norte
3335143,SUPERVISAO TECNICA DE SAUDE CIDADE TIRADENTES,CENTRAL DE GESTAO EM SAUDE,08490800,Jardim Pedra Branca,Zona Leste
3335399,SUPERVISAO TECNICA DE SAUDE DE SAO MIGUEL PAULISTA,CENTRAL DE GESTAO EM SAUDE,08060150,Vila Jacuí,Zona Leste
3335151,SUPERVISAO TECNICA DE SAUDE ERMELINO MATARAZZO,CENTRAL DE GESTAO EM SAUDE,08070002,Vila Norma,Zona Leste
3335178,SUPERVISAO TECNICA DE SAUDE FREGUESIA DO O BRASILANDIA,CENTRAL DE GESTAO EM SAUDE,02757110,Vila Bancária Munhoz,Zona Norte
3335186,SUPERVISAO TECNICA DE SAUDE GUAIANASES,CENTRAL DE GESTAO EM SAUDE,08420495,Parque Central,Zona Leste
3335208,SUPERVISAO TECNICA DE SAUDE IPIRANGA,CENTRAL DE GESTAO EM SAUDE,04207001,Ipiranga,Zona Sul
3335216,SUPERVISAO TECNICA DE SAUDE ITAIM PAULISTA,CENTRAL DE GESTAO EM SAUDE,08115000,Itaim Paulista,Zona Leste
3335224,SUPERVISAO TECNICA DE SAUDE ITAQUERA,CENTRAL DE GESTAO EM SAUDE,08210090,Itaquera,Zona Leste
3335259,SUPERVISAO TECNICA DE SAUDE LAPA PINHEIROS,CENTRAL DE GESTAO EM SAUDE,05415030,Pinheiros,Zona Oeste
3317129,SUPERVISAO TECNICA DE SAUDE M BOI MIRIM,CENTRAL DE GESTAO EM SAUDE,05835003,Vila das Belezas,Zona Oeste
3317153,SUPERVISAO TECNICA DE SAUDE PARELHEIROS,CENTRAL DE GESTAO EM SAUDE,04865005,Jardim Casa Grande,Zona Sul
3335275,SUPERVISAO TECNICA DE SAUDE PENHA,CENTRAL DE GESTAO EM SAUDE,03621000,Vila Marieta,Zona Leste
3335291,SUPERVISAO TECNICA DE SAUDE PERUS,CENTRAL DE GESTAO EM SAUDE,05204110,Vila Perus,Zona Oeste
3335364,SUPERVISAO TECNICA DE SAUDE PIRITUBA,CENTRAL DE GESTAO EM SAUDE,02919110,Vila Pereira Barreto,Zona Norte
3335356,SUPERVISAO TECNICA DE SAUDE SANTANA JACANA TUCURUVI,CENTRAL DE GESTAO EM SAUDE,02401200,Santana,Zona Norte
3317110,SUPERVISAO TECNICA DE SAUDE SANTO AMARO CIDADE ADEMAR,CENTRAL DE GESTAO EM SAUDE,04648180,Jardim Prudência,Zona Sul
3335380,SUPERVISAO TECNICA DE SAUDE SAO MATEUS,CENTRAL DE GESTAO EM SAUDE,08375000,Jardim Três Marias,Zona Leste
9357459,SUPERVISAO TECNICA DE SAUDE SE SANTA CECILIA,CENTRAL DE GESTAO EM SAUDE,01129000,Bom Retiro,Centro
3335410,SUPERVISAO TECNICA DE SAUDE VILA MARIA,CENTRAL DE GESTAO EM SAUDE,02127020,Vila Maria Alta,Zona Norte
3335437,SUPERVISAO TECNICA DE SAUDE VILA MARIANA JABAQUARA,CENTRAL DE GESTAO EM SAUDE,04024020,Vila Clementino,Zona Sul
3335445,SUPERVISAO TECNICA DE SAUDE VILA PRUDENTE SAPOPEMBA,CENTRAL DE GESTAO EM SAUDE,03132050,Vila Prudente,Zona Leste
2748274,TELECARDIO,CLINICA/CENTRO DE ESPECIALIDADE,05001100,Água Branca,Zona Oeste
2752166,AMA UBS AGUA RASA DR MARCOS ANDRADE CORSATO,CENTRO DE SAUDE/UNIDADE BASICA,03175001,Quarta Parada,Zona Leste
6408168,AMA UBS AGUIA DE HAIA,CENTRO DE SAUDE/UNIDADE BASICA,08223510,Conjunto Habitacional Águia de Haia,Zona Leste
2030969,AMA UBS AMERICANOPOLIS,CENTRO DE SAUDE/UNIDADE BASICA,04336050,Americanópolis,Zona Sul
2788241,AMA UBS ANHANGUERA,CENTRO DE SAUDE/UNIDADE BASICA,05158400,Jardim Jaraguá (São Domingos),Zona Oeste
2752204,AMA UBS CANGAIBA DR CARLOS GENTILE DE MELLO,CENTRO DE SAUDE/UNIDADE BASICA,03712000,Cangaíba,Zona Leste
6194990,AMA UBS CHACARA CRUZEIRO DO SUL ZELIA L M DORO,CENTRO DE SAUDE/UNIDADE BASICA,03614000,Vila Santana,Zona Leste
2042991,AMA UBS DR GERALDO DA SILVA FERREIRA,CENTRO DE SAUDE/UNIDADE BASICA,04308001,Jabaquara,Zona Sul
2787024,AMA UBS ELISIO TEIXEIRA LEITE,CENTRO DE SAUDE/UNIDADE BASICA,02815000,Conjunto Residencial Elisio Teixeira Leite,Zona Norte
3738663,AMA UBS FAZENDA DO CARMO,CENTRO DE SAUDE/UNIDADE BASICA,08421105,Jardim Áurea,Zona Leste
4050185,AMA UBS JARDIM ALFREDO,CENTRO DE SAUDE/UNIDADE BASICA,04913120,Jardim Santa Edwiges (Capela do Socorro),Zona Sul
2075202,AMA UBS JARDIM BRASIL,CENTRO DE SAUDE/UNIDADE BASICA,02222010,Jardim Brasil (Zona Norte),Zona Norte
4050088,AMA UBS JARDIM BRASILIA,CENTRO DE SAUDE/UNIDADE BASICA,03584000,Jardim Brasília (Zona Leste),Zona Leste
2787245,AMA UBS JARDIM CAPELA,CENTRO DE SAUDE/UNIDADE BASICA,04960110,Jardim Capela,Zona Sul
2787253,AMA UBS JARDIM CASTRO ALVES DRA MARIA CRISTINA F,CENTRO DE SAUDE/UNIDADE BASICA,04842150,Jardim Castro Alves,Zona Sul
3738647,AMA UBS JARDIM DA CONQUISTA III,CENTRO DE SAUDE/UNIDADE BASICA,08343000,Jardim da Conquista (Zona Leste),Zona Leste
2043009,AMA UBS JARDIM ELBA HUMBERTO GASTAO BODRA,CENTRO DE SAUDE/UNIDADE BASICA,03978180,Vila Cardoso Franco,Zona Leste
2042932,AMA UBS JARDIM GRIMALDI,CENTRO DE SAUDE/UNIDADE BASICA,03921000,Jardim Iva,Zona Leste
2752239,AMA UBS JARDIM INDEPENDENCIA HERMENEGILDO MORBIM JR,CENTRO DE SAUDE/UNIDADE BASICA,03223170,Jardim Independência,Zona Leste
2774801,AMA UBS JARDIM IPANEMA,CENTRO DE SAUDE/UNIDADE BASICA,05187300,Jardim Ipanema (Zona Oeste),Zona Oeste
2787520,AMA UBS JARDIM JOAMAR,CENTRO DE SAUDE/UNIDADE BASICA,02320110,Parque Casa de Pedra,Zona Norte
2787555,AMA UBS JARDIM LADEIRA ROSA,CENTRO DE SAUDE/UNIDADE BASICA,02872000,Jardim Cecy,Zona Norte
2787601,AMA UBS JARDIM MIRIAM MANOEL SOARES DE OLIVEIRA,CENTRO DE SAUDE/UNIDADE BASICA,04426000,Jardim Miriam,Zona Sul
2787628,AMA UBS JARDIM MIRNA,CENTRO DE SAUDE/UNIDADE BASICA,04856140,Jardim Myrna,Zona Sul
2787679,AMA UBS JARDIM PAULISTANO,CENTRO DE SAUDE/UNIDADE BASICA,02816010,Jardim Paulistano (Zona Norte),Zona Norte
2787873,AMA UBS JARDIM SANTO ANDRE,CENTRO DE SAUDE/UNIDADE BASICA,08390000,Jardim Santo André,Zona Leste
2788527,AMA UBS JARDIM SAO FRANCISCO II,CENTRO DE SAUDE/UNIDADE BASICA,08310010,Jardim Rodolfo Pirani,Zona Leste
2787784,AMA UBS JARDIM SAO JORGE DR PAULO EDUARDO ELIAS,CENTRO DE SAUDE/UNIDADE BASICA,05568090,Jardim São Jorge (Raposo Tavares),Zona Oeste
2787881,AMA UBS JARDIM TIETE I OSCAR PEREIRA DA SILVA,CENTRO DE SAUDE/UNIDADE BASICA,03943020,Jardim Tietê,Zona Leste
2774828,AMA UBS JARDIM TRES MARIAS MAURICIO ZAMIJOVSKY,CENTRO DE SAUDE/UNIDADE BASICA,03676040,Jardim Três Marias,Zona Leste
2026996,AMA UBS JOSE BONIFACIO I,CENTRO DE SAUDE/UNIDADE BASICA,08420280,Jardim Helena,Zona Leste
2788047,AMA UBS LAUZANE PAULISTA,CENTRO DE SAUDE/UNIDADE BASICA,02442140,Lauzane Paulista,Zona Norte
2788594,AMA UBS MASSAGISTA MARIO AMERICO,CENTRO DE SAUDE/UNIDADE BASICA,02541070,Jardim Rossin,Zona Norte
2027070,AMA UBS PADRE MANOEL DA NOBREGA,CENTRO DE SAUDE/UNIDADE BASICA,03590120,Conjunto Habitacional Padre Manoel da Nóbrega,Zona Leste
2788195,AMA UBS PARI,CENTRO DE SAUDE/UNIDADE BASICA,03030020,Canindé,Zona Leste
2788233,AMA UBS PARQUE ANHANGUERA,CENTRO DE SAUDE/UNIDADE BASICA,05269000,Jardim Britânia,Zona Oeste
2752247,AMA UBS PARQUE BOTURUSSU PROF HUMBERTO CERRUTI,CENTRO DE SAUDE/UNIDADE BASICA,03822000,Parque Císper,Zona Leste
2788284,AMA UBS PARQUE BRISTOL,CENTRO DE SAUDE/UNIDADE BASICA,04193310,Parque Bristol,Zona Sul
2788322,AMA UBS PARQUE FERNANDA,CENTRO DE SAUDE/UNIDADE BASICA,05888070,Parque Fernanda,Zona Oeste
2788454,AMA UBS PARQUE SANTO ANTONIO,CENTRO DE SAUDE/UNIDADE BASICA,05850230,Parque Santo Antônio,Zona Oeste
2788217,AMA UBS PAULO VI,CENTRO DE SAUDE/UNIDADE BASICA,05569120,Jardim João XXIII,Zona Oeste
2788225,AMA UBS PERUS,CENTRO DE SAUDE/UNIDADE BASICA,05208260,Vila Perus,Zona Oeste
2788543,AMA UBS SAO VICENTE DE PAULA,CENTRO DE SAUDE/UNIDADE BASICA,04266050,Ipiranga,Zona Sul
2091798,AMA UBS SITIO DA CASA PINTADA,CENTRO DE SAUDE/UNIDADE BASICA,08050130,Vila Jacuí,Zona Leste
2788691,AMA UBS VILA ANTONIETA,CENTRO DE SAUDE/UNIDADE BASICA,03474020,Vila Antonieta,Zona Leste
2788756,AMA UBS VILA BARBOSA,CENTRO DE SAUDE/UNIDADE BASICA,02550000,Limão,Zona Norte
2026988,AMA UBS VILA CALIFORNIA ZEILIVAL BRUSCAGIN,CENTRO DE SAUDE/UNIDADE BASICA,03215080,Vila Califórnia,Zona Leste
3708411,AMA UBS VILA CLARA,CENTRO DE SAUDE/UNIDADE BASICA,04414000,Vila Clara,Zona Sul
5731143,AMA UBS VILA IMPERIO,CENTRO DE SAUDE/UNIDADE BASICA,04408090,Americanópolis,Zona Sul
2789051,AMA UBS VILA MEDEIROS,CENTRO DE SAUDE/UNIDADE BASICA,02215010,Vila Medeiros,Zona Norte
2789078,AMA UBS VILA MISSIONARIA,CENTRO DE SAUDE/UNIDADE BASICA,04430010,Vila Missionária,Zona Sul
2789116,AMA UBS VILA NOVA JAGUARE,CENTRO DE SAUDE/UNIDADE BASICA,05333010,Jaguaré,Zona Oeste
2752379,AMA UBS VILA ORATORIO DR TITO PEDRO MASCELANI,CENTRO DE SAUDE/UNIDADE BASICA,03345010,Vila Diva (Zona Leste),Zona Leste
2789140,AMA UBS VILA PALMEIRAS,CENTRO DE SAUDE/UNIDADE BASICA,02727020,Vila Palmeiras,Zona Norte
2789167,AMA UBS VILA PEREIRA BARRETO,CENTRO DE SAUDE/UNIDADE BASICA,02932110,Jardim São José (Zona Norte),Zona Norte
2789175,AMA UBS VILA PIAUI,CENTRO DE SAUDE/UNIDADE BASICA,05109270,Vila Nilva,Zona Oeste
2789205,AMA UBS VILA PREL ANTONIO BERNARDES DE OLIVEIRA,CENTRO DE SAUDE/UNIDADE BASICA,05780390,Vila Prel,Zona Oeste
6592899,AMA UBS VILA SILVIA,CENTRO DE SAUDE/UNIDADE BASICA,03821170,Vila Sílvia,Zona Leste
2789256,AMA UBS VILA SONIA,CENTRO DE SAUDE/UNIDADE BASICA,05625050,Vila Sônia,Zona Oeste
2064855,UBS AGUA FUNDA,CENTRO DE SAUDE/UNIDADE BASICA,04155000,Vila Água Funda,Zona Sul
4049896,UBS ALCINA PIMENTEL PIZA,CENTRO DE SAUDE/UNIDADE BASICA,04846010,Parque Brasil,Zona Sul
3385264,UBS ALMIRANTE DELAMARE,CENTRO DE SAUDE/UNIDADE BASICA,04218040,Ipiranga,Zona Sul
2091747,UBS ALPES DO JARAGUA,CENTRO DE SAUDE/UNIDADE BASICA,05187634,Conjunto Residencial Alpes do Jaraguá,Zona Oeste
2786737,UBS ALTO DA RIVIERA,CENTRO DE SAUDE/UNIDADE BASICA,04929080,Alto da Riviera,Zona Sul
3503488,UBS ALTO DE PINHEIROS DR SUEL ABUJAMRA,CENTRO DE SAUDE/UNIDADE BASICA,05319000,Vila Hamburguesa,Zona Oeste
2786745,UBS ALTO DO UMUARAMA,CENTRO DE SAUDE/UNIDADE BASICA,05783180,Jardim Umuarama,Zona Oeste
9788409,UBS ANCHIETA,CENTRO DE SAUDE/UNIDADE BASICA,04855000,Parque São Miguel,Zona Sul
2786729,UBS ANTONIO ESTEVAO DE CARVALHO,CENTRO DE SAUDE/UNIDADE BASICA,08220130,Cidade Antônio Estevão de Carvalho,Zona Leste
2774763,UBS ARRASTAO FRANCISCO SCALAMANDRE SOBRINHO,CENTRO DE SAUDE/UNIDADE BASICA,05788290,Jardim Bom Refúgio,Zona Oeste
6269567,UBS ATUALPA GIRAO RABELO,CENTRO DE SAUDE/UNIDADE BASICA,08140004,Jardim Camargo Novo,Zona Leste
2786761,UBS AUGUSTO LEOPOLDO A GALVAO,CENTRO DE SAUDE/UNIDADE BASICA,02860110,Vila Souza,Zona Norte
9072349,UBS AUTODROMO DR FAUZER SIMAO ABRAO,CENTRO DE SAUDE/UNIDADE BASICA,04815330,Jardim Satélite,Zona Sul
6332420,UBS BARRAGEM,CENTRO DE SAUDE/UNIDADE BASICA,04877110,Cidade Luz,Zona Sul
2786788,UBS BARRO BRANCO,CENTRO DE SAUDE/UNIDADE BASICA,08473533,Conjunto Habitacional Barro Branco II,Zona Leste
2752174,UBS BELENZINHO MARCUS WOLOSKER,CENTRO DE SAUDE/UNIDADE BASICA,03015000,Brás,Zona Leste
2029618,UBS BOM RETIRO OCTAVIO AUGUSTO RODOVALHO,CENTRO DE SAUDE/UNIDADE BASICA,01127020,Bom Retiro,Centro
6048633,UBS BORACEA,CENTRO DE SAUDE/UNIDADE BASICA,01135010,Barra Funda,Centro
2752182,UBS BRAS DR MANOEL SALDIVA NETO,CENTRO DE SAUDE/UNIDADE BASICA,03050020,Brás,Zona Leste
2786818,UBS BRASILANDIA,CENTRO DE SAUDE/UNIDADE BASICA,02831001,Itaberaba,Zona Norte
5313902,UBS BRASILIA M BOI,CENTRO DE SAUDE/UNIDADE BASICA,05846390,Jardim Casablanca,Zona Oeste
2752190,UBS BURGO PAULISTA,CENTRO DE SAUDE/UNIDADE BASICA,03680000,Burgo Paulista,Zona Leste
2786826,UBS BUTANTA,CENTRO DE SAUDE/UNIDADE BASICA,05590050,Vila Gomes,Zona Oeste
4493532,UBS CAJU,CENTRO DE SAUDE/UNIDADE BASICA,05336010,Jaguaré,Zona Oeste
2786834,UBS CAMBUCI,CENTRO DE SAUDE/UNIDADE BASICA,01536000,Cambuci,Centro
3452689,UBS CAMPO GRANDE,CENTRO DE SAUDE/UNIDADE BASICA,04679345,Vila Romano,Zona Sul
2786842,UBS CAMPO LIMPO,CENTRO DE SAUDE/UNIDADE BASICA,05767450,Jardim Catanduva,Zona Oeste
7884192,UBS CANTINHO DO CEU,CENTRO DE SAUDE/UNIDADE BASICA,04849558,Cantinho do Céu,Zona Sul
2068079,UBS CARANDIRU,CENTRO DE SAUDE/UNIDADE BASICA,02067020,Carandiru,Zona Norte
4050347,UBS CARLOS GENTILE DE MELO,CENTRO DE SAUDE/UNIDADE BASICA,08490600,Chácara Santa Etelvina,Zona Leste
2027682,UBS CASA VERDE,CENTRO DE SAUDE/UNIDADE BASICA,02522100,Vila Baruel,Zona Norte
2786869,UBS CASA VERDE ALTA,CENTRO DE SAUDE/UNIDADE BASICA,02564000,Casa Verde Alta,Zona Norte
4050177,UBS CASTRO ALVES,CENTRO DE SAUDE/UNIDADE BASICA,08474170,Conjunto Habitacional Castro Alves,Zona Leste
2786877,UBS CAXINGUI NANCI ABRANCHES,CENTRO DE SAUDE/UNIDADE BASICA,05515030,Caxingui,Zona Oeste
3219887,UBS CDHU PALANQUE,CENTRO DE SAUDE/UNIDADE BASICA,08371420,Jardim Marilu,Zona Leste
3992101,UBS CHACARA DO CONDE,CENTRO DE SAUDE/UNIDADE BASICA,04858010,Jardim Campinas,Zona Sul
6280188,UBS CHACARA DO SOL,CENTRO DE SAUDE/UNIDADE BASICA,04855515,Jardim Morais Prado,Zona Sul
2786885,UBS CHACARA INGLESA,CENTRO DE SAUDE/UNIDADE BASICA,05142120,Chácara Inglesa,Zona Oeste
3049213,UBS CHACARA SANTA MARIA,CENTRO DE SAUDE/UNIDADE BASICA,05876040,Jardim Guarujá,Zona Oeste
4050053,UBS CHACARA SANTANA,CENTRO DE SAUDE/UNIDADE BASICA,05831030,Chácara Santana,Zona Oeste
6090591,UBS CHACARA SANTO AMARO,CENTRO DE SAUDE/UNIDADE BASICA,04875120,Chácara Santo Amaro,Zona Sul
2765993,UBS CHACARA SANTO ANTONIO DR MARCILIO DE ARRUDA PENTEADO F,CENTRO DE SAUDE/UNIDADE BASICA,04717001,Chácara Santo Antônio (Zona Sul),Zona Sul
2027666,UBS CHORA MENINO,CENTRO DE SAUDE/UNIDADE BASICA,02461000,Santa Teresinha,Zona Norte
5743583,UBS CIDADE IPAVA,CENTRO DE SAUDE/UNIDADE BASICA,04950000,Cidade Ipava,Zona Sul
2786893,UBS CIDADE JULIA,CENTRO DE SAUDE/UNIDADE BASICA,04421150,Cidade Júlia,Zona Sul
2057131,UBS CIDADE KEMEL,CENTRO DE SAUDE/UNIDADE BASICA,08130485,Cidade Kemel,Zona Leste
2786907,UBS CIDADE LIDER,CENTRO DE SAUDE/UNIDADE BASICA,08280000,Cidade Líder,Zona Leste
2786915,UBS CIDADE NOVA SAO MIGUEL,CENTRO DE SAUDE/UNIDADE BASICA,08042130,Cidade Nova São Miguel,Zona Leste
2786923,UBS CIDADE PATRIARCA DR HERMENEGILDO MORBIN JUNIOR,CENTRO DE SAUDE/UNIDADE BASICA,03552080,Cidade Patriarca,Zona Leste
2046962,UBS CIDADE PEDRO JOSE NUNES,CENTRO DE SAUDE/UNIDADE BASICA,08061020,Jardim Pedro José Nunes,Zona Leste
2027038,UBS CIDADE SATELITE SANTA BARBARA,CENTRO DE SAUDE/UNIDADE BASICA,08330360,Cidade Satélite Santa Bárbara,Zona Leste
2774771,UBS CIDADE TIRADENTES LUIS MARANHAO,CENTRO DE SAUDE/UNIDADE BASICA,08490600,Chácara Santa Etelvina,Zona Leste
3738582,UBS CITY JARAGUA,CENTRO DE SAUDE/UNIDADE BASICA,02991000,Jardim Rincão,Zona Norte
6018939,UBS COLONIA,CENTRO DE SAUDE/UNIDADE BASICA,04892230,Colônia (Zona Sul),Zona Sul
9460551,UBS CONJUNTO AE CARVALHO - FRANCISCO MOREIRA GUEDIS,CENTRO DE SAUDE/UNIDADE BASICA,08225550,Conjunto Habitacional A E Carvalho,Zona Leste
2788012,UBS CONJUNTO DO IPESP,CENTRO DE SAUDE/UNIDADE BASICA,02346000,Jardim Leonor Mendes de Barros,Zona Norte
2786958,UBS COSTA MELO,CENTRO DE SAUDE/UNIDADE BASICA,03624010,Vila Buenos Aires,Zona Leste
4049977,UBS CRUZ DAS ALMAS,CENTRO DE SAUDE/UNIDADE BASICA,02965140,Jardim Mariliza,Zona Norte
2786966,UBS CUPECE DR WALDOMIRO PREGNOLATTO,CENTRO DE SAUDE/UNIDADE BASICA,04378300,Vila Mascote,Zona Sul
2786974,UBS DOM ANGELICO,CENTRO DE SAUDE/UNIDADE BASICA,08473000,Conjunto Habitacional Sitio Conceição,Zona Leste
2786982,UBS DOM JOAO NERY,CENTRO DE SAUDE/UNIDADE BASICA,08151000,Jardim Bartira,Zona Leste
2787008,UBS DOMINGOS MANTELLI,CENTRO DE SAUDE/UNIDADE BASICA,02956020,Vila Mirante,Zona Norte
2786710,UBS DONA ADELAIDE LOPES,CENTRO DE SAUDE/UNIDADE BASICA,02722030,Vila Siqueira (Zona Norte),Zona Norte
2027690,UBS DONA MARIQUINHA SCIASCIA,CENTRO DE SAUDE/UNIDADE BASICA,02370080,Tremembé,Zona Norte
2786753,UBS DR ANTONIO PIRES FERREIRA VILLALOBO,CENTRO DE SAUDE/UNIDADE BASICA,03560030,Vila Nhocune,Zona Leste
2042983,UBS DR EDUARDO ROMANO RESCHILIAN,CENTRO DE SAUDE/UNIDADE BASICA,04177380,Jardim Clímax,Zona Sul
2042541,UBS DR JOSE TOLEDO PIZA,CENTRO DE SAUDE/UNIDADE BASICA,02276000,Guapira,Zona Norte
2042975,UBS DR OSWALDO MARASCA JUNIOR,CENTRO DE SAUDE/UNIDADE BASICA,01552000,Vila Monumento,Centro
2788551,UBS DR SERGIO CHADDAD,CENTRO DE SAUDE/UNIDADE BASICA,04836130,Jardim Floresta,Zona Sul
2091712,UBS DR WALTER ELIAS,CENTRO DE SAUDE/UNIDADE BASICA,02518020,Jardim das Laranjeiras,Zona Norte
2787148,UBS DRA ILZA WELTMAN HUTZLER,CENTRO DE SAUDE/UNIDADE BASICA,02472190,Vila Roque,Zona Norte
9986898,UBS ELISA MARIA II DR CAMILO CRISTOFARO MARTINS,CENTRO DE SAUDE/UNIDADE BASICA,02673000,Vila Nova Cachoeirinha,Zona Norte
9488413,UBS ENCOSTA NORTE LUIZ JOSE SANTOS,CENTRO DE SAUDE/UNIDADE BASICA,08131320,Itaim Paulista,Zona Leste
2752220,UBS ENG GOULART JOSE PIRES,CENTRO DE SAUDE/UNIDADE BASICA,03726100,Engenheiro Goulart,Zona Leste
2787032,UBS ENGENHEIRO TRINDADE,CENTRO DE SAUDE/UNIDADE BASICA,03701000,Penha de França,Zona Leste
2065266,UBS ERMELINO MATARAZZO,CENTRO DE SAUDE/UNIDADE BASICA,03809060,Jardim Belém,Zona Leste
2789159,UBS FATIMA DE JESUS VIANA ROSA,CENTRO DE SAUDE/UNIDADE BASICA,02866080,Vila Penteado,Zona Norte
2787040,UBS FAZENDA DA JUTA I,CENTRO DE SAUDE/UNIDADE BASICA,03977740,Fazenda da Juta,Zona Leste
2788020,UBS FAZENDA DA JUTA II,CENTRO DE SAUDE/UNIDADE BASICA,03977409,Fazenda da Juta,Zona Leste
2787059,UBS FERROVIARIOS,CENTRO DE SAUDE/UNIDADE BASICA,08470610,Cidade Tiradentes,Zona Leste
2787067,UBS GAIVOTAS,CENTRO DE SAUDE/UNIDADE BASICA,04849345,Chácara Gaivotas,Zona Sul
2787075,UBS GLEBA DO PESSEGO,CENTRO DE SAUDE/UNIDADE BASICA,08265230,Gleba do Pêssego,Zona Leste
3121135,UBS GRAFICOS,CENTRO DE SAUDE/UNIDADE BASICA,08471530,Cidade Tiradentes,Zona Leste
4050010,UBS GUAIANASES II,CENTRO DE SAUDE/UNIDADE BASICA,08410120,Vila Princesa Isabel,Zona Leste
2787083,UBS GUAIANAZES,CENTRO DE SAUDE/UNIDADE BASICA,08450380,Lajeado,Zona Leste
2030934,UBS GUARANI VARGAS,CENTRO DE SAUDE/UNIDADE BASICA,04310000,Vila Guarani (Z Sul),Zona Sul
8147159,UBS HELENA MIGUEL REZEK,CENTRO DE SAUDE/UNIDADE BASICA,05584150,Loteamento Reserva Raposo,Zona Oeste
9188177,UBS HELIOPOLIS,CENTRO DE SAUDE/UNIDADE BASICA,04230040,Cidade Nova Heliópolis,Zona Sul
2787105,UBS HORIZONTE AZUL,CENTRO DE SAUDE/UNIDADE BASICA,04963000,Chácara Santo Antônio (Zona Sul),Zona Sul
2068044,UBS HORTO FLORESTAL,CENTRO DE SAUDE/UNIDADE BASICA,02377000,Horto Florestal,Zona Norte
2787113,UBS HUMAITA DR JOAO DE AZEVEDO LAGE,CENTRO DE SAUDE/UNIDADE BASICA,01321010,Bela Vista,Centro
2788438,UBS IACAPE JARDIM PLANALTO,CENTRO DE SAUDE/UNIDADE BASICA,03983090,Parque Santa Madalena,Zona Leste
2787121,UBS IGUACU MARIA JOSE MARIANO DA SILVA,CENTRO DE SAUDE/UNIDADE BASICA,03221300,Jardim Ângela (Zona Leste),Zona Leste
3661660,UBS INACIO MONTEIRO,CENTRO DE SAUDE/UNIDADE BASICA,08490000,Jardim São Paulo(Zona Leste),Zona Leste
2788578,UBS INDIANOPOLIS SIGMUND FREUD,CENTRO DE SAUDE/UNIDADE BASICA,04086011,Indianópolis,Zona Sul
9343121,UBS INTERATIVA,CENTRO DE SAUDE/UNIDADE BASICA,02820020,Vila Brasilândia,Zona Norte
2046261,UBS ITAIM PAULISTA JULIO DE GOUVEIA,CENTRO DE SAUDE/UNIDADE BASICA,08110460,Jardim Aimoré,Zona Leste
2752255,UBS ITAQUERA,CENTRO DE SAUDE/UNIDADE BASICA,08210090,Itaquera,Zona Leste
2787962,UBS JACANA DR SEBASTIAO GABRIEL SAYAGO DE LAET,CENTRO DE SAUDE/UNIDADE BASICA,02258220,Vila Constança,Zona Norte
2787970,UBS JARAGUA,CENTRO DE SAUDE/UNIDADE BASICA,08160350,Jardim Jaraguá (Itaim Paulista),Zona Leste
2787156,UBS JARDIM AEROPORTO DR MASSAKI UDIHARA,CENTRO DE SAUDE/UNIDADE BASICA,04633050,Jardim Aeroporto,Zona Sul
4410750,UBS JARDIM ANTARTICA,CENTRO DE SAUDE/UNIDADE BASICA,02652160,Jardim Antártica,Zona Norte
2787172,UBS JARDIM APUANA JOAO KOCH,CENTRO DE SAUDE/UNIDADE BASICA,02325530,Jardim Apuana,Zona Norte
2787180,UBS JARDIM APURA,CENTRO DE SAUDE/UNIDADE BASICA,04470170,Jardim Apurá,Zona Sul
2787199,UBS JARDIM ARACATI,CENTRO DE SAUDE/UNIDADE BASICA,04949070,Jardim Aracati,Zona Sul
2787202,UBS JARDIM AURORA,CENTRO DE SAUDE/UNIDADE BASICA,08431160,Jardim Aurora (Zona Leste),Zona Leste
3016935,UBS JARDIM BANDEIRANTES,CENTRO DE SAUDE/UNIDADE BASICA,08451410,Lajeado,Zona Leste
2787210,UBS JARDIM BOA VISTA,CENTRO DE SAUDE/UNIDADE BASICA,05583070,Jardim Boa Vista (Zona Oeste),Zona Oeste
2086743,UBS JARDIM CAICARA,CENTRO DE SAUDE/UNIDADE BASICA,05871370,Jardim São Manoel,Zona Oeste
2057271,UBS JARDIM CAMARGO NOVO,CENTRO DE SAUDE/UNIDADE BASICA,08121270,Jardim Camargo Novo,Zona Leste
2787229,UBS JARDIM CAMPINAS,CENTRO DE SAUDE/UNIDADE BASICA,04858550,Jardim Maria Amália,Zona Sul
2787237,UBS JARDIM CAMPOS,CENTRO DE SAUDE/UNIDADE BASICA,08160080,Jardim Campos,Zona Leste
2027011,UBS JARDIM CARRAOZINHO,CENTRO DE SAUDE/UNIDADE BASICA,08340320,Jardim Vila Carrão,Zona Leste
5079454,UBS JARDIM CELESTE,CENTRO DE SAUDE/UNIDADE BASICA,05844000,Jardim São Luís,Zona Oeste
2787261,UBS JARDIM CIDADE PIRITUBA,CENTRO DE SAUDE/UNIDADE BASICA,02942000,Jardim Cidade Pirituba,Zona Norte
2751887,UBS JARDIM CLIPER ROCILDA SOARES ALVES SILVA,CENTRO DE SAUDE/UNIDADE BASICA,04828070,Jardim Esmeralda (Zona Sul),Zona Sul
2787288,UBS JARDIM COIMBRA,CENTRO DE SAUDE/UNIDADE BASICA,04905023,Jardim das Flores,Zona Sul
9186492,UBS JARDIM COLOMBO,CENTRO DE SAUDE/UNIDADE BASICA,05629000,Jardim Colombo,Zona Oeste
2787296,UBS JARDIM COLONIAL,CENTRO DE SAUDE/UNIDADE BASICA,03968010,Parque Colonial,Zona Leste
4050037,UBS JARDIM COLORADO DR JOSE PIRES,CENTRO DE SAUDE/UNIDADE BASICA,08310240,Jardim Rodolfo Pirani,Zona Leste
2787318,UBS JARDIM COMERCIAL,CENTRO DE SAUDE/UNIDADE BASICA,05885190,Jardim Comercial,Zona Oeste
2774798,UBS JARDIM COPA MATHILDE DE AQUINO DINIZ,CENTRO DE SAUDE/UNIDADE BASICA,08270340,Jardim Marabá,Zona Leste
2787326,UBS JARDIM D ABRIL,CENTRO DE SAUDE/UNIDADE BASICA,05398130,Jardim D'Abril,Zona Oeste
2786931,UBS JARDIM DA CONQUISTA I,CENTRO DE SAUDE/UNIDADE BASICA,08340500,Jardim Vila Carrão,Zona Leste
3219771,UBS JARDIM DA CONQUISTA II,CENTRO DE SAUDE/UNIDADE BASICA,08343000,Jardim da Conquista (Zona Leste),Zona Leste
2042967,UBS JARDIM DA SAUDE NEUSA ROSALIA MORALES,CENTRO DE SAUDE/UNIDADE BASICA,04290080,Jardim da Saúde,Zona Sul
4677358,UBS JARDIM DAMASCENO,CENTRO DE SAUDE/UNIDADE BASICA,02879200,Jardim Damasceno,Zona Norte
2787334,UBS JARDIM DAS CAMELIAS,CENTRO DE SAUDE/UNIDADE BASICA,08050570,Jardim das Camélias,Zona Leste
6332439,UBS JARDIM DAS FONTES,CENTRO DE SAUDE/UNIDADE BASICA,04894450,Jardim das Fontes,Zona Sul
2787342,UBS JARDIM DAS LARANJEIRAS - SAO MATEUS,CENTRO DE SAUDE/UNIDADE BASICA,08370410,Jardim Maria Lídia,Zona Leste
2787350,UBS JARDIM DAS OLIVEIRAS,CENTRO DE SAUDE/UNIDADE BASICA,08122100,Jardim das Oliveiras,Zona Leste
6329527,UBS JARDIM DAS PALMAS,CENTRO DE SAUDE/UNIDADE BASICA,05734080,Vila Andrade,Zona Oeste
3323331,UBS JARDIM DAS PEDRAS,CENTRO DE SAUDE/UNIDADE BASICA,02267000,Vila Gustavo,Zona Norte
2787091,UBS JARDIM DOS EUCALIPTOS HELIO MOREIRA SALLES,CENTRO DE SAUDE/UNIDADE BASICA,03924240,Jardim Dona Sinhá,Zona Leste
7302541,UBS JARDIM EDITE GERONCIO HENRIQUE NETO,CENTRO DE SAUDE/UNIDADE BASICA,04576030,Cidade Monções,Zona Sul
6365817,UBS JARDIM ELEDY,CENTRO DE SAUDE/UNIDADE BASICA,05856140,Jardim Eledy,Zona Oeste
2787369,UBS JARDIM ELIANE,CENTRO DE SAUDE/UNIDADE BASICA,04851002,Jardim Edi,Zona Sul
5882281,UBS JARDIM ELISA MARIA I,CENTRO DE SAUDE/UNIDADE BASICA,02873250,Conjunto Promorar Estrada da Parada,Zona Norte
6018912,UBS JARDIM EMBURA,CENTRO DE SAUDE/UNIDADE BASICA,04893050,Embura,Zona Sul
2787377,UBS JARDIM ETELVINA,CENTRO DE SAUDE/UNIDADE BASICA,08430570,Jardim Etelvina,Zona Leste
2787385,UBS JARDIM FANGANIELLO,CENTRO DE SAUDE/UNIDADE BASICA,08450460,Jardim Fanganiello,Zona Leste
5621267,UBS JARDIM FLOR DE MAIO,CENTRO DE SAUDE/UNIDADE BASICA,02363000,Jardim Flor de Maio,Zona Norte
2091720,UBS JARDIM FONTALIS,CENTRO DE SAUDE/UNIDADE BASICA,02323035,Jardim Martins Silva,Zona Norte
2787393,UBS JARDIM GERMANIA,CENTRO DE SAUDE/UNIDADE BASICA,05835005,Vila Maracanã,Zona Oeste
2752263,UBS JARDIM GUAIRACA,CENTRO DE SAUDE/UNIDADE BASICA,03244030,Jardim Guairaca,Zona Leste
2787407,UBS JARDIM GUANABARA,CENTRO DE SAUDE/UNIDADE BASICA,02959000,Moinho Velho,Zona Norte
2787415,UBS JARDIM GUARANI,CENTRO DE SAUDE/UNIDADE BASICA,02849130,Jardim Guarani,Zona Norte
2787423,UBS JARDIM GUARUJA,CENTRO DE SAUDE/UNIDADE BASICA,05875300,Parque Independência,Zona Oeste
4049934,UBS JARDIM HELENA (AMA/UBS ATE 03/2022),CENTRO DE SAUDE/UNIDADE BASICA,08090370,Jardim Helena,Zona Leste
6039111,UBS JARDIM HELGA,CENTRO DE SAUDE/UNIDADE BASICA,05794380,Jardim Helga,Zona Oeste
2787431,UBS JARDIM HELIAN,CENTRO DE SAUDE/UNIDADE BASICA,08265130,Jardim Helian,Zona Leste
2787458,UBS JARDIM HERCULANO,CENTRO DE SAUDE/UNIDADE BASICA,04920050,Jardim Herculano,Zona Sul
2787466,UBS JARDIM ICARAI BRASILANDIA DR DANIEL ALVES GRANGEIRO,CENTRO DE SAUDE/UNIDADE BASICA,02846000,Brasilândia,Zona Norte
2787474,UBS JARDIM ICARAI QUINTANA,CENTRO DE SAUDE/UNIDADE BASICA,04837200,Jardim Icaraí,Zona Sul
2787989,UBS JARDIM INDAIA,CENTRO DE SAUDE/UNIDADE BASICA,08141130,Jardim Indaiá,Zona Leste
3689247,UBS JARDIM IPORA,CENTRO DE SAUDE/UNIDADE BASICA,04865170,Jardim Iporã,Zona Sul
2787482,UBS JARDIM IV CENTENARIO,CENTRO DE SAUDE/UNIDADE BASICA,03940000,Jardim São Gabriel,Zona Leste
2787490,UBS JARDIM IVA,CENTRO DE SAUDE/UNIDADE BASICA,03910000,Jardim Catarina,Zona Leste
2787504,UBS JARDIM JAPAO,CENTRO DE SAUDE/UNIDADE BASICA,02130020,Vila Maria Alta,Zona Norte
2787512,UBS JARDIM JAQUELINE,CENTRO DE SAUDE/UNIDADE BASICA,05529060,Jardim Jaqueline,Zona Oeste
7407629,UBS JARDIM JULIETA,CENTRO DE SAUDE/UNIDADE BASICA,02151080,Jardim Guanca,Zona Norte
2787547,UBS JARDIM KERALUX,CENTRO DE SAUDE/UNIDADE BASICA,03828000,Vila Guaraciaba,Zona Leste
8033420,UBS JARDIM KIOTO IGNES FONTANA TATTO,CENTRO DE SAUDE/UNIDADE BASICA,04832040,Jardim Kioto,Zona Sul
6873286,UBS JARDIM LAPENNA,CENTRO DE SAUDE/UNIDADE BASICA,08071180,Jardim Lapena,Zona Leste
2787563,UBS JARDIM LIDIA,CENTRO DE SAUDE/UNIDADE BASICA,05860070,Jardim Sandra,Zona Oeste
5120780,UBS JARDIM LOURDES,CENTRO DE SAUDE/UNIDADE BASICA,04325000,Vila do Encontro,Zona Sul
9794751,UBS JARDIM LUCELIA SANDRA AP BARBOSA CORREIA LIMA,CENTRO DE SAUDE/UNIDADE BASICA,04852220,Jardim Lucélia,Zona Sul
6195008,UBS JARDIM MACEDONIA,CENTRO DE SAUDE/UNIDADE BASICA,05894440,Jardim Macedônia,Zona Oeste
5620341,UBS JARDIM MAGDALENA,CENTRO DE SAUDE/UNIDADE BASICA,05890320,Jardim Amália,Zona Oeste
2062658,UBS JARDIM MAIA,CENTRO DE SAUDE/UNIDADE BASICA,08081330,Parque Paulistano,Zona Leste
5695813,UBS JARDIM MARACA,CENTRO DE SAUDE/UNIDADE BASICA,05867390,Capão Redondo,Zona Oeste
2027054,UBS JARDIM MARILIA,CENTRO DE SAUDE/UNIDADE BASICA,03585100,Jardim Brasília (Zona Leste),Zona Leste
7270941,UBS JARDIM MARINGA VILA TALARICO,CENTRO DE SAUDE/UNIDADE BASICA,03525090,Jardim Maringá,Zona Leste
7128940,UBS JARDIM MIRIAM II,CENTRO DE SAUDE/UNIDADE BASICA,04365001,Cidade Ademar,Zona Sul
2787636,UBS JARDIM MITSUTANI,CENTRO DE SAUDE/UNIDADE BASICA,05791080,Jardim Mitsutani,Zona Oeste
2787644,UBS JARDIM NAKAMURA,CENTRO DE SAUDE/UNIDADE BASICA,04942100,Jardim Nakamura,Zona Sul
2027526,UBS JARDIM NELIA,CENTRO DE SAUDE/UNIDADE BASICA,08142000,Jardim Nélia,Zona Leste
2787652,UBS JARDIM NITEROI,CENTRO DE SAUDE/UNIDADE BASICA,04434000,Jardim Orly,Zona Sul
4050134,UBS JARDIM NOSSA SENHORA DO CARMO,CENTRO DE SAUDE/UNIDADE BASICA,08275270,Jardim Nossa Senhora do Carmo,Zona Leste
2788152,UBS JARDIM NOVE DE JULHO,CENTRO DE SAUDE/UNIDADE BASICA,03953100,Jardim Cinco de Julho,Zona Leste
6822991,UBS JARDIM NOVO HORIZONTE,CENTRO DE SAUDE/UNIDADE BASICA,04857300,Jardim Novo Horizonte,Zona Sul
7357761,UBS JARDIM NOVO PANTANAL OTACILIO MADEIRA,CENTRO DE SAUDE/UNIDADE BASICA,04474180,Jardim Santa Terezinha (Pedreira),Zona Sul
3956946,UBS JARDIM OLINDA ZELIA PEREIRA SANTOS,CENTRO DE SAUDE/UNIDADE BASICA,05765170,Jardim Olinda,Zona Oeste
9059369,UBS JARDIM ORION GUANHEMBU,CENTRO DE SAUDE/UNIDADE BASICA,04821100,Jardim Colonial,Zona Sul
2787660,UBS JARDIM PANAMERICANO,CENTRO DE SAUDE/UNIDADE BASICA,02993000,Jardim Vivan,Zona Norte
2027046,UBS JARDIM PARAGUACU DR GONCALO FELICIANO ALVES,CENTRO DE SAUDE/UNIDADE BASICA,03941060,Jardim Paraguaçu,Zona Leste
3002543,UBS JARDIM PARANAPANEMA,CENTRO DE SAUDE/UNIDADE BASICA,05875360,Parque Independência,Zona Oeste
2787687,UBS JARDIM PENHA,CENTRO DE SAUDE/UNIDADE BASICA,03871000,Vila Constança,Zona Leste
2787695,UBS JARDIM PERI,CENTRO DE SAUDE/UNIDADE BASICA,02633000,Jardim Peri,Zona Norte
4049993,UBS JARDIM POPULAR DR MATHEUS SANTAMARIA,CENTRO DE SAUDE/UNIDADE BASICA,03670010,Jardim Popular,Zona Leste
4771311,UBS JARDIM REIMBERG - NAIR NUNES DA SILVA,CENTRO DE SAUDE/UNIDADE BASICA,04845230,Jardim Reimberg,Zona Sul
2787709,UBS JARDIM REPUBLICA,CENTRO DE SAUDE/UNIDADE BASICA,04812090,Jardim República,Zona Sul
7097778,UBS JARDIM RINCAO,CENTRO DE SAUDE/UNIDADE BASICA,02991050,Jardim Rincão,Zona Norte
2787717,UBS JARDIM ROBRU GUAIANAZES,CENTRO DE SAUDE/UNIDADE BASICA,08431410,Guaianazes,Zona Leste
2787725,UBS JARDIM ROBRU MESSIAS JOSE DA SILVA,CENTRO DE SAUDE/UNIDADE BASICA,08150350,Jardim Robru,Zona Leste
2787733,UBS JARDIM ROMANO VILA ITAIM,CENTRO DE SAUDE/UNIDADE BASICA,08190450,Vila Itaim,Zona Leste
2787741,UBS JARDIM ROSELI,CENTRO DE SAUDE/UNIDADE BASICA,08380039,Jardim Roseli,Zona Leste
3651770,UBS JARDIM ROSINHA,CENTRO DE SAUDE/UNIDADE BASICA,05274001,Jardim Rosinha,Zona Oeste
6332447,UBS JARDIM SANTA FE,CENTRO DE SAUDE/UNIDADE BASICA,04890290,Jardim Santa Fé (Zona Sul),Zona Sul
2825767,UBS JARDIM SANTA MARGARIDA,CENTRO DE SAUDE/UNIDADE BASICA,04931100,Jardim Santa Margarida,Zona Sul
2086808,UBS JARDIM SANTA MARIA,CENTRO DE SAUDE/UNIDADE BASICA,03576000,Jardim Santa Maria,Zona Leste
2787865,UBS JARDIM SANTA TEREZINHA,CENTRO DE SAUDE/UNIDADE BASICA,03572000,Jardim Santa Terezinha (Zona Leste),Zona Leste
2787768,UBS JARDIM SAO BENTO,CENTRO DE SAUDE/UNIDADE BASICA,05881000,Jardim Soraia,Zona Oeste
4771273,UBS JARDIM SAO BERNARDO,CENTRO DE SAUDE/UNIDADE BASICA,04847005,Parque Novo Grajaú,Zona Sul
9632387,UBS JARDIM SAO CARLOS,CENTRO DE SAUDE/UNIDADE BASICA,08062060,Vila Monte Santo,Zona Leste
3074544,UBS JARDIM SAO CARLOS CIDADE ADEMAR,CENTRO DE SAUDE/UNIDADE BASICA,04429280,Americanópolis,Zona Sul
2787776,UBS JARDIM SAO FRANCISCO I,CENTRO DE SAUDE/UNIDADE BASICA,03718020,Jardim São Francisco (Zona Leste),Zona Leste
2787806,UBS JARDIM SAO NICOLAU,CENTRO DE SAUDE/UNIDADE BASICA,03690000,Jardim Nordeste,Zona Leste
2787814,UBS JARDIM SAO NORBERTO,CENTRO DE SAUDE/UNIDADE BASICA,04890290,Jardim Santa Fé (Zona Sul),Zona Sul
4049942,UBS JARDIM SAO PEDRO FRANCISCO ANTONIO CESARONI,CENTRO DE SAUDE/UNIDADE BASICA,08420680,Jardim São Pedro,Zona Leste
2047004,UBS JARDIM SAO SAVERIO AURELIO MELLONE,CENTRO DE SAUDE/UNIDADE BASICA,04195060,Jardim Celeste,Zona Sul
2787822,UBS JARDIM SAPOPEMBA PROF DR HUMBERTO DELBONI FILHO,CENTRO DE SAUDE/UNIDADE BASICA,03976020,Jardim Sapopemba,Zona Leste
2787830,UBS JARDIM SECKLER,CENTRO DE SAUDE/UNIDADE BASICA,04240150,São João Clímaco,Zona Sul
6683991,UBS JARDIM SELMA CIDADE ADEMAR,CENTRO DE SAUDE/UNIDADE BASICA,04431160,Jardim Selma,Zona Sul
2787849,UBS JARDIM SILVA TELLES,CENTRO DE SAUDE/UNIDADE BASICA,08160460,Jardim Silva Teles,Zona Leste
6332463,UBS JARDIM SILVEIRA,CENTRO DE SAUDE/UNIDADE BASICA,04889000,Parelheiros,Zona Sul
2787857,UBS JARDIM SINHA,CENTRO DE SAUDE/UNIDADE BASICA,03923165,Parque dos Bancários,Zona Leste
4050045,UBS JARDIM SOARES,CENTRO DE SAUDE/UNIDADE BASICA,08460365,Jardim São Paulo(Zona Leste),Zona Leste
4049861,UBS JARDIM SOUZA,CENTRO DE SAUDE/UNIDADE BASICA,04917070,Jardim Souza,Zona Sul
4050118,UBS JARDIM THOMAS,CENTRO DE SAUDE/UNIDADE BASICA,05833040,Jardim Thomaz,Zona Oeste
2752298,UBS JARDIM TIETE II,CENTRO DE SAUDE/UNIDADE BASICA,03947030,Jardim Nove de Julho,Zona Leste
2787903,UBS JARDIM TRES CORACOES,CENTRO DE SAUDE/UNIDADE BASICA,04855330,Jardim Três Corações,Zona Sul
2787911,UBS JARDIM UMUARAMA,CENTRO DE SAUDE/UNIDADE BASICA,04655000,Jardim Alzira,Zona Sul
6380417,UBS JARDIM VALQUIRIA,CENTRO DE SAUDE/UNIDADE BASICA,05789001,Pirajussara,Zona Oeste
2787938,UBS JARDIM VERA CRUZ PERDIZES,CENTRO DE SAUDE/UNIDADE BASICA,01259030,Sumaré,Centro
2787946,UBS JARDIM VISTA ALEGRE VANDA APARECIDA DOS SANTOS,CENTRO DE SAUDE/UNIDADE BASICA,02878080,Jardim Vista Alegre,Zona Norte
2787954,UBS JARDIM VITORIA,CENTRO DE SAUDE/UNIDADE BASICA,04846650,Jardim Ideal,Zona Sul
2027631,UBS JOAQUIM ANTONIO EIRADO,CENTRO DE SAUDE/UNIDADE BASICA,02022011,Santana,Zona Norte
5479517,UBS JOAQUIM ROSSINI VILA CARIOCA DR MOACIR PARRA,CENTRO DE SAUDE/UNIDADE BASICA,04223000,Vila Independência,Zona Sul
2787997,UBS JORDANOPOLIS,CENTRO DE SAUDE/UNIDADE BASICA,04830200,Jardim Presidente,Zona Sul
4049950,UBS JOSE BONIFACIO II CELINA MARIA JOSE DE OLIVEIRA,CENTRO DE SAUDE/UNIDADE BASICA,08253580,Conjunto Residencial José Bonifácio,Zona Leste
4050142,UBS JOSE BONIFACIO III DRA LUCY MAYUMI UDAKIRI,CENTRO DE SAUDE/UNIDADE BASICA,08250650,Conjunto Residencial José Bonifácio,Zona Leste
2752301,UBS JOSE DE BARROS MAGALDI,CENTRO DE SAUDE/UNIDADE BASICA,04533050,Itaim Bibi,Zona Sul
2788004,UBS JOSE MARCILIO MALTA CARDOSO,CENTRO DE SAUDE/UNIDADE BASICA,05379240,Jardim Tropical,Zona Oeste
9339833,UBS JOVA RURAL,CENTRO DE SAUDE/UNIDADE BASICA,02281200,Conjunto Habitacional Jova Rural,Zona Norte
2788039,UBS LARANJEIRAS,CENTRO DE SAUDE/UNIDADE BASICA,04476145,Jardim das Laranjeiras (Zona Sul),Zona Sul
3614948,UBS LUAR DO SERTAO,CENTRO DE SAUDE/UNIDADE BASICA,05879450,Chácara Santa Maria,Zona Oeste
2788055,UBS LUIZ ERNESTO MAZZONI,CENTRO DE SAUDE/UNIDADE BASICA,04186100,Vila Liviero,Zona Sul
2788063,UBS MANOEL JOAQUIM PERA,CENTRO DE SAUDE/UNIDADE BASICA,05435030,Sumarezinho,Zona Oeste
2766000,UBS MAR PAULISTA,CENTRO DE SAUDE/UNIDADE BASICA,04463060,Balneário Mar Paulista,Zona Sul
2788071,UBS MARIA CECILIA FERRO DONNANGELO,CENTRO DE SAUDE/UNIDADE BASICA,02842260,Jardim do Tiro,Zona Norte
6332471,UBS MARSILAC,CENTRO DE SAUDE/UNIDADE BASICA,04891000,Parelheiros,Zona Sul
2043017,UBS MASCARENHAS DE MORAES,CENTRO DE SAUDE/UNIDADE BASICA,03977180,Conjunto Habitacional Marechal Mascarenhas de Morais,Zona Leste
2788098,UBS MATA VIRGEM,CENTRO DE SAUDE/UNIDADE BASICA,04476320,Eldorado,Zona Sul
2027380,UBS MENINOPOLIS MARIO FRANCISCO NAPOLITANO,CENTRO DE SAUDE/UNIDADE BASICA,04580040,Vila Cordeiro,Zona Sul
2788101,UBS MILTON SANTOS,CENTRO DE SAUDE/UNIDADE BASICA,04065004,Planalto Paulista,Zona Sul
2788136,UBS MOINHO VELHO,CENTRO DE SAUDE/UNIDADE BASICA,02933180,Vila Palmeiras,Zona Norte
2788128,UBS MOINHO VELHO II,CENTRO DE SAUDE/UNIDADE BASICA,04285041,Vila Moinho Velho,Zona Sul
2042258,UBS MOOCA I,CENTRO DE SAUDE/UNIDADE BASICA,03166000,Mooca,Zona Leste
2091739,UBS MORADA DO SOL,CENTRO DE SAUDE/UNIDADE BASICA,05281120,Conjunto Residencial Morada do Sol,Zona Oeste
3651762,UBS MORRO DOCE,CENTRO DE SAUDE/UNIDADE BASICA,05267030,Jardim Anhangüera,Zona Oeste
9618694,UBS NASCER DO SOL,CENTRO DE SAUDE/UNIDADE BASICA,08485300,Conjunto Habitacional Santa Etelvina II,Zona Leste
2788209,UBS NITRO OPERARIA PAULO FELDMAN,CENTRO DE SAUDE/UNIDADE BASICA,08010380,Cidade Nitro Operária,Zona Leste
2788144,UBS NOSSA SENHORA DO BRASIL ARMANDO DARIENZO,CENTRO DE SAUDE/UNIDADE BASICA,01330010,Bela Vista,Centro
6332498,UBS NOVA AMERICA,CENTRO DE SAUDE/UNIDADE BASICA,04895020,Colônia (Zona Sul),Zona Sul
6879810,UBS NOVA ESPERANCA PAULISTANO II,CENTRO DE SAUDE/UNIDADE BASICA,02812220,Jardim Paulistano (Zona Norte),Zona Norte
3661741,UBS NOVO CAMINHO,CENTRO DE SAUDE/UNIDADE BASICA,05812030,Jardim São Luís,Zona Oeste
2788160,UBS NOVO JARDIM I,CENTRO DE SAUDE/UNIDADE BASICA,05819080,Jardim Santa Josefina,Zona Oeste
4049926,UBS PADRE JOSE DE ANCHIETA,CENTRO DE SAUDE/UNIDADE BASICA,03589010,Conjunto Habitacional Padre José de Anchieta,Zona Leste
2788179,UBS PARADA XV DE NOVEMBRO,CENTRO DE SAUDE/UNIDADE BASICA,08246101,Parada XV de Novembro,Zona Leste
2788187,UBS PARAISOPOLIS,CENTRO DE SAUDE/UNIDADE BASICA,05664000,Paraisópolis,Zona Oeste
3956954,UBS PARAISOPOLIS II,CENTRO DE SAUDE/UNIDADE BASICA,05660000,Paraisópolis,Zona Oeste
6564410,UBS PARAISOPOLIS III,CENTRO DE SAUDE/UNIDADE BASICA,05656010,Fazenda Morumbi,Zona Oeste
4050150,UBS PARELHEIROS,CENTRO DE SAUDE/UNIDADE BASICA,04890430,Jardim Novo Parelheiros,Zona Sul
2788268,UBS PARQUE ARARIBA,CENTRO DE SAUDE/UNIDADE BASICA,05774300,Parque Regina,Zona Oeste
2752328,UBS PARQUE ARTHUR ALVIM,CENTRO DE SAUDE/UNIDADE BASICA,03566010,Vila Santa Teresa (Zona Leste),Zona Leste
2788276,UBS PARQUE BOA ESPERANCA,CENTRO DE SAUDE/UNIDADE BASICA,08341410,Parque Boa Esperança,Zona Leste
2027461,UBS PARQUE DA LAPA,CENTRO DE SAUDE/UNIDADE BASICA,05301060,Parque da Lapa,Zona Oeste
4700449,UBS PARQUE DAS FLORES,CENTRO DE SAUDE/UNIDADE BASICA,08391330,Parque das Flores,Zona Leste
4050223,UBS PARQUE DO LAGO,CENTRO DE SAUDE/UNIDADE BASICA,04941172,Parque Bologne,Zona Sul
2788292,UBS PARQUE DOROTEIA,CENTRO DE SAUDE/UNIDADE BASICA,04474000,Jardim Santa Terezinha (Pedreira),Zona Sul
4488326,UBS PARQUE DOS BUFALOS,CENTRO DE SAUDE/UNIDADE BASICA,04470192,Jardim Apurá,Zona Sul
2788306,UBS PARQUE EDU CHAVES,CENTRO DE SAUDE/UNIDADE BASICA,02229001,Parque Edu Chaves,Zona Norte
2788314,UBS PARQUE ENGENHO II,CENTRO DE SAUDE/UNIDADE BASICA,05892360,Jardim Amália,Zona Oeste
2815451,UBS PARQUE FIGUEIRA GRANDE,CENTRO DE SAUDE/UNIDADE BASICA,04915170,Jardim Figueira Grande,Zona Sul
2788330,UBS PARQUE IMPERIAL MANOEL ANTONIO DA SILVA SARAGOCA,CENTRO DE SAUDE/UNIDADE BASICA,04304110,Vila Monte Alegre,Zona Sul
3738604,UBS PARQUE MARIA DOMITILA,CENTRO DE SAUDE/UNIDADE BASICA,05119000,City América,Zona Oeste
2788349,UBS PARQUE NOVO MUNDO I,CENTRO DE SAUDE/UNIDADE BASICA,02168020,Jardim Andaraí,Zona Norte
2788357,UBS PARQUE NOVO MUNDO II,CENTRO DE SAUDE/UNIDADE BASICA,02188050,Parque Novo Mundo,Zona Norte
2788365,UBS PARQUE NOVO SANTO AMARO,CENTRO DE SAUDE/UNIDADE BASICA,05874130,Parque Novo Santo Amaro,Zona Oeste
6283616,UBS PARQUE PAULISTANO (EX AMA/UBS 08/2022),CENTRO DE SAUDE/UNIDADE BASICA,08080160,Parque Paulistano,Zona Leste
2788373,UBS PARQUE PERUCHE,CENTRO DE SAUDE/UNIDADE BASICA,02538010,Parque Peruche,Zona Norte
2788381,UBS PARQUE REGINA PERINA ALVES TEIXEIRA,CENTRO DE SAUDE/UNIDADE BASICA,05775230,Parque Regina,Zona Oeste
2788403,UBS PARQUE RESIDENCIAL COCAIA INDEPENDENTE,CENTRO DE SAUDE/UNIDADE BASICA,04849040,Parque Residencial Cocaia,Zona Sul
2788446,UBS PARQUE SANTA RITA,CENTRO DE SAUDE/UNIDADE BASICA,08150020,Parque Santa Rita,Zona Leste
4493516,UBS PARQUE SANTO ANTONIO II,CENTRO DE SAUDE/UNIDADE BASICA,05822010,Parque Santo Antônio,Zona Oeste
2057891,UBS PARQUE SAO LUCAS,CENTRO DE SAUDE/UNIDADE BASICA,03239080,Parque São Lucas,Zona Leste
4049853,UBS PARQUE SAO RAFAEL DRA ORA ROSEN,CENTRO DE SAUDE/UNIDADE BASICA,08311270,Parque São Rafael,Zona Leste
4050398,UBS PASTORAL,CENTRO DE SAUDE/UNIDADE BASICA,03981090,Parque Santa Madalena,Zona Leste
4050002,UBS PEDRO DE SOUZA CAMPOS,CENTRO DE SAUDE/UNIDADE BASICA,03801000,Parque Boturussu,Zona Leste
2064820,UBS PONTE RASA DR CARLOS OLIVALDO DE SOUZA LOPES MUNIZ,CENTRO DE SAUDE/UNIDADE BASICA,03894000,Jardim Ponte Rasa,Zona Leste
2786990,UBS PONTE SECA DOM LUCIANO BERGAMINI,CENTRO DE SAUDE/UNIDADE BASICA,04891360,Engenheiro Marsilac,Zona Sul
3002926,UBS PREFEITO CELSO AUGUSTO DANIEL,CENTRO DE SAUDE/UNIDADE BASICA,08465050,Conjunto Habitacional Juscelino Kubitschek,Zona Leste
4049969,UBS PRESTES MAIA,CENTRO DE SAUDE/UNIDADE BASICA,08490020,Conjunto Residencial Prestes Maia,Zona Leste
8212058,UBS PRIMAVERA COLORADO,CENTRO DE SAUDE/UNIDADE BASICA,03918055,Vila Bancária,Zona Leste
2766019,UBS PRIMEIRO DE OUTUBRO,CENTRO DE SAUDE/UNIDADE BASICA,08452590,Vila Lourdes,Zona Leste
9423206,UBS PRO MORAR,CENTRO DE SAUDE/UNIDADE BASICA,03928090,Conjunto Habitacional Teotonio Vilela,Zona Leste
2027305,UBS PROFETA JEREMIAS,CENTRO DE SAUDE/UNIDADE BASICA,08471710,Cidade Tiradentes,Zona Leste
2788470,UBS REAL PARQUE PAULO MANGAEIRA ALBERNAZ FILHO,CENTRO DE SAUDE/UNIDADE BASICA,05686050,Real Parque,Zona Oeste
2027321,UBS RECANTO CAMPO BELO,CENTRO DE SAUDE/UNIDADE BASICA,04880035,Recanto Campo Belo,Zona Sul
3105504,UBS RECANTO DOS HUMILDES,CENTRO DE SAUDE/UNIDADE BASICA,05210000,Recanto Paraíso,Zona Oeste
2788489,UBS RECANTO VERDE DO SOL,CENTRO DE SAUDE/UNIDADE BASICA,08382505,Jardim Arantes,Zona Leste
6090621,UBS REPUBLICA FERNANDA SANTE LIMEIRA,CENTRO DE SAUDE/UNIDADE BASICA,01008000,Centro,Centro
4050401,UBS REUNIDAS I,CENTRO DE SAUDE/UNIDADE BASICA,03249030,Vila Ivg,Zona Leste
2788497,UBS REUNIDAS II,CENTRO DE SAUDE/UNIDADE BASICA,03260000,Vila Cunha Bueno,Zona Leste
4050061,UBS RIO CLARO,CENTRO DE SAUDE/UNIDADE BASICA,08395320,Conjunto Promorar Rio Claro,Zona Leste
2788500,UBS RIO PEQUENO PAULO DE BARROS FRANCA,CENTRO DE SAUDE/UNIDADE BASICA,05353160,Cidade São Francisco,Zona Oeste
2788519,UBS SACOMA EDMUNDO SUSSUMU FUJITA,CENTRO DE SAUDE/UNIDADE BASICA,04232000,Ipiranga,Zona Sul
2752336,UBS SANTA CECILIA DR HUMBERTO PASCALE,CENTRO DE SAUDE/UNIDADE BASICA,01153000,Barra Funda,Centro
2091526,UBS SANTA CRUZ,CENTRO DE SAUDE/UNIDADE BASICA,04121001,Vila Mariana,Zona Sul
2788608,UBS SANTA INES,CENTRO DE SAUDE/UNIDADE BASICA,08070130,Parque Cruzeiro do Sul,Zona Leste
2788616,UBS SANTA LUCIA,CENTRO DE SAUDE/UNIDADE BASICA,04940070,Vila Santa Lúcia,Zona Sul
2788624,UBS SANTA LUZIA,CENTRO DE SAUDE/UNIDADE BASICA,08142360,Jardim Miriam,Zona Leste
2788411,UBS SANTA MADALENA,CENTRO DE SAUDE/UNIDADE BASICA,03980050,Jardim Elba,Zona Leste
2788640,UBS SANTO AMARO DR SERGIO VILLACA BRAGA,CENTRO DE SAUDE/UNIDADE BASICA,04741000,Jardim Santo Amaro,Zona Sul
4466713,UBS SANTO DIAS,CENTRO DE SAUDE/UNIDADE BASICA,02814200,Jardim Paulistano (Zona Norte),Zona Norte
3469042,UBS SANTO ELIAS,CENTRO DE SAUDE/UNIDADE BASICA,05135370,Jardim Santo Elias,Zona Oeste
3004341,UBS SANTO ESTEVAO,CENTRO DE SAUDE/UNIDADE BASICA,08270110,Vila Carmosina,Zona Leste
3044750,UBS SAO CARLOS GUAIANASES,CENTRO DE SAUDE/UNIDADE BASICA,08411470,Jardim São Carlos (Zona Leste),Zona Leste
3996115,UBS SAO JORGE CIDADE ADEMAR,CENTRO DE SAUDE/UNIDADE BASICA,04432000,Jardim São Jorge,Zona Sul
2788535,UBS SAO MATEUS NAIR ALVES DE REZENDE NORIMBENI,CENTRO DE SAUDE/UNIDADE BASICA,03958000,Cidade São Mateus,Zona Leste
7672578,UBS SAO REMO,CENTRO DE SAUDE/UNIDADE BASICA,05360170,Vila Butantã,Zona Oeste
5975220,UBS SE,CENTRO DE SAUDE/UNIDADE BASICA,01020030,Sé,Centro
9343148,UBS SEM TERRA (PQ NACOES UNIDAS),CENTRO DE SAUDE/UNIDADE BASICA,02996180,Parque Nações Unidas,Zona Norte
9129855,UBS SHANGRILA ELLUS,CENTRO DE SAUDE/UNIDADE BASICA,04852032,Jardim Shangrilá (Zona Sul),Zona Sul
2788586,UBS SILMARYA REJANE MARCOLINO SOUZA,CENTRO DE SAUDE/UNIDADE BASICA,02855030,Jardim Carombé,Zona Norte
2074079,UBS TEOTONIO VILELA,CENTRO DE SAUDE/UNIDADE BASICA,03928240,Conjunto Habitacional Teotonio Vilela,Zona Leste
2788659,UBS THERSIO VENTURA,CENTRO DE SAUDE/UNIDADE BASICA,08061360,Jardim Pedro José Nunes,Zona Leste
9459065,UBS TRES PONTES - SRA FLORISVALDA NASCIMENTO DE SOUZA,CENTRO DE SAUDE/UNIDADE BASICA,08191330,Jardim Célia,Zona Leste
2788667,UBS UNIAO DAS VILAS DE TAIPAS,CENTRO DE SAUDE/UNIDADE BASICA,02810000,Sítio Morro Grande,Zona Norte
2819856,UBS UNIAO DE VILA NOVA,CENTRO DE SAUDE/UNIDADE BASICA,08071100,Jardim Nair,Zona Leste
2789280,UBS VARGEM GRANDE,CENTRO DE SAUDE/UNIDADE BASICA,04896260,Colônia (Zona Sul),Zona Sul
2789299,UBS VARGINHA,CENTRO DE SAUDE/UNIDADE BASICA,04857040,Jardim Varginha,Zona Sul
2789302,UBS VELEIROS,CENTRO DE SAUDE/UNIDADE BASICA,04771180,Jardim dos Lagos,Zona Sul
2086816,UBS VERA CRUZ DR FERNANDO PROENCA DE GOUVEA,CENTRO DE SAUDE/UNIDADE BASICA,04962000,Vila do Sol,Zona Sul
2027275,UBS VILA ALBERTINA DR OSVALDO MARCAL,CENTRO DE SAUDE/UNIDADE BASICA,02356020,Jardim Virginia Bianca,Zona Norte
2045451,UBS VILA ALPINA DR HERMINIO MOREIRA,CENTRO DE SAUDE/UNIDADE BASICA,03147100,Vila Bela,Zona Leste
2788675,UBS VILA ANASTACIO,CENTRO DE SAUDE/UNIDADE BASICA,05093040,Vila Anastácio,Zona Oeste
2788683,UBS VILA ANGLO JOSE SERRA RIBEIRO,CENTRO DE SAUDE/UNIDADE BASICA,05016090,Perdizes,Zona Oeste
2788705,UBS VILA APARECIDA,CENTRO DE SAUDE/UNIDADE BASICA,04459110,Pedreira,Zona Sul
2788713,UBS VILA ARAPUA NELSON MORAES,CENTRO DE SAUDE/UNIDADE BASICA,04257045,Parque Fongaro,Zona Sul
2788721,UBS VILA ARICANDUVA,CENTRO DE SAUDE/UNIDADE BASICA,03506000,Vila Aricanduva,Zona Leste
2788748,UBS VILA ARRIETE DECIO PACHECO PEDROSO,CENTRO DE SAUDE/UNIDADE BASICA,04447010,Vila Emir,Zona Sul
2752212,UBS VILA AURORA DOMINGOS MAZZONETO DE CILO,CENTRO DE SAUDE/UNIDADE BASICA,02413200,Imirim,Zona Norte
2752344,UBS VILA BERTIOGA DOMINGOS DELASCIO,CENTRO DE SAUDE/UNIDADE BASICA,03192060,Vila Oratório,Zona Leste
2788764,UBS VILA BORGES,CENTRO DE SAUDE/UNIDADE BASICA,05546040,Jardim Cláudia,Zona Oeste
6377742,UBS VILA CAIUBA,CENTRO DE SAUDE/UNIDADE BASICA,05207000,Vila Caiúba,Zona Oeste
3762831,UBS VILA CALU,CENTRO DE SAUDE/UNIDADE BASICA,04948030,Parque do Lago,Zona Sul
6165516,UBS VILA CAMPESTRE,CENTRO DE SAUDE/UNIDADE BASICA,04332080,Vila Campestre,Zona Sul
7136617,UBS VILA CANAA,CENTRO DE SAUDE/UNIDADE BASICA,04369000,Vila Santa Catarina,Zona Sul
2788772,UBS VILA CARMOSINA,CENTRO DE SAUDE/UNIDADE BASICA,08290330,Vila Carmosina,Zona Leste
2752352,UBS VILA CARRAO DR ADHEMAR MONTEIRO PACHECO,CENTRO DE SAUDE/UNIDADE BASICA,03447000,Vila Carrão,Zona Leste
2788780,UBS VILA CHABILANDIA,CENTRO DE SAUDE/UNIDADE BASICA,08451000,Guaianazes,Zona Leste
2079070,UBS VILA CISPER,CENTRO DE SAUDE/UNIDADE BASICA,03817220,Parque Císper,Zona Leste
2788799,UBS VILA CONSTANCIA VICENTE OCTAVIO GUIDA,CENTRO DE SAUDE/UNIDADE BASICA,04438280,Vila do Castelo,Zona Sul
2789310,UBS VILA COSMOPOLITA,CENTRO DE SAUDE/UNIDADE BASICA,08421570,Conjunto Habitacional Fazenda do Carmo,Zona Leste
2788802,UBS VILA CURUCA,CENTRO DE SAUDE/UNIDADE BASICA,08030500,Vila Curuçá,Zona Leste
2788810,UBS VILA DALVA ENG GUILHERME H PINTO COELHO,CENTRO DE SAUDE/UNIDADE BASICA,05386110,Rio Pequeno,Zona Oeste
4049810,UBS VILA DAS BELEZAS ALBERTO AMBROSIO,CENTRO DE SAUDE/UNIDADE BASICA,05835002,Vila das Belezas,Zona Oeste
2788829,UBS VILA DAS MERCES,CENTRO DE SAUDE/UNIDADE BASICA,04165001,Vila das Mercês,Zona Sul
2788837,UBS VILA DIONISIA,CENTRO DE SAUDE/UNIDADE BASICA,02670040,Vila Dionisia,Zona Norte
6974511,UBS VILA DIONISIA II,CENTRO DE SAUDE/UNIDADE BASICA,02617080,Vila Bela Vista (Zona Norte),Zona Norte
2788845,UBS VILA EDE,CENTRO DE SAUDE/UNIDADE BASICA,02203010,Vila Ede,Zona Norte
9624988,UBS VILA EMA DR FUAD KASSAB,CENTRO DE SAUDE/UNIDADE BASICA,03278030,Vila Ema,Zona Leste
2788853,UBS VILA ESPANHOLA,CENTRO DE SAUDE/UNIDADE BASICA,02566020,Vila Espanhola,Zona Norte
2788861,UBS VILA ESPERANCA DR CASSIO BITTENCOURT FILHO,CENTRO DE SAUDE/UNIDADE BASICA,03644070,Vila Beatriz,Zona Leste
2788888,UBS VILA ESPERANCA DR EMILIO SANTIAGO OLIVEIRA,CENTRO DE SAUDE/UNIDADE BASICA,03647030,Vila Esperança,Zona Leste
4049799,UBS VILA FORMOSA COMENDADOR JOSE GONZALEZ,CENTRO DE SAUDE/UNIDADE BASICA,03367040,Vila Formosa,Zona Leste
2788918,UBS VILA FORMOSA I DR ANTONIO DA SILVEIRA E OLIVEIRA,CENTRO DE SAUDE/UNIDADE BASICA,03355000,Vila Formosa,Zona Leste
2788896,UBS VILA FORMOSA II,CENTRO DE SAUDE/UNIDADE BASICA,03365000,Vila Formosa,Zona Leste
2788926,UBS VILA GRANADA DR ALFREDO FERREIRA PAULINO FILHO,CENTRO DE SAUDE/UNIDADE BASICA,03660010,Vila Ré,Zona Leste
2788934,UBS VILA GUACURI CICERO SERGIO CAVALCANTE,CENTRO DE SAUDE/UNIDADE BASICA,04475380,Jardim Rubilene,Zona Sul
2788942,UBS VILA GUARANI,CENTRO DE SAUDE/UNIDADE BASICA,03382180,Chácara Belenzinho,Zona Leste
2788950,UBS VILA GUILHERME (EX AMA/UBS-08/2022),CENTRO DE SAUDE/UNIDADE BASICA,02054100,Vila Guilherme,Zona Norte
2788969,UBS VILA GUILHERMINA DR AMERICO RASPA NETO,CENTRO DE SAUDE/UNIDADE BASICA,03547020,Cidade Patriarca,Zona Leste
2787598,UBS VILA GUMERCINDO PROF JANDIRA MASSUR,CENTRO DE SAUDE/UNIDADE BASICA,04123030,Vila Firmiano Pinto,Zona Sul
2026961,UBS VILA HELOISA,CENTRO DE SAUDE/UNIDADE BASICA,03286095,Vila Cleonice,Zona Leste
2788977,UBS VILA IMPERIO DRA GILDA TERA TAHIRA,CENTRO DE SAUDE/UNIDADE BASICA,04409060,Americanópolis,Zona Sul
2788985,UBS VILA IPOJUCA WANDA COELHO DE MORAES,CENTRO DE SAUDE/UNIDADE BASICA,05049000,Vila Romana,Zona Oeste
2752271,UBS VILA ITAPEMA,CENTRO DE SAUDE/UNIDADE BASICA,03573010,Jardim Arize,Zona Leste
2788993,UBS VILA IZOLINA MAZZEI,CENTRO DE SAUDE/UNIDADE BASICA,02083010,Vila Isolina Mazzei,Zona Norte
2789000,UBS VILA JACUI,CENTRO DE SAUDE/UNIDADE BASICA,08060220,Vila Jacuí,Zona Leste
2789019,UBS VILA JAGUARA,CENTRO DE SAUDE/UNIDADE BASICA,05116001,Vila Jaguara,Zona Oeste
2751828,UBS VILA JOANIZA JOAO YUNES,CENTRO DE SAUDE/UNIDADE BASICA,04428000,Vila Joaniza,Zona Sul
2068109,UBS VILA LEONOR,CENTRO DE SAUDE/UNIDADE BASICA,02077000,Vila Leonor,Zona Norte
2789027,UBS VILA MAGGI,CENTRO DE SAUDE/UNIDADE BASICA,02982190,Jardim Sydney,Zona Norte
2789035,UBS VILA MANGALOT,CENTRO DE SAUDE/UNIDADE BASICA,05131120,Vila Mangalot,Zona Oeste
6332501,UBS VILA MARCELO,CENTRO DE SAUDE/UNIDADE BASICA,04866000,Vila Marcelo,Zona Sul
2027720,UBS VILA MARIA LUIZ PAULO GNECCO,CENTRO DE SAUDE/UNIDADE BASICA,02135010,Jardim Japão,Zona Norte
5662699,UBS VILA MARIANA DIOGO NOMURA,CENTRO DE SAUDE/UNIDADE BASICA,04037000,Vila Clementino,Zona Sul
2789043,UBS VILA MATILDE DR RUBENS DO VAL,CENTRO DE SAUDE/UNIDADE BASICA,03509000,Chácara Seis de Outubro,Zona Leste
2789086,UBS VILA MORAES JOAO PAULO BOTELHO VIEIRA,CENTRO DE SAUDE/UNIDADE BASICA,04170000,Vila Moraes,Zona Sul
6998186,UBS VILA NATAL,CENTRO DE SAUDE/UNIDADE BASICA,04863000,Vila Natal,Zona Sul
2027674,UBS VILA NIVI,CENTRO DE SAUDE/UNIDADE BASICA,02252160,Vila Nivi,Zona Norte
2789094,UBS VILA NOSSA SENHORA APARECIDA,CENTRO DE SAUDE/UNIDADE BASICA,08215160,Itaquera,Zona Leste
4050207,UBS VILA NOVA CURUCA,CENTRO DE SAUDE/UNIDADE BASICA,08032340,Vila Nova Curuçá,Zona Leste
2789108,UBS VILA NOVA GALVAO SONIA REGINA CAMPANELLI,CENTRO DE SAUDE/UNIDADE BASICA,02281110,Vila Nova Galvão,Zona Norte
2752360,UBS VILA NOVA MANCHESTER DR ARLINDO GENNARI,CENTRO DE SAUDE/UNIDADE BASICA,03444090,Vila Nova Manchester,Zona Leste
2789124,UBS VILA NOVA YORK,CENTRO DE SAUDE/UNIDADE BASICA,03480000,Vila Nova York,Zona Leste
2789132,UBS VILA OLIMPIA MAX PERLMAN,CENTRO DE SAUDE/UNIDADE BASICA,04509001,Vila Nova Conceição,Zona Sul
2751836,UBS VILA PARANAGUA,CENTRO DE SAUDE/UNIDADE BASICA,03807380,Vila Paranaguá,Zona Leste
2789183,UBS VILA PIRITUBA,CENTRO DE SAUDE/UNIDADE BASICA,05170000,Vila Boaçava,Zona Oeste
2789191,UBS VILA PRAIA VITORIO ROLANDO BOCCALETTI,CENTRO DE SAUDE/UNIDADE BASICA,05749240,Jardim das Palmas,Zona Oeste
2075016,UBS VILA PROGRESSO,CENTRO DE SAUDE/UNIDADE BASICA,08245260,Vila Progresso (Zona Leste),Zona Leste
2789213,UBS VILA PROGRESSO JARDIM MONTE ALEGRE,CENTRO DE SAUDE/UNIDADE BASICA,02811020,Jardim Monte Alegre (Zona Norte),Zona Norte
3359131,UBS VILA PRUDENTE,CENTRO DE SAUDE/UNIDADE BASICA,03132050,Vila Prudente,Zona Leste
4050126,UBS VILA RAMOS DR LUIS AUGUSTO DE CAMPOS,CENTRO DE SAUDE/UNIDADE BASICA,08235630,Parque Guarani,Zona Leste
2027062,UBS VILA RAMOS FREGUESIA DO O,CENTRO DE SAUDE/UNIDADE BASICA,02760060,Vila Ramos,Zona Norte
4050029,UBS VILA REGINA,CENTRO DE SAUDE/UNIDADE BASICA,08225000,Vila Regina ( Zona Leste),Zona Leste
2789221,UBS VILA RENATO MARIA DAS GRACAS DA SILVA,CENTRO DE SAUDE/UNIDADE BASICA,03978210,Jardim Adutora,Zona Leste
2789248,UBS VILA ROMANA,CENTRO DE SAUDE/UNIDADE BASICA,05044050,Vila Romana,Zona Oeste
6332528,UBS VILA ROSCHEL,CENTRO DE SAUDE/UNIDADE BASICA,04891140,Vila Roschel,Zona Sul
8047790,UBS VILA RUBI,CENTRO DE SAUDE/UNIDADE BASICA,04824100,Parque das Árvores,Zona Sul
2063670,UBS VILA SABRINA DR CARLOS AUGUSTO AUTRAN PEDERNEIRAS LIMA,CENTRO DE SAUDE/UNIDADE BASICA,02139020,Vila Sabrina,Zona Norte
2046997,UBS VILA SANTA CATARINA,CENTRO DE SAUDE/UNIDADE BASICA,04377060,Vila Mira,Zona Sul
2788632,UBS VILA SANTA MARIA,CENTRO DE SAUDE/UNIDADE BASICA,02559000,Vila Prado,Zona Norte
4050215,UBS VILA SANTANA,CENTRO DE SAUDE/UNIDADE BASICA,08240300,Jardim Norma,Zona Leste
2752387,UBS VILA SANTO ESTEVAO DR WOADY JORGE KALIL,CENTRO DE SAUDE/UNIDADE BASICA,03309060,Vila Gomes Cardim,Zona Leste
2789264,UBS VILA TEREZINHA,CENTRO DE SAUDE/UNIDADE BASICA,02854010,Vila Teresinha,Zona Norte
2789272,UBS VILA ZATT,CENTRO DE SAUDE/UNIDADE BASICA,02975120,Vila Zat,Zona Norte
2815273,UBS ZUMBI DOS PALMARES,CENTRO DE SAUDE/UNIDADE BASICA,05831000,Chácara Santana,Zona Oeste
5357861,UBSI ALDEIA JARAGUA KWARAY DJEKUPE,UNIDADE DE ATENCAO A SAUDE INDIGENA,05161000,Vila Jaraguá,Zona Oeste
4590759,UBSI KRUKUTU,UNIDADE DE ATENCAO A SAUDE INDIGENA,04895090,Cipó do Meio,Zona Sul
3561186,UBSI VERA POTY,UNIDADE DE ATENCAO A SAUDE INDIGENA,04895070,Cipó do Meio,Zona Sul
3137813,UDDO SANTA CASA,UNIDADE DE APOIO DIAGNOSE E TERAPIA (SADT ISOLADO),01332900,Bela Vista,Centro
3137791,UDDO UNIDADE DE DIAGNOSTICO E DENSITOMETRIA OSSEA LTDA,UNIDADE DE APOIO DIAGNOSE E TERAPIA (SADT ISOLADO),01332900,Bela Vista,Centro
9539824,UNIDADE AE SANTO AMARO CIES,CLINICA/CENTRO DE ESPECIALIDADE,04701100,Santo Amaro,Zona Sul
4369114,UNIDADE AMBULATORIAL DE FILANTROPIA,CONSULTORIO ISOLADO,01409001,Jardim Paulista,Centro
7355033,UNIDADE BRASILANDIA CIES,CLINICA/CENTRO DE ESPECIALIDADE,02610000,Vila dos Andrades,Zona Norte
9400524,UNIDADE CIDADE DE TIRADENTES CIES,CLINICA/CENTRO DE ESPECIALIDADE,08471000,Cidade Tiradentes,Zona Leste
4651693,UNIDADE CIES LUZ CAMPOS ELISEOS,CLINICA/CENTRO DE ESPECIALIDADE,01250000,Pacaembu,Centro
6936075,UNIDADE COMUNITARIA HOSP NIPO BRASILEIRO,POLICLINICA,02189010,Parque Novo Mundo,Zona Norte
5457963,UNIDADE DE DIAGNOSTICO POR IMAGEM SE,UNIDADE DE APOIO DIAGNOSE E TERAPIA (SADT ISOLADO),01020030,Sé,Centro
0844616,UNIDADE EINSTEIN TELEMEDICINA,TELESSAUDE,01419002,Cerqueira César,Centro
9461353,UNIDADE HD CARRAO CIES,CLINICA/CENTRO DE ESPECIALIDADE,03441010,Vila Carrão,Zona Leste
7363567,UNIDADE HD JD PRUDENCIA CIES,CLINICA/CENTRO DE ESPECIALIDADE,04381001,Jardim Prudência,Zona Sul
7385978,UNIDADE HD PIRITUBA CIES,HOSPITAL/DIA - ISOLADO,02919100,Vila Pereira Barreto,Zona Norte
7293194,UNIDADE ITAQUERA CIES,CLINICA/CENTRO DE ESPECIALIDADE,03584000,Jardim Brasília (Zona Leste),Zona Leste
5531527,UNIDADE MONTE SERRAT METRO CARRAO CIES,CLINICA/CENTRO DE ESPECIALIDADE,03312000,Tatuapé,Zona Leste
9643478,UNIDADE ODONTOLOGICA MOVEL CENTRO,UNIDADE MOVEL TERRESTRE,01020030,Sé,Centro
0505641,UNIDADE ODONTOLOGICA MOVEL LESTE,UNIDADE MOVEL TERRESTRE,08410130,Vila Princesa Isabel,Zona Leste
9106316,UNIDADE ODONTOLOGICA MOVEL NORTE,UNIDADE MOVEL TERRESTRE,02188050,Parque Novo Mundo,Zona Norte
9106294,UNIDADE ODONTOLOGICA MOVEL OESTE,UNIDADE MOVEL TERRESTRE,05038020,Parque Residencial da Lapa,Zona Oeste
9106308,UNIDADE ODONTOLOGICA MOVEL SUDESTE,UNIDADE MOVEL TERRESTRE,03166000,Mooca,Zona Leste
0448923,UNIDADE ODONTOLOGICA MOVEL SUL,UNIDADE MOVEL TERRESTRE,04828070,Jardim Esmeralda (Zona Sul),Zona Sul
9744223,UNIDADE SAO MATEUS CIES,CLINICA/CENTRO DE ESPECIALIDADE,08375000,Jardim Três Marias,Zona Leste
9014748,UNIDADE TUCURUVI CIES,CLINICA/CENTRO DE ESPECIALIDADE,02304002,Tucuruvi,Zona Norte
2089343,UNTR UNID DE NEFROLOGIA E TRANSP RENAL,CLINICA/CENTRO DE ESPECIALIDADE,08295300,Itaquera,Zona Leste
2029189,UPA 21 DE JUNHO,PRONTO ATENDIMENTO,02738000,Parque Monteiro Soares,Zona Norte
9051422,UPA 26 DE AGOSTO,PRONTO ATENDIMENTO,08295005,Vila Carmosina,Zona Leste
8363072,UPA ANHANGUERA RESIDENCIAL DAS ORQUIDEAS,PRONTO ATENDIMENTO,05275010,Jardim Jaraguá,Zona Oeste
7479387,UPA CAMPO LIMPO DR FERNANDO M PROENCA,PRONTO ATENDIMENTO,05846420,Vila Maracanã,Zona Oeste
4091248,UPA CARRAO MASATAKA OTA,PRONTO ATENDIMENTO,03403002,Vila Carrão,Zona Leste
0812226,UPA CIDADE TIRADENTES,PRONTO ATENDIMENTO,08472170,Conjunto Habitacional Inácio Monteiro,Zona Leste
0852074,UPA CITY JARAGUA,PRONTO ATENDIMENTO,02991000,Jardim Rincão,Zona Norte
0997730,UPA DONA MARIA ANTONIETA FERREIRA DE BARROS,PRONTO ATENDIMENTO,04845000,Jardim Somara,Zona Sul
2040727,UPA DR ATUALPA GIRAO RABELO,PRONTO ATENDIMENTO,08140000,Itaim Paulista,Zona Leste
9971513,UPA ERMELINO MATARAZZO,PRONTO ATENDIMENTO,03807370,Vila Paranaguá,Zona Leste
2037971,UPA IPIRANGA DR AUGUSTO GOMES DE MATTOS (PSM ATE MARCO/2025),PRONTO ATENDIMENTO,04174040,Jardim Botucatu,Zona Sul
0873268,UPA JABAQUARA (CNES 6165478 UPA JABAQUARA VL CAMPESTRE),PRONTO ATENDIMENTO,04330060,Vila Campestre,Zona Sul
9997091,UPA JACANA,PRONTO ATENDIMENTO,02278040,Vila Nilo,Zona Norte
3474674,UPA JARDIM ANGELA,PRONTO ATENDIMENTO,04937000,Vila Bom Jardim,Zona Sul
2878259,UPA JARDIM ELISA MARIA I,PRONTO ATENDIMENTO,02873250,Conjunto Promorar Estrada da Parada,Zona Norte
3044769,UPA JARDIM HELENA,PRONTO ATENDIMENTO,08090370,Jardim Helena,Zona Leste
6360890,UPA JARDIM ICARAI QUINTANA,PRONTO ATENDIMENTO,04837150,Vila Quintana,Zona Sul
6148344,UPA JARDIM PERI,PRONTO ATENDIMENTO,02671100,Vila Dionisia,Zona Norte
2069032,UPA JULIO TUPY,PRONTO ATENDIMENTO,08431640,Parque Guaianazes,Zona Leste
2082837,UPA LAPA PROF JOAO CATARIN MEZOMO,PRONTO ATENDIMENTO,05319000,Vila Hamburguesa,Zona Oeste
0466611,UPA MOOCA DOM PAULO EVARISTO ARNS,PRONTO ATENDIMENTO,03163030,Belenzinho,Zona Leste
0974730,UPA PARELHEIROS,PRONTO ATENDIMENTO,04883025,Jardim dos Álamos,Zona Sul
4234774,UPA PARQUE DOROTEIA,PRONTO ATENDIMENTO,04474000,Jardim Santa Terezinha (Pedreira),Zona Sul
6133460,UPA PEDREIRA DR CESAR ANTUNES ROCHA,PRONTO ATENDIMENTO,04447021,Vila Emir,Zona Sul
4050169,UPA PERUS DR LUIZ ANTONIO DE ABREU SAMPAIO DORIA,PRONTO ATENDIMENTO,05202140,Perus,Zona Oeste
6146341,UPA PIRITUBA (ATE 08/2019 AMA_24HS DR JOSE SOARES HUNGRIA),PRONTO ATENDIMENTO,02945000,Jardim Cidade Pirituba,Zona Norte
4434722,UPA RIO PEQUENO,PRONTO ATENDIMENTO,05376000,Vila Antônio,Zona Oeste
6133622,UPA SACOMA,PRONTO ATENDIMENTO,04232000,Ipiranga,Zona Sul
2752107,UPA SANTO AMARO DR JOSE SYLVIO DE CAMARGO,PRONTO ATENDIMENTO,04734000,Santo Amaro,Zona Sul
0873241,UPA TATUAPE - WALDEMAR ROSSI,PRONTO ATENDIMENTO,03064000,Tatuapé,Zona Leste
9736700,UPA TITO LOPES,PRONTO ATENDIMENTO,08020000,Vila Americana,Zona Leste
9505946,UPA VERA CRUZ,PRONTO ATENDIMENTO,04965140,Jardim Vera Cruz(Zona Sul),Zona Sul
0958433,UPA VERGUEIRO,PRONTO ATENDIMENTO,01504000,Liberdade,Centro
2075407,UPA VILA MARIA DR JOSE MAURO DEL ROIO CORREA,PRONTO ATENDIMENTO,02168050,Jardim Andaraí,Zona Norte
9349898,UPA VILA MARIANA,PRONTO ATENDIMENTO,04037002,Vila Clementino,Zona Sul
7638698,UPA VILA SANTA CATARINA,PRONTO ATENDIMENTO,04377036,Vila Mira,Zona Sul
9713816,URSI BUTANTA,CLINICA/CENTRO DE ESPECIALIDADE,05507000,Butantã,Zona Oeste
5836107,URSI CAMPO LIMPO,CLINICA/CENTRO DE ESPECIALIDADE,05749280,Jardim das Palmas,Zona Oeste
9129839,URSI CAPELA DO SOCORRO,CLINICA/CENTRO DE ESPECIALIDADE,04836030,Jardim Floresta,Zona Sul
0256390,URSI CENTRO,CLINICA/CENTRO DE ESPECIALIDADE,01202010,Campos Elíseos,Centro
5599881,URSI CIDADE ADEMAR,CLINICA/CENTRO DE ESPECIALIDADE,04727000,Vila Cruzeiro,Zona Sul
4735684,URSI CONJUNTO AE CARVALHO - FRANCISCO MOREIRA GUEDIS,CLINICA/CENTRO DE ESPECIALIDADE,08225550,Conjunto Habitacional A E Carvalho,Zona Leste
0545694,URSI MOOCA,CLINICA/CENTRO DE ESPECIALIDADE,03112090,Mooca,Zona Leste
9280227,URSI SANTANA JACANA,CLINICA/CENTRO DE ESPECIALIDADE,02370080,Tremembé,Zona Norte
6167403,URSI SANTO AMARO,POLICLINICA,04727000,Vila Cruzeiro,Zona Sul
9070982,URSI SAO MATEUS,CLINICA/CENTRO DE ESPECIALIDADE,03958000,Cidade São Mateus,Zona Leste
2789337,UVIS ARICANDUVA MOOCA,UNIDADE DE VIGILANCIA EM SAUDE,03304090,Quarta Parada,Zona Leste
2752395,UVIS BUTANTA,UNIDADE DE VIGILANCIA EM SAUDE,05579001,Vila Pirajussara,Zona Oeste
2752417,UVIS CAMPO LIMPO,UNIDADE DE VIGILANCIA EM SAUDE,05763470,Chácara Nossa Senhora do Bom Conselho,Zona Oeste
2815559,UVIS CAPELA DO SOCORRO,UNIDADE DE VIGILANCIA EM SAUDE,04777000,Interlagos,Zona Sul
2752409,UVIS CASA VERDE CACHOEIRINHA,UNIDADE DE VIGILANCIA EM SAUDE,02610000,Vila dos Andrades,Zona Norte
3355020,UVIS CIDADE TIRADENTES,UNIDADE DE VIGILANCIA EM SAUDE,08470570,Cidade Tiradentes,Zona Leste
2752433,UVIS ERMELINO MATARAZZO,UNIDADE DE VIGILANCIA EM SAUDE,03807230,Vila Paranaguá,Zona Leste
2752441,UVIS FREGUESIA DO O BRASILANDIA,UNIDADE DE VIGILANCIA EM SAUDE,02926000,Nossa Senhora do Ó,Zona Norte
3019926,UVIS GUAIANASES,UNIDADE DE VIGILANCIA EM SAUDE,08410020,Vila Princesa Isabel,Zona Leste
2752468,UVIS IPIRANGA,UNIDADE DE VIGILANCIA EM SAUDE,04266000,Ipiranga,Zona Sul
2752476,UVIS ITAIM PAULISTA,UNIDADE DE VIGILANCIA EM SAUDE,08030400,Vila Curuçá,Zona Leste
2815478,UVIS ITAQUERA,UNIDADE DE VIGILANCIA EM SAUDE,08420680,Jardim São Pedro,Zona Leste
4050339,UVIS JACANA TREMEMBE,UNIDADE DE VIGILANCIA EM SAUDE,02350002,Vila Albertina,Zona Norte
2086778,UVIS LAPA PINHEIROS,UNIDADE DE VIGILANCIA EM SAUDE,05428010,Pinheiros,Zona Oeste
2027496,UVIS M BOI MIRIM,UNIDADE DE VIGILANCIA EM SAUDE,05780260,Vila Prel,Zona Oeste
2815494,UVIS PARELHEIROS,UNIDADE DE VIGILANCIA EM SAUDE,04890350,Parelheiros,Zona Sul
2815508,UVIS PENHA,UNIDADE DE VIGILANCIA EM SAUDE,03621000,Vila Marieta,Zona Leste
2752484,UVIS PERUS,UNIDADE DE VIGILANCIA EM SAUDE,05201070,Vila Fanton,Zona Oeste
2815524,UVIS PIRITUBA,UNIDADE DE VIGILANCIA EM SAUDE,02933140,Vila Palmeiras,Zona Norte
2752492,UVIS SANTA CECILIA,UNIDADE DE VIGILANCIA EM SAUDE,01230000,Santa Cecília,Centro
2815540,UVIS SANTANA TUCURUVI,UNIDADE DE VIGILANCIA EM SAUDE,02401200,Santana,Zona Norte
2086786,UVIS SANTO AMARO CIDADE ADEMAR,UNIDADE DE VIGILANCIA EM SAUDE,04368060,Jardim Santo Antoninho,Zona Sul
3094197,UVIS SAO MATEUS,UNIDADE DE VIGILANCIA EM SAUDE,08375000,Jardim Três Marias,Zona Leste
2027429,UVIS SAO MIGUEL,UNIDADE DE VIGILANCIA EM SAUDE,08010160,Vila Doutor Eiras,Zona Leste
0314307,UVIS SE,UNIDADE DE VIGILANCIA EM SAUDE,01020030,Sé,Centro
2815567,UVIS VILA MARIA VILA GUILHERME,UNIDADE DE VIGILANCIA EM SAUDE,02053000,Vila Guilherme,Zona Norte
2815575,UVIS VILA MARIANA JABAQUARA,UNIDADE DE VIGILANCIA EM SAUDE,04378400,Vila Mascote,Zona Sul
2766027,UVIS VILA PRUDENTE SAPOPEMBA,UNIDADE DE VIGILANCIA EM SAUDE,03132050,Vila Prudente,Zona Leste
0718971,VILA NOVA DIAGNOSTICOS MEDICOS,UNIDADE DE APOIO DIAGNOSE E TERAPIA (SADT ISOLADO),01405900,Jardim Paulista,Centro
3621847,VITALCOR CLINICA CARDIOLOGICA,CLINICA/CENTRO DE ESPECIALIDADE,04102001,Vila Mariana,Zona Sul
5895367,VITHA SERVICOS ODONTOLOGICOS,CLINICA/CENTRO DE ESPECIALIDADE,05406900,Pinheiros,Zona Oeste
4876326,VIVASAUDE,CONSULTORIO ISOLADO,04734904,Santo Amaro,Zona Sul
3937038,ZDI-DIAGNOSTICO POR IMAGEM,UNIDADE DE APOIO DIAGNOSE E TERAPIA (SADT ISOLADO),03303000,Quarta Parada,Zona Leste
0087440,ZOLTAN,UNIDADE DE APOIO DIAGNOSE E TERAPIA (SADT ISOLADO),04568001,Brooklin Paulista,Zona Sul
