CNES,NOME_ESTABELECIMENTO,TIPO_ESTABELECIMENTO
5115795,ASSOCIACAO DE AMIGOS DO AUTISTA -AMA CAMBUCI,CLINICA/CENTRO DE ESPECIALIDADE
2077531,A C CAMARGO CANCER CENTER,HOSPITAL ESPECIALIZADO
3210022,ABADS,CLINICA/CENTRO DE ESPECIALIDADE
4848055,ADMINISTRA PLANTOES,CONSULTORIO ISOLADO
3813517,AFIP - VILA CLEMENTINO,UNIDADE DE APOIO DIAGNOSE E TERAPIA (SADT ISOLADO)
0262943,AFIP PADRE MACHADO,UNIDADE DE APOIO DIAGNOSE E TERAPIA (SADT ISOLADO)
7506651,AFIP TDN - SP,CLINICA/CENTRO DE ESPECIALIDADE
9955372,AJN SERVICOS MEDICOS ESPECIALIZADOS,CLINICA/CENTRO DE ESPECIALIDADE
8003904,ALLUS GESTAO INTEGRADA DE SAUDE,CLINICA/CENTRO DE ESPECIALIDADE
6393608,AMA ESPECIALIDADES BURGO PAULISTA,POLICLINICA
6194974,AMA ESPECIALIDADES CAPAO REDONDO,POLICLINICA
6394558,AMA ESPECIALIDADES ITAQUERA,POLICLINICA
4421906,AMA ESPECIALIDADES JARDIM EDITE,POLICLINICA
6759998,AMA ESPECIALIDADES JARDIM GUAIRACA,POLICLINICA
6200389,AMA ESPECIALIDADES JARDIM SAO LUIZ,POLICLINICA
6148336,AMA ESPECIALIDADES PARQUE PERUCHE,POLICLINICA
9882170,AMA ESPECIALIDADES PEDIATRICAS CAMPO LIMPO,POLICLINICA
6391893,AMA ESPECIALIDADES PERUS,POLICLINICA
6138314,AMA ESPECIALIDADES SANTA CECILIA DR HUMBERTO PASCALE,POLICLINICA
6415415,AMA ESPECIALIDADES VILA CONSTANCIA DR VICENTE OCTAVIO GUIDO,POLICLINICA
6357083,AMA ESPECIALIDADES VILA DAS MERCES,POLICLINICA
6391885,AMA ESPECIALIDADES VILA ZATT,POLICLINICA
4049985,AMA UBS WAMBERTO DIAS DA COSTA,CENTRO DE SAUDE/UNIDADE BASICA
5713870,AMA_12H BORACEA DR LUIZ BACCALA,PRONTO ATENDIMENTO
6964028,AMA_12H COMPLEXO PRATES (AMA 24H ATE JUNHO 2017),PRONTO ATENDIMENTO
5576989,AMA_12H JARDIM DAS LARANJEIRAS,CENTRO DE SAUDE/UNIDADE BASICA
6156959,AMA_12H JARDIM PERI PERI,PRONTO ATENDIMENTO
6133525,AMA_12H JARDIM SAO LUIZ,PRONTO ATENDIMENTO
5268125,AMA_12H MAURICE PATE,PRONTO ATENDIMENTO
6135978,AMA_12H PRESIDENTE JUSCELINO KUBITSCHEK,PRONTO ATENDIMENTO
6218830,AMA_24H CAPAO REDONDO,PRONTO ATENDIMENTO
6143180,AMA_24H ENGENHEIRO GOULART DR JOSE PIRES,PRONTO ATENDIMENTO
6135951,AMA_24H HOSP WALDOMIRO DE PAULA,POLICLINICA
2042827,AMA_24H JARDIM NORDESTE DR CARLOS NEDER (AMA/UBS ATE 10/2021) -,PRONTO ATENDIMENTO
4639057,AMA_24H JOSE BONIFACIO - ITAQUERA,PRONTO ATENDIMENTO
6728626,AMA_24H PARAISOPOLIS,PRONTO ATENDIMENTO
4493478,AMA_24H PARQUE FIGUEIRA GRANDE,PRONTO ATENDIMENTO
4488318,AMA_24H PARQUE NOVO SANTO AMARO,PRONTO ATENDIMENTO
6131670,AMA_24H PIRAJUSSARA (DE AMA 12H PARA AMA 24H EM 06/2022),PRONTO ATENDIMENTO
6144055,AMA_24H SAPOPEMBA (AMA 12H ATE 01/2022),PRONTO ATENDIMENTO
5636469,AMA_24H SE,PRONTO ATENDIMENTO
6998208,AMA_24H SOROCABANA,PRONTO ATENDIMENTO
7534817,AMB ESPEC ALTO DA BOA VISTA,POLICLINICA
2751844,AMB ESPEC CECI DR ALEXANDRE KALIL YASBEK,POLICLINICA
2069008,AMB ESPEC DR. GERALDO PAULO BOURROL,HOSPITAL/DIA - ISOLADO
2751879,AMB ESPEC FREGUESIA DO O,POLICLINICA
2787571,AMB ESPEC JARDIM MARCELO,POLICLINICA
2751895,AMB ESPEC JOSE BONIFACIO IV,POLICLINICA
2751917,AMB ESPEC MOOCA ITALO DOMINGOS LE VOCCI,POLICLINICA
9653988,AMB ESPEC PARELHEIROS,POLICLINICA
6670849,AMB ESPEC PIRITUBA,POLICLINICA
4050312,AMB ESPEC SAO CARLOS,POLICLINICA
2751968,AMB ESPEC SAPOPEMBA,POLICLINICA
2068982,AMB ESPEC SM SES CENTRO,CENTRO DE ATENCAO PSICOSSOCIAL
2751984,AMB ESPEC TUCURUVI ARMANDO DE AGUIAR PUPO,POLICLINICA
3322637,AMB PROGRAMA EINSTEIN COMUNIDADE (ATE 06/2019 SUS),CLINICA/CENTRO DE ESPECIALIDADE
6912656,AMBULATORIO 8,CONSULTORIO ISOLADO
0276944,AMBULATORIO MEDICO DO INSTITUTO BUTANTAN,CLINICA/CENTRO DE ESPECIALIDADE
6578578,AME AMB MED ESPEC DE PSIQUIATRIA V MARIA,CLINICA/CENTRO DE ESPECIALIDADE
6479200,AME AMB MED ESPEC HELIOPOLIS - DR. LUIZ ROBERTO BARRADAS BARATA,HOSPITAL/DIA - ISOLADO
6423086,AME AMB MED ESPEC JARDIM DOS PRADOS,POLICLINICA
2091542,AME AMB MED ESPEC MARIA ZELIA,HOSPITAL/DIA - ISOLADO
5395879,AME ASSISTENCIA MEDICA ESTELA S S,CLINICA/CENTRO DE ESPECIALIDADE
5450063,AME DIGITAL AMBULATORIO MEDICO DE ESPECIALIDADES DIGITAL D,TELESSAUDE
6432530,AME DR  MARIA CRISTINA CURY,POLICLINICA
2068931,AME IDOSO OESTE,POLICLINICA
2091461,AME IDOSO SUDESTE,POLICLINICA
3117030,ASSOC AACD - MOOCA,CLINICA/CENTRO DE ESPECIALIDADE
2077655,ASSOC AACD V CLEMENTINO,HOSPITAL ESPECIALIZADO
2688506,ASSOC APCD,CLINICA/CENTRO DE ESPECIALIDADE
2089572,ASSOC CRUZ VERDE (INT),HOSPITAL ESPECIALIZADO
5594448,ASSOC PAULISTA DE HOMEOPATIA,POLICLINICA
3420647,ASSOC. CASA DEF. ERMELINO MATARAZZO,CLINICA/CENTRO DE ESPECIALIDADE
7617348,ASSOCIACAO DE AMIGOS DO AUTISTA - AMA PARELHEIROS,CLINICA/CENTRO DE ESPECIALIDADE
7861249,AURI MEDICINA DIAGNOSTICA,UNIDADE DE APOIO DIAGNOSE E TERAPIA (SADT ISOLADO)
5281482,BANCO DE OLHOS DE SAO PAULO,UNIDADE DE APOIO DIAGNOSE E TERAPIA (SADT ISOLADO)
7018290,BASE SAMU CENTRO BOM RETIRO AM1082,UNIDADE MOVEL DE NIVEL PRE-HOSPITALAR NA AREA DE URGENCIA
7024320,BASE SAMU CENTRO BOM RETIRO AM1149,UNIDADE MOVEL DE NIVEL PRE-HOSPITALAR NA AREA DE URGENCIA
5798930,BASE SAMU CENTRO BOM RETIRO URAM MC1112,UNIDADE MOVEL DE NIVEL PRE-HOSPITALAR NA AREA DE URGENCIA
5798949,BASE SAMU CENTRO BOM RETIRO URAM MC1119,UNIDADE MOVEL DE NIVEL PRE-HOSPITALAR NA AREA DE URGENCIA
5752299,BASE SAMU CENTRO BOM RETIRO URAM MC2020,UNIDADE MOVEL DE NIVEL PRE-HOSPITALAR NA AREA DE URGENCIA
5752302,BASE SAMU CENTRO BOM RETIRO URAM MC2045,UNIDADE MOVEL DE NIVEL PRE-HOSPITALAR NA AREA DE URGENCIA
5932572,BASE SAMU CENTRO BOM RETIRO VIR 01 SAV,UNIDADE MOVEL DE NIVEL PRE-HOSPITALAR NA AREA DE URGENCIA
7018215,BASE SAMU CENTRO CAPS AMA SE AM1097,UNIDADE MOVEL DE NIVEL PRE-HOSPITALAR NA AREA DE URGENCIA
7257902,BASE SAMU CENTRO CAPS AMA SE AM1181 SAV,UNIDADE MOVEL DE NIVEL PRE-HOSPITALAR NA AREA DE URGENCIA
5798957,BASE SAMU CENTRO CAPS AMA SE URAM MC1090,UNIDADE MOVEL DE NIVEL PRE-HOSPITALAR NA AREA DE URGENCIA
5798973,BASE SAMU CENTRO CAPS AMA SE URAM MC1138,UNIDADE MOVEL DE NIVEL PRE-HOSPITALAR NA AREA DE URGENCIA
7272308,BASE SAMU CENTRO CAPS AMA SE URAM MC2005,UNIDADE MOVEL DE NIVEL PRE-HOSPITALAR NA AREA DE URGENCIA
7272294,BASE SAMU CENTRO CAPS AMA SE URAM MC2006,UNIDADE MOVEL DE NIVEL PRE-HOSPITALAR NA AREA DE URGENCIA
7018142,BASE SAMU CENTRO HSPM AM1081,UNIDADE MOVEL DE NIVEL PRE-HOSPITALAR NA AREA DE URGENCIA
7255756,BASE SAMU CENTRO HSPM AM1113,UNIDADE MOVEL DE NIVEL PRE-HOSPITALAR NA AREA DE URGENCIA
6982603,BASE SAMU CENTRO HSPM AM1207,UNIDADE MOVEL DE NIVEL PRE-HOSPITALAR NA AREA DE URGENCIA
5799074,BASE SAMU CENTRO NOVE DE JULHO URAM MC1079,UNIDADE MOVEL DE NIVEL PRE-HOSPITALAR NA AREA DE URGENCIA
5798981,BASE SAMU CENTRO NOVE DE JULHO URAM MC1099,UNIDADE MOVEL DE NIVEL PRE-HOSPITALAR NA AREA DE URGENCIA
7272820,BASE SAMU CENTRO NOVE DE JULHO URAM MC2003,UNIDADE MOVEL DE NIVEL PRE-HOSPITALAR NA AREA DE URGENCIA
7272839,BASE SAMU CENTRO NOVE DE JULHO URAM MC2004,UNIDADE MOVEL DE NIVEL PRE-HOSPITALAR NA AREA DE URGENCIA
7018533,BASE SAMU CENTRO UBS SE AM1208,UNIDADE MOVEL DE NIVEL PRE-HOSPITALAR NA AREA DE URGENCIA
7024304,BASE SAMU CENTRO UBS SE AM1209,UNIDADE MOVEL DE NIVEL PRE-HOSPITALAR NA AREA DE URGENCIA
7018509,BASE SAMU LESTE ATUALPA AM1091,UNIDADE MOVEL DE NIVEL PRE-HOSPITALAR NA AREA DE URGENCIA
7030436,BASE SAMU LESTE H M CID TIRADENTES AM 1064,UNIDADE MOVEL DE NIVEL PRE-HOSPITALAR NA AREA DE URGENCIA
7018363,BASE SAMU LESTE H M CID TIRADENTES AM1108,UNIDADE MOVEL DE NIVEL PRE-HOSPITALAR NA AREA DE URGENCIA
5752329,BASE SAMU LESTE H M CIDADE TIRADENTES URAM MC2018,UNIDADE MOVEL DE NIVEL PRE-HOSPITALAR NA AREA DE URGENCIA
5752345,BASE SAMU LESTE H M CIDADE TIRADENTES URAM MC2026,UNIDADE MOVEL DE NIVEL PRE-HOSPITALAR NA AREA DE URGENCIA
7018541,BASE SAMU LESTE H M ERMELINO M AM1188,UNIDADE MOVEL DE NIVEL PRE-HOSPITALAR NA AREA DE URGENCIA
7018282,BASE SAMU LESTE H M ERMELINO M AM1199,UNIDADE MOVEL DE NIVEL PRE-HOSPITALAR NA AREA DE URGENCIA
7018568,BASE SAMU LESTE H M ITAQUERA AM1088,UNIDADE MOVEL DE NIVEL PRE-HOSPITALAR NA AREA DE URGENCIA
7001371,BASE SAMU LESTE H M ITAQUERA AM1200,UNIDADE MOVEL DE NIVEL PRE-HOSPITALAR NA AREA DE URGENCIA
7272421,BASE SAMU LESTE H M ITAQUERA URAM MC2011,UNIDADE MOVEL DE NIVEL PRE-HOSPITALAR NA AREA DE URGENCIA
7272448,BASE SAMU LESTE H M ITAQUERA URAM MC2012,UNIDADE MOVEL DE NIVEL PRE-HOSPITALAR NA AREA DE URGENCIA
5752353,BASE SAMU LESTE PB SAO MIGUEL URAM MC2010,UNIDADE MOVEL DE NIVEL PRE-HOSPITALAR NA AREA DE URGENCIA
5752361,BASE SAMU LESTE PB SAO MIGUEL URAM MC2017,UNIDADE MOVEL DE NIVEL PRE-HOSPITALAR NA AREA DE URGENCIA
7272472,BASE SAMU LESTE SAO MATEUS AM1075,UNIDADE MOVEL DE NIVEL PRE-HOSPITALAR NA AREA DE URGENCIA
7018487,BASE SAMU LESTE SAO MATEUS AM1076,UNIDADE MOVEL DE NIVEL PRE-HOSPITALAR NA AREA DE URGENCIA
7001436,BASE SAMU LESTE SAO MATEUS AM1109,UNIDADE MOVEL DE NIVEL PRE-HOSPITALAR NA AREA DE URGENCIA
7271980,BASE SAMU LESTE SAO MATEUS AM1157,UNIDADE MOVEL DE NIVEL PRE-HOSPITALAR NA AREA DE URGENCIA
7272499,BASE SAMU LESTE SAO MATEUS URAM MC2013,UNIDADE MOVEL DE NIVEL PRE-HOSPITALAR NA AREA DE URGENCIA
7272502,BASE SAMU LESTE SAO MATEUS URAM MC2014,UNIDADE MOVEL DE NIVEL PRE-HOSPITALAR NA AREA DE URGENCIA
7272170,BASE SAMU LESTE SAO MIGUEL PB AM1155 SAV,UNIDADE MOVEL DE NIVEL PRE-HOSPITALAR NA AREA DE URGENCIA
7018517,BASE SAMU LESTE UBS CID NOVA SAO MIGUEL AM1154,UNIDADE MOVEL DE NIVEL PRE-HOSPITALAR NA AREA DE URGENCIA
7018312,BASE SAMU LESTE UBS INACIO MONTEIRO AM1089,UNIDADE MOVEL DE NIVEL PRE-HOSPITALAR NA AREA DE URGENCIA
7001320,BASE SAMU LESTE UBS ITAQUERA AM1107,UNIDADE MOVEL DE NIVEL PRE-HOSPITALAR NA AREA DE URGENCIA
7001444,BASE SAMU LESTE UBS JARDIM DAS OLIVEIRAS AM1090,UNIDADE MOVEL DE NIVEL PRE-HOSPITALAR NA AREA DE URGENCIA
7271972,BASE SAMU LESTE UBS JARDIM DAS OLIVEIRAS AM1153,UNIDADE MOVEL DE NIVEL PRE-HOSPITALAR NA AREA DE URGENCIA
7272723,BASE SAMU LESTE UBS RIO CLARO AM1191,UNIDADE MOVEL DE NIVEL PRE-HOSPITALAR NA AREA DE URGENCIA
5799058,BASE SAMU LESTE UBS RIO CLARO URAM MC1126,UNIDADE MOVEL DE NIVEL PRE-HOSPITALAR NA AREA DE URGENCIA
5799066,BASE SAMU LESTE UBS RIO CLARO URAM MC1131,UNIDADE MOVEL DE NIVEL PRE-HOSPITALAR NA AREA DE URGENCIA
7018355,BASE SAMU LESTE UPA CIDADE TIRADENTES AM1063,UNIDADE MOVEL DE NIVEL PRE-HOSPITALAR NA AREA DE URGENCIA
7001401,BASE SAMU LESTE UPA CIDADE TIRADENTES AM1156,UNIDADE MOVEL DE NIVEL PRE-HOSPITALAR NA AREA DE URGENCIA
7018584,BASE SAMU LESTE UPA ITAQUERA AM 1152,UNIDADE MOVEL DE NIVEL PRE-HOSPITALAR NA AREA DE URGENCIA
7255764,BASE SAMU LESTE UPA ITAQUERA AM1151 SAV,UNIDADE MOVEL DE NIVEL PRE-HOSPITALAR NA AREA DE URGENCIA
7001487,BASE SAMU LESTE UPA JARDIM HELENA AM1193,UNIDADE MOVEL DE NIVEL PRE-HOSPITALAR NA AREA DE URGENCIA
5789583,BASE SAMU LESTE UPA JD HELENA URAM MC2031,UNIDADE MOVEL DE NIVEL PRE-HOSPITALAR NA AREA DE URGENCIA
5789702,BASE SAMU LESTE UPA JD HELENA URAM MC2050,UNIDADE MOVEL DE NIVEL PRE-HOSPITALAR NA AREA DE URGENCIA
7001428,BASE SAMU LESTE UPA JULIO TUPY AM1158,UNIDADE MOVEL DE NIVEL PRE-HOSPITALAR NA AREA DE URGENCIA
5789710,BASE SAMU LESTE UPA JULIO TUPY URAM MC2032,UNIDADE MOVEL DE NIVEL PRE-HOSPITALAR NA AREA DE URGENCIA
5789737,BASE SAMU LESTE UPA JULIO TUPY URAM MC2051,UNIDADE MOVEL DE NIVEL PRE-HOSPITALAR NA AREA DE URGENCIA
7018231,BASE SAMU LESTE UPA TITO LOPES AM1087,UNIDADE MOVEL DE NIVEL PRE-HOSPITALAR NA AREA DE URGENCIA
7018029,BASE SAMU LESTE USP LESTE AM1192,UNIDADE MOVEL DE NIVEL PRE-HOSPITALAR NA AREA DE URGENCIA
7272812,BASE SAMU LESTE USP LESTE URAM MC2015,UNIDADE MOVEL DE NIVEL PRE-HOSPITALAR NA AREA DE URGENCIA
7272669,BASE SAMU LESTE USP LESTE URAM MC2016,UNIDADE MOVEL DE NIVEL PRE-HOSPITALAR NA AREA DE URGENCIA
7001509,BASE SAMU NORTE CAPS PIRITUBA AM 1163,UNIDADE MOVEL DE NIVEL PRE-HOSPITALAR NA AREA DE URGENCIA
7030479,BASE SAMU NORTE CECCO JACANA AM1159,UNIDADE MOVEL DE NIVEL PRE-HOSPITALAR NA AREA DE URGENCIA
7272057,BASE SAMU NORTE H E MANDAQUI AM1085,UNIDADE MOVEL DE NIVEL PRE-HOSPITALAR NA AREA DE URGENCIA
7272022,BASE SAMU NORTE H E MANDAQUI AM1086 SAV,UNIDADE MOVEL DE NIVEL PRE-HOSPITALAR NA AREA DE URGENCIA
7272030,BASE SAMU NORTE H E MANDAQUI AM1161,UNIDADE MOVEL DE NIVEL PRE-HOSPITALAR NA AREA DE URGENCIA
7272596,BASE SAMU NORTE H E MANDAQUI URAM MC2033,UNIDADE MOVEL DE NIVEL PRE-HOSPITALAR NA AREA DE URGENCIA
7272618,BASE SAMU NORTE H E MANDAQUI URAM MC2034,UNIDADE MOVEL DE NIVEL PRE-HOSPITALAR NA AREA DE URGENCIA
7272065,BASE SAMU NORTE H M CACHOEIRINHA AM1197,UNIDADE MOVEL DE NIVEL PRE-HOSPITALAR NA AREA DE URGENCIA
7272529,BASE SAMU NORTE H M PIRITUBA HUNGRIA URAM MC2021,UNIDADE MOVEL DE NIVEL PRE-HOSPITALAR NA AREA DE URGENCIA
7272545,BASE SAMU NORTE H M PIRITUBA HUNGRIA URAM MC2022,UNIDADE MOVEL DE NIVEL PRE-HOSPITALAR NA AREA DE URGENCIA
7257449,BASE SAMU NORTE HUNGRIA H M PIRITUBA AM1084,UNIDADE MOVEL DE NIVEL PRE-HOSPITALAR NA AREA DE URGENCIA
7272014,BASE SAMU NORTE HUNGRIA H M PIRITUBA AM1187,UNIDADE MOVEL DE NIVEL PRE-HOSPITALAR NA AREA DE URGENCIA
7030576,BASE SAMU NORTE HUNGRIA H M PIRITUBA AM1198,UNIDADE MOVEL DE NIVEL PRE-HOSPITALAR NA AREA DE URGENCIA
7272553,BASE SAMU NORTE JOVA RURAL URAM MC2024,UNIDADE MOVEL DE NIVEL PRE-HOSPITALAR NA AREA DE URGENCIA
7272561,BASE SAMU NORTE JOVA RURAL URAM MC2025,UNIDADE MOVEL DE NIVEL PRE-HOSPITALAR NA AREA DE URGENCIA
7030533,BASE SAMU NORTE PB TUCURUVI AM1078 SAV,UNIDADE MOVEL DE NIVEL PRE-HOSPITALAR NA AREA DE URGENCIA
7271999,BASE SAMU NORTE PERUS AM 1160,UNIDADE MOVEL DE NIVEL PRE-HOSPITALAR NA AREA DE URGENCIA
7030541,BASE SAMU NORTE PERUS AM1112,UNIDADE MOVEL DE NIVEL PRE-HOSPITALAR NA AREA DE URGENCIA
7030444,BASE SAMU NORTE PERUS AM1162,UNIDADE MOVEL DE NIVEL PRE-HOSPITALAR NA AREA DE URGENCIA
7272626,BASE SAMU NORTE PERUS URAM MC2028,UNIDADE MOVEL DE NIVEL PRE-HOSPITALAR NA AREA DE URGENCIA
7272642,BASE SAMU NORTE PERUS URAM MC2029,UNIDADE MOVEL DE NIVEL PRE-HOSPITALAR NA AREA DE URGENCIA
7030606,BASE SAMU NORTE PIRITUBA PB AM1069 SAV,UNIDADE MOVEL DE NIVEL PRE-HOSPITALAR NA AREA DE URGENCIA
7255675,BASE SAMU NORTE PS SANTANA AM1194,UNIDADE MOVEL DE NIVEL PRE-HOSPITALAR NA AREA DE URGENCIA
5850363,BASE SAMU NORTE PS SANTANA URAM MC1092,UNIDADE MOVEL DE NIVEL PRE-HOSPITALAR NA AREA DE URGENCIA
5850371,BASE SAMU NORTE PS SANTANA URAM MC1122,UNIDADE MOVEL DE NIVEL PRE-HOSPITALAR NA AREA DE URGENCIA
7272006,BASE SAMU NORTE SUBPREF VILA MARIA AM 1164,UNIDADE MOVEL DE NIVEL PRE-HOSPITALAR NA AREA DE URGENCIA
7030614,BASE SAMU NORTE SUBPREF VILA MARIA AM1083,UNIDADE MOVEL DE NIVEL PRE-HOSPITALAR NA AREA DE URGENCIA
7001363,BASE SAMU NORTE UBS AMA VILA PALMEIRAS AM1165,UNIDADE MOVEL DE NIVEL PRE-HOSPITALAR NA AREA DE URGENCIA
7272049,BASE SAMU NORTE UBS DR WALTER ELIAS AM1110,UNIDADE MOVEL DE NIVEL PRE-HOSPITALAR NA AREA DE URGENCIA
7030495,BASE SAMU NORTE UBS ELISIO TEIXEIRA AM1070,UNIDADE MOVEL DE NIVEL PRE-HOSPITALAR NA AREA DE URGENCIA
7030509,BASE SAMU NORTE UBS ELISIO TEIXEIRA AM1195,UNIDADE MOVEL DE NIVEL PRE-HOSPITALAR NA AREA DE URGENCIA
7029470,BASE SAMU NORTE UPA 21 DE JUNHO AM1111,UNIDADE MOVEL DE NIVEL PRE-HOSPITALAR NA AREA DE URGENCIA
5752396,BASE SAMU NORTE UPA 21 DE JUNHO URAM MC2002,UNIDADE MOVEL DE NIVEL PRE-HOSPITALAR NA AREA DE URGENCIA
5752418,BASE SAMU NORTE UPA 21 DE JUNHO URAM MC2009,UNIDADE MOVEL DE NIVEL PRE-HOSPITALAR NA AREA DE URGENCIA
7030460,BASE SAMU NORTE UPA JACANA AM1196,UNIDADE MOVEL DE NIVEL PRE-HOSPITALAR NA AREA DE URGENCIA
7030622,BASE SAMU NORTE VILA MARIA ANDARAI AM1068,UNIDADE MOVEL DE NIVEL PRE-HOSPITALAR NA AREA DE URGENCIA
5752434,BASE SAMU NORTE VILA MARIA ANDARAI URAM MC2001,UNIDADE MOVEL DE NIVEL PRE-HOSPITALAR NA AREA DE URGENCIA
5752450,BASE SAMU NORTE VILA MARIA ANDARAI URAM MC2008,UNIDADE MOVEL DE NIVEL PRE-HOSPITALAR NA AREA DE URGENCIA
7030630,BASE SAMU OESTE AMA SOROCABANA AM1183 SAV,UNIDADE MOVEL DE NIVEL PRE-HOSPITALAR NA AREA DE URGENCIA
7018150,BASE SAMU OESTE AMA SOROCABANA AM1210,UNIDADE MOVEL DE NIVEL PRE-HOSPITALAR NA AREA DE URGENCIA
7271913,BASE SAMU OESTE ARISTIDES VIADANA AM1186,UNIDADE MOVEL DE NIVEL PRE-HOSPITALAR NA AREA DE URGENCIA
5752469,BASE SAMU OESTE ARISTIDES VIADANA URAM MC2019,UNIDADE MOVEL DE NIVEL PRE-HOSPITALAR NA AREA DE URGENCIA
5752477,BASE SAMU OESTE ARISTIDES VIADANA URAM MC2027,UNIDADE MOVEL DE NIVEL PRE-HOSPITALAR NA AREA DE URGENCIA
7018177,BASE SAMU OESTE CAPS ITAIM BIBI AM1185,UNIDADE MOVEL DE NIVEL PRE-HOSPITALAR NA AREA DE URGENCIA
7001398,BASE SAMU OESTE CID UNIVERSITARIA AM1099,UNIDADE MOVEL DE NIVEL PRE-HOSPITALAR NA AREA DE URGENCIA
7271921,BASE SAMU OESTE CID UNIVERSITARIA AM1116,UNIDADE MOVEL DE NIVEL PRE-HOSPITALAR NA AREA DE URGENCIA
7271948,BASE SAMU OESTE CID UNIVERSITARIA AM1190 SAV,UNIDADE MOVEL DE NIVEL PRE-HOSPITALAR NA AREA DE URGENCIA
7272251,BASE SAMU OESTE CID UNIVERSITARIA URAM MC2037,UNIDADE MOVEL DE NIVEL PRE-HOSPITALAR NA AREA DE URGENCIA
7272278,BASE SAMU OESTE CID UNIVERSITARIA URAM MC2038,UNIDADE MOVEL DE NIVEL PRE-HOSPITALAR NA AREA DE URGENCIA
6999700,BASE SAMU OESTE H M MARIO DEGNI AM1114,UNIDADE MOVEL DE NIVEL PRE-HOSPITALAR NA AREA DE URGENCIA
7272081,BASE SAMU OESTE LAPA AM 1184,UNIDADE MOVEL DE NIVEL PRE-HOSPITALAR NA AREA DE URGENCIA
7255705,BASE SAMU OESTE LAPA AM1077,UNIDADE MOVEL DE NIVEL PRE-HOSPITALAR NA AREA DE URGENCIA
5789826,BASE SAMU OESTE LAPA URAM MC2036,UNIDADE MOVEL DE NIVEL PRE-HOSPITALAR NA AREA DE URGENCIA
5790034,BASE SAMU OESTE LAPA URAM MC2053,UNIDADE MOVEL DE NIVEL PRE-HOSPITALAR NA AREA DE URGENCIA
7024312,BASE SAMU OESTE PAT BAND AM1098 SAV,UNIDADE MOVEL DE NIVEL PRE-HOSPITALAR NA AREA DE URGENCIA
7272766,BASE SAMU OESTE PAT BAND URAM MC2039,UNIDADE MOVEL DE NIVEL PRE-HOSPITALAR NA AREA DE URGENCIA
7272731,BASE SAMU OESTE PAT BAND URAM MC2040,UNIDADE MOVEL DE NIVEL PRE-HOSPITALAR NA AREA DE URGENCIA
7255748,BASE SAMU OESTE PB BUTANTA AM1101,UNIDADE MOVEL DE NIVEL PRE-HOSPITALAR NA AREA DE URGENCIA
5850452,BASE SAMU OESTE REAL PARQUE URAM MC1108,UNIDADE MOVEL DE NIVEL PRE-HOSPITALAR NA AREA DE URGENCIA
5850460,BASE SAMU OESTE REAL PARQUE URAM MC1137,UNIDADE MOVEL DE NIVEL PRE-HOSPITALAR NA AREA DE URGENCIA
7271905,BASE SAMU OESTE RIO PEQUENO AM1115,UNIDADE MOVEL DE NIVEL PRE-HOSPITALAR NA AREA DE URGENCIA
6983774,BASE SAMU OESTE RIO PEQUENO AM1121,UNIDADE MOVEL DE NIVEL PRE-HOSPITALAR NA AREA DE URGENCIA
7272456,BASE SAMU OESTE RIO PEQUENO URAM MC2041,UNIDADE MOVEL DE NIVEL PRE-HOSPITALAR NA AREA DE URGENCIA
7272464,BASE SAMU OESTE RIO PEQUENO URAM MC2042,UNIDADE MOVEL DE NIVEL PRE-HOSPITALAR NA AREA DE URGENCIA
7018169,BASE SAMU OESTE UBS JARDIM COLOMBO AM1100,UNIDADE MOVEL DE NIVEL PRE-HOSPITALAR NA AREA DE URGENCIA
5790255,BASE SAMU OESTE UBS JARDIM COLOMBO URAM MC2035,UNIDADE MOVEL DE NIVEL PRE-HOSPITALAR NA AREA DE URGENCIA
5790042,BASE SAMU OESTE UBS JARDIM COLOMBO URAM MC2052,UNIDADE MOVEL DE NIVEL PRE-HOSPITALAR NA AREA DE URGENCIA
6999727,BASE SAMU SUDESTE AMA HERMENEGILDO AM1201,UNIDADE MOVEL DE NIVEL PRE-HOSPITALAR NA AREA DE URGENCIA
7272197,BASE SAMU SUDESTE CUPECE AM1202,UNIDADE MOVEL DE NIVEL PRE-HOSPITALAR NA AREA DE URGENCIA
7272154,BASE SAMU SUDESTE H M IPIRANGA AM1072,UNIDADE MOVEL DE NIVEL PRE-HOSPITALAR NA AREA DE URGENCIA
7272200,BASE SAMU SUDESTE H M IPIRANGA AM1073,UNIDADE MOVEL DE NIVEL PRE-HOSPITALAR NA AREA DE URGENCIA
7272146,BASE SAMU SUDESTE H M IPIRANGA AM1095,UNIDADE MOVEL DE NIVEL PRE-HOSPITALAR NA AREA DE URGENCIA
7272219,BASE SAMU SUDESTE H M TATUAPE AM1119,UNIDADE MOVEL DE NIVEL PRE-HOSPITALAR NA AREA DE URGENCIA
7271956,BASE SAMU SUDESTE H M TATUAPE AM1182 SAV,UNIDADE MOVEL DE NIVEL PRE-HOSPITALAR NA AREA DE URGENCIA
6984150,BASE SAMU SUDESTE H M VILA NHOCUNE AM1204,UNIDADE MOVEL DE NIVEL PRE-HOSPITALAR NA AREA DE URGENCIA
7272774,BASE SAMU SUDESTE JARDIM GRIMALDI AM 1167,UNIDADE MOVEL DE NIVEL PRE-HOSPITALAR NA AREA DE URGENCIA
6999689,BASE SAMU SUDESTE JARDIM GRIMALDI AM1118,UNIDADE MOVEL DE NIVEL PRE-HOSPITALAR NA AREA DE URGENCIA
7272340,BASE SAMU SUDESTE JARDIM GRIMALDI URAM MC2043,UNIDADE MOVEL DE NIVEL PRE-HOSPITALAR NA AREA DE URGENCIA
7272375,BASE SAMU SUDESTE JARDIM GRIMALDI URAM MC2044,UNIDADE MOVEL DE NIVEL PRE-HOSPITALAR NA AREA DE URGENCIA
7272316,BASE SAMU SUDESTE PARQUE CERET URAM MC2046,UNIDADE MOVEL DE NIVEL PRE-HOSPITALAR NA AREA DE URGENCIA
7272324,BASE SAMU SUDESTE PARQUE CERET URAM MC2047,UNIDADE MOVEL DE NIVEL PRE-HOSPITALAR NA AREA DE URGENCIA
7272111,BASE SAMU SUDESTE PB MOOCA AM 1166,UNIDADE MOVEL DE NIVEL PRE-HOSPITALAR NA AREA DE URGENCIA
7272189,BASE SAMU SUDESTE PB MOOCA AM1093 SAV,UNIDADE MOVEL DE NIVEL PRE-HOSPITALAR NA AREA DE URGENCIA
6999794,BASE SAMU SUDESTE PB SAPOPEMBA AM1171,UNIDADE MOVEL DE NIVEL PRE-HOSPITALAR NA AREA DE URGENCIA
7018436,BASE SAMU SUDESTE SABOYA AM1117,UNIDADE MOVEL DE NIVEL PRE-HOSPITALAR NA AREA DE URGENCIA
7272073,BASE SAMU SUDESTE SABOYA AM1170,UNIDADE MOVEL DE NIVEL PRE-HOSPITALAR NA AREA DE URGENCIA
5752485,BASE SAMU SUDESTE SABOYA URAM MC2030,UNIDADE MOVEL DE NIVEL PRE-HOSPITALAR NA AREA DE URGENCIA
5752515,BASE SAMU SUDESTE SABOYA URAM MC2049,UNIDADE MOVEL DE NIVEL PRE-HOSPITALAR NA AREA DE URGENCIA
7255780,BASE SAMU SUDESTE SACOMA AM 1168,UNIDADE MOVEL DE NIVEL PRE-HOSPITALAR NA AREA DE URGENCIA
7272693,BASE SAMU SUDESTE SACOMA URAM MC2054,UNIDADE MOVEL DE NIVEL PRE-HOSPITALAR NA AREA DE URGENCIA
7272707,BASE SAMU SUDESTE SACOMA URAM MC2055,UNIDADE MOVEL DE NIVEL PRE-HOSPITALAR NA AREA DE URGENCIA
7272138,BASE SAMU SUDESTE TCM AM1096 SAV,UNIDADE MOVEL DE NIVEL PRE-HOSPITALAR NA AREA DE URGENCIA
6999808,BASE SAMU SUDESTE UBS SAO NICOLAU AM1074,UNIDADE MOVEL DE NIVEL PRE-HOSPITALAR NA AREA DE URGENCIA
6999719,BASE SAMU SUDESTE UBS SAO NICOLAU AM1094,UNIDADE MOVEL DE NIVEL PRE-HOSPITALAR NA AREA DE URGENCIA
7257384,BASE SAMU SUDESTE UBS VILA ESPERANCA AM1169,UNIDADE MOVEL DE NIVEL PRE-HOSPITALAR NA AREA DE URGENCIA
7255802,BASE SAMU SUDESTE UBS VILA ESPERANCA AM1203,UNIDADE MOVEL DE NIVEL PRE-HOSPITALAR NA AREA DE URGENCIA
6984193,BASE SAMU SUDESTE UPA III CARRAO AM1092,UNIDADE MOVEL DE NIVEL PRE-HOSPITALAR NA AREA DE URGENCIA
7272413,BASE SAMU SUDESTE UPA III CARRAO AM1172,UNIDADE MOVEL DE NIVEL PRE-HOSPITALAR NA AREA DE URGENCIA
7272898,BASE SAMU SUL AMA CAPAO AM1103,UNIDADE MOVEL DE NIVEL PRE-HOSPITALAR NA AREA DE URGENCIA
6980953,BASE SAMU SUL CAPS AD III JARDIM SAO LUIZ AM1150 SAV,UNIDADE MOVEL DE NIVEL PRE-HOSPITALAR NA AREA DE URGENCIA
5850479,BASE SAMU SUL CAPS AD III JD SAO LUIS URAM MC1117,UNIDADE MOVEL DE NIVEL PRE-HOSPITALAR NA AREA DE URGENCIA
5850487,BASE SAMU SUL CAPS AD III JD SAO LUIS URAM MC1120,UNIDADE MOVEL DE NIVEL PRE-HOSPITALAR NA AREA DE URGENCIA
7001347,BASE SAMU SUL CAPS AD LARGO 13 AM1106,UNIDADE MOVEL DE NIVEL PRE-HOSPITALAR NA AREA DE URGENCIA
7024428,BASE SAMU SUL CAPS AD LARGO 13 AM1205,UNIDADE MOVEL DE NIVEL PRE-HOSPITALAR NA AREA DE URGENCIA
5752523,BASE SAMU SUL CAPS AD LARGO XIII URAM MC2023,UNIDADE MOVEL DE NIVEL PRE-HOSPITALAR NA AREA DE URGENCIA
5752558,BASE SAMU SUL CAPS AD LARGO XIII URAM MC2048,UNIDADE MOVEL DE NIVEL PRE-HOSPITALAR NA AREA DE URGENCIA
7272901,BASE SAMU SUL CAPS PARAISOPOLIS AM1061,UNIDADE MOVEL DE NIVEL PRE-HOSPITALAR NA AREA DE URGENCIA
6999697,BASE SAMU SUL CER III SANTO AMARO AM 1179,UNIDADE MOVEL DE NIVEL PRE-HOSPITALAR NA AREA DE URGENCIA
6983790,BASE SAMU SUL CER III SANTO AMARO AM1120,UNIDADE MOVEL DE NIVEL PRE-HOSPITALAR NA AREA DE URGENCIA
7001339,BASE SAMU SUL CEU ALVARENGA AM1206,UNIDADE MOVEL DE NIVEL PRE-HOSPITALAR NA AREA DE URGENCIA
6984061,BASE SAMU SUL CIDADE ADEMAR AM1062,UNIDADE MOVEL DE NIVEL PRE-HOSPITALAR NA AREA DE URGENCIA
7024371,BASE SAMU SUL CIDADE ADEMAR AM1104,UNIDADE MOVEL DE NIVEL PRE-HOSPITALAR NA AREA DE URGENCIA
7024398,BASE SAMU SUL CIDADE ADEMAR AM1176,UNIDADE MOVEL DE NIVEL PRE-HOSPITALAR NA AREA DE URGENCIA
6980740,BASE SAMU SUL H M MBOI MIRIM AM 1174,UNIDADE MOVEL DE NIVEL PRE-HOSPITALAR NA AREA DE URGENCIA
7024401,BASE SAMU SUL H M MBOI MIRIM AM1173,UNIDADE MOVEL DE NIVEL PRE-HOSPITALAR NA AREA DE URGENCIA
6982816,BASE SAMU SUL H M MBOI MIRIM AM1175,UNIDADE MOVEL DE NIVEL PRE-HOSPITALAR NA AREA DE URGENCIA
7272383,BASE SAMU SUL H M MBOI MIRIM URAM MC2056,UNIDADE MOVEL DE NIVEL PRE-HOSPITALAR NA AREA DE URGENCIA
7272405,BASE SAMU SUL H M MBOI MIRIM URAM MC2057,UNIDADE MOVEL DE NIVEL PRE-HOSPITALAR NA AREA DE URGENCIA
6982727,BASE SAMU SUL H M PARELHEIROS AM1065,UNIDADE MOVEL DE NIVEL PRE-HOSPITALAR NA AREA DE URGENCIA
7024347,BASE SAMU SUL H M PARELHEIROS AM1067,UNIDADE MOVEL DE NIVEL PRE-HOSPITALAR NA AREA DE URGENCIA
6982824,BASE SAMU SUL INTERLAGOS AM1080,UNIDADE MOVEL DE NIVEL PRE-HOSPITALAR NA AREA DE URGENCIA
7255691,BASE SAMU SUL INTERLAGOS AM1102 SAV,UNIDADE MOVEL DE NIVEL PRE-HOSPITALAR NA AREA DE URGENCIA
7272235,BASE SAMU SUL INTERLAGOS AM1122,UNIDADE MOVEL DE NIVEL PRE-HOSPITALAR NA AREA DE URGENCIA
7272855,BASE SAMU SUL INTERLAGOS URAM MC2058,UNIDADE MOVEL DE NIVEL PRE-HOSPITALAR NA AREA DE URGENCIA
7272863,BASE SAMU SUL INTERLAGOS URAM MC2059,UNIDADE MOVEL DE NIVEL PRE-HOSPITALAR NA AREA DE URGENCIA
7272804,BASE SAMU SUL MARIA ANTONIETA URAM MC2000,UNIDADE MOVEL DE NIVEL PRE-HOSPITALAR NA AREA DE URGENCIA
7272790,BASE SAMU SUL MARIA ANTONIETA URAM MC2007,UNIDADE MOVEL DE NIVEL PRE-HOSPITALAR NA AREA DE URGENCIA
7257392,BASE SAMU SUL SUVIS CIDADE ADEMAR AM1180 SAV,UNIDADE MOVEL DE NIVEL PRE-HOSPITALAR NA AREA DE URGENCIA
6983952,BASE SAMU SUL UBS ANCHIETA AM1189,UNIDADE MOVEL DE NIVEL PRE-HOSPITALAR NA AREA DE URGENCIA
6982832,BASE SAMU SUL UBS JARDIM EMBURA AM1066,UNIDADE MOVEL DE NIVEL PRE-HOSPITALAR NA AREA DE URGENCIA
6982751,BASE SAMU SUL UPA MARIA ANTONIETA AM 1178,UNIDADE MOVEL DE NIVEL PRE-HOSPITALAR NA AREA DE URGENCIA
7272227,BASE SAMU SUL UPA MARIA ANTONIETA AM1177,UNIDADE MOVEL DE NIVEL PRE-HOSPITALAR NA AREA DE URGENCIA
6982697,BASE SAMU SUL UPA VERA CRUZ AM1105,UNIDADE MOVEL DE NIVEL PRE-HOSPITALAR NA AREA DE URGENCIA
8415188,BASE SAMU SUL CER III SANTO AMARO URAM MC1106,UNIDADE MOVEL DE NIVEL PRE-HOSPITALAR NA AREA DE URGENCIA
8415196,BASE SAMU SUL CER III SANTO AMARO URAM MC1123,UNIDADE MOVEL DE NIVEL PRE-HOSPITALAR NA AREA DE URGENCIA
2090147,BAXTER RCS CENTRO DE CUIDADO RENAL,CLINICA/CENTRO DE ESPECIALIDADE
7134517,BIOFAST MEDICINA E SAUDE,UNIDADE DE APOIO DIAGNOSE E TERAPIA (SADT ISOLADO)
3684865,BIOFAST MEDICINA E SAUDE LTDA,UNIDADE DE APOIO DIAGNOSE E TERAPIA (SADT ISOLADO)
7526490,BIOFAST PLUS SANTANA,UNIDADE DE APOIO DIAGNOSE E TERAPIA (SADT ISOLADO)
7526512,BIOFAST PLUS SANTO AMARO,UNIDADE DE APOIO DIAGNOSE E TERAPIA (SADT ISOLADO)
0248665,BIOFAST PLUS TATUAPE,UNIDADE DE APOIO DIAGNOSE E TERAPIA (SADT ISOLADO)
0884413,BIOSCIENCE,UNIDADE DE APOIO DIAGNOSE E TERAPIA (SADT ISOLADO)
9270132,CACAU 2,CLINICA/CENTRO DE ESPECIALIDADE
2077418,CAISM PHILIPPE PINEL,HOSPITAL ESPECIALIZADO
2070766,CAISM-DR DAVI CAPISTRANO - HOSP EST AGUA FUNDA,HOSPITAL ESPECIALIZADO
2068915,CAPS AD CRATOD C. REF TABACO ALCOOL OUT DROGAS,CLINICA/CENTRO DE ESPECIALIDADE
9688463,CAPS AD II CANGAIBA,CENTRO DE ATENCAO PSICOSSOCIAL
0466956,CAPS AD II CIDADE ADEMAR,CENTRO DE ATENCAO PSICOSSOCIAL
2786567,CAPS AD II ERMELINO MATARRAZO,CENTRO DE ATENCAO PSICOSSOCIAL
6416691,CAPS AD II GUAIANASES,CENTRO DE ATENCAO PSICOSSOCIAL
2815427,CAPS AD II JABAQUARA,CENTRO DE ATENCAO PSICOSSOCIAL
3314359,CAPS AD II JARDIM NELIA,CENTRO DE ATENCAO PSICOSSOCIAL
3313344,CAPS AD II MOOCA,CENTRO DE ATENCAO PSICOSSOCIAL
3010201,CAPS AD II PINHEIROS,CENTRO DE ATENCAO PSICOSSOCIAL
6586147,CAPS AD II SACOMA,CENTRO DE ATENCAO PSICOSSOCIAL
2786559,CAPS AD II SANTO AMARO,CENTRO DE ATENCAO PSICOSSOCIAL
6393411,CAPS AD II SAPOPEMBA,CENTRO DE ATENCAO PSICOSSOCIAL
2091429,CAPS AD II VILA MADALENA PROSAM,CENTRO DE ATENCAO PSICOSSOCIAL
2042924,CAPS AD II VILA MARIANA,CENTRO DE ATENCAO PSICOSSOCIAL
2960281,CAPS AD III ARMENIA,CENTRO DE ATENCAO PSICOSSOCIAL
2960303,CAPS AD III BORACEA,CENTRO DE ATENCAO PSICOSSOCIAL
9688455,CAPS AD III BUTANTA,CENTRO DE ATENCAO PSICOSSOCIAL
6148387,CAPS AD III CACHOEIRINHA,CENTRO DE ATENCAO PSICOSSOCIAL
7497857,CAPS AD III CAMPO LIMPO,CENTRO DE ATENCAO PSICOSSOCIAL
5608678,CAPS AD III CAPELA DO SOCORRO,CENTRO DE ATENCAO PSICOSSOCIAL
2786532,CAPS AD III CENTRO,CENTRO DE ATENCAO PSICOSSOCIAL
6964036,CAPS AD III COMPLEXO PRATES,CENTRO DE ATENCAO PSICOSSOCIAL
6668127,CAPS AD III FREGUESIA DO O BRASILANDIA,CENTRO DE ATENCAO PSICOSSOCIAL
9685111,CAPS AD III GRAJAU,CENTRO DE ATENCAO PSICOSSOCIAL
6245838,CAPS AD III HELIOPOLIS,CENTRO DE ATENCAO PSICOSSOCIAL
5878675,CAPS AD III ITAQUERA,CENTRO DE ATENCAO PSICOSSOCIAL
2786540,CAPS AD III JARDIM ANGELA,CENTRO DE ATENCAO PSICOSSOCIAL
9684093,CAPS AD III JARDIM SAO LUIZ,CENTRO DE ATENCAO PSICOSSOCIAL
9691553,CAPS AD III LEOPOLDINA,CENTRO DE ATENCAO PSICOSSOCIAL
0953709,CAPS AD III PARAISOPOLIS,CENTRO DE ATENCAO PSICOSSOCIAL
3304566,CAPS AD III PENHA,CENTRO DE ATENCAO PSICOSSOCIAL
2766221,CAPS AD III PIRITUBA CASA AZUL,CENTRO DE ATENCAO PSICOSSOCIAL
6336302,CAPS AD III SANTANA,CENTRO DE ATENCAO PSICOSSOCIAL
3025012,CAPS AD III SAO MATEUS,CENTRO DE ATENCAO PSICOSSOCIAL
7024231,CAPS AD III SAO MIGUEL,CENTRO DE ATENCAO PSICOSSOCIAL
9363165,CAPS AD IV REDENCAO,CENTRO DE ATENCAO PSICOSSOCIAL
3384292,CAPS ADULTO II ARICANDUVA FORMOSA,CENTRO DE ATENCAO PSICOSSOCIAL
2786516,CAPS ADULTO II BUTANTA,CENTRO DE ATENCAO PSICOSSOCIAL
6280161,CAPS ADULTO II CASA VERDE,CENTRO DE ATENCAO PSICOSSOCIAL
5731194,CAPS ADULTO II CIDADE ADEMAR,CENTRO DE ATENCAO PSICOSSOCIAL
6879802,CAPS ADULTO II CIDADE TIRADENTES,CENTRO DE ATENCAO PSICOSSOCIAL
2751992,CAPS ADULTO II ERMELINO MATARAZZO,CENTRO DE ATENCAO PSICOSSOCIAL
3003167,CAPS ADULTO II GUAIANASES ARTUR BISPO DO ROSARIO,CENTRO DE ATENCAO PSICOSSOCIAL
5725437,CAPS ADULTO II ITAIM PAULISTA,CENTRO DE ATENCAO PSICOSSOCIAL
2067811,CAPS ADULTO II ITAQUERA,CENTRO DE ATENCAO PSICOSSOCIAL
3025438,CAPS ADULTO II JABAQUARA,CENTRO DE ATENCAO PSICOSSOCIAL
2068133,CAPS ADULTO II JACANA DR LEONIDIO GALVAO DOS SANTOS,CENTRO DE ATENCAO PSICOSSOCIAL
2028816,CAPS ADULTO II JARDIM LIDIA,CENTRO DE ATENCAO PSICOSSOCIAL
4049845,CAPS ADULTO II PERDIZES MANOEL MUNHOZ,CENTRO DE ATENCAO PSICOSSOCIAL
3041530,CAPS ADULTO II PERUS,CENTRO DE ATENCAO PSICOSSOCIAL
2752018,CAPS ADULTO II SAO MIGUEL,CENTRO DE ATENCAO PSICOSSOCIAL
6924972,CAPS ADULTO II VILA MONUMENTO,CENTRO DE ATENCAO PSICOSSOCIAL
2786524,CAPS ADULTO II VILA PRUDENTE,CENTRO DE ATENCAO PSICOSSOCIAL
4887298,CAPS ADULTO III AGUA FUNDA,CENTRO DE ATENCAO PSICOSSOCIAL
7165072,CAPS ADULTO III CAPELA DO SOCORRO,CENTRO DE ATENCAO PSICOSSOCIAL
2786575,CAPS ADULTO III FREGUESIA DO O BRASILANDIA,CENTRO DE ATENCAO PSICOSSOCIAL
9664815,CAPS ADULTO III GRAJAU,CENTRO DE ATENCAO PSICOSSOCIAL
2040808,CAPS ADULTO III ITAIM BIBI,CENTRO DE ATENCAO PSICOSSOCIAL
2952149,CAPS ADULTO III JARDIM SAO LUIZ,CENTRO DE ATENCAO PSICOSSOCIAL
4050290,CAPS ADULTO III LAPA,CENTRO DE ATENCAO PSICOSSOCIAL
4049829,CAPS ADULTO III LARGO 13,CENTRO DE ATENCAO PSICOSSOCIAL
3906388,CAPS ADULTO III M BOI MIRIM,CENTRO DE ATENCAO PSICOSSOCIAL
2070804,CAPS ADULTO III MANDAQUI,CENTRO DE ATENCAO PSICOSSOCIAL
0466573,CAPS ADULTO III MOOCA,CENTRO DE ATENCAO PSICOSSOCIAL
6879799,CAPS ADULTO III PARAISOPOLIS,CENTRO DE ATENCAO PSICOSSOCIAL
6066585,CAPS ADULTO III PARELHEIROS,CENTRO DE ATENCAO PSICOSSOCIAL
2786508,CAPS ADULTO III PIRITUBA JARAGUA,CENTRO DE ATENCAO PSICOSSOCIAL
2069148,CAPS ADULTO III SAO MATEUS,CENTRO DE ATENCAO PSICOSSOCIAL
2815435,CAPS ADULTO III SAPOPEMBA,CENTRO DE ATENCAO PSICOSSOCIAL
7111568,CAPS ADULTO III SE,CENTRO DE ATENCAO PSICOSSOCIAL
2029626,CAPS ADULTO III VILA MATILDE,CENTRO DE ATENCAO PSICOSSOCIAL
2068923,CAPS ADULTO ITAPEVA LUIZ ROCHA CERQUEIRA,CENTRO DE ATENCAO PSICOSSOCIAL
4120558,CAPS INFANTO JUVENIL III PIRITUBA JARAGUA,CENTRO DE ATENCAO PSICOSSOCIAL
9113088,CAPS INFANTOJUVENIL II BUTANTA,CENTRO DE ATENCAO PSICOSSOCIAL
7497865,CAPS INFANTOJUVENIL II CAMPO LIMPO,CENTRO DE ATENCAO PSICOSSOCIAL
6657184,CAPS INFANTOJUVENIL II CAPELA SOCORRO PIRACAO,CENTRO DE ATENCAO PSICOSSOCIAL
6700268,CAPS INFANTOJUVENIL II CASA VERDE NISE DA SILVEIRA,CENTRO DE ATENCAO PSICOSSOCIAL
6646581,CAPS INFANTOJUVENIL II CIDADE ADEMAR,CENTRO DE ATENCAO PSICOSSOCIAL
6954189,CAPS INFANTOJUVENIL II CIDADE LIDER,CENTRO DE ATENCAO PSICOSSOCIAL
0277665,CAPS INFANTOJUVENIL II CIDADE TIRADENTES,CENTRO DE ATENCAO PSICOSSOCIAL
9678956,CAPS INFANTOJUVENIL II ERMELINO MATARAZZO,CENTRO DE ATENCAO PSICOSSOCIAL
6330843,CAPS INFANTOJUVENIL II FREGUESIA BRASILANDIA,CENTRO DE ATENCAO PSICOSSOCIAL
6954197,CAPS INFANTOJUVENIL II GUAIANASES COLORIDAMENTE,CENTRO DE ATENCAO PSICOSSOCIAL
3108368,CAPS INFANTOJUVENIL II IPIRANGA,CENTRO DE ATENCAO PSICOSSOCIAL
7128924,CAPS INFANTOJUVENIL II ITAIM PAULISTA,CENTRO DE ATENCAO PSICOSSOCIAL
4050304,CAPS INFANTOJUVENIL II ITAQUERA,CENTRO DE ATENCAO PSICOSSOCIAL
2815443,CAPS INFANTOJUVENIL II JABAQUARA CASINHA,CENTRO DE ATENCAO PSICOSSOCIAL
8431760,CAPS INFANTOJUVENIL II JARDIM HELENA,CENTRO DE ATENCAO PSICOSSOCIAL
2027003,CAPS INFANTOJUVENIL II LAPA,CENTRO DE ATENCAO PSICOSSOCIAL
6970532,CAPS INFANTOJUVENIL II M BOI MIRIM,CENTRO DE ATENCAO PSICOSSOCIAL
2042916,CAPS INFANTOJUVENIL II MOOCA,CENTRO DE ATENCAO PSICOSSOCIAL
6683983,CAPS INFANTOJUVENIL II PARELHEIROS AQUARELA,CENTRO DE ATENCAO PSICOSSOCIAL
6931979,CAPS INFANTOJUVENIL II PERUS,CENTRO DE ATENCAO PSICOSSOCIAL
4049837,CAPS INFANTOJUVENIL II SANTO AMARO,CENTRO DE ATENCAO PSICOSSOCIAL
2069059,CAPS INFANTOJUVENIL II SAO MATEUS,CENTRO DE ATENCAO PSICOSSOCIAL
6759971,CAPS INFANTOJUVENIL II SAPOPEMBA,CENTRO DE ATENCAO PSICOSSOCIAL
3763072,CAPS INFANTOJUVENIL II VILA MARIANA QUIXOTE,CENTRO DE ATENCAO PSICOSSOCIAL
2029596,CAPS INFANTOJUVENIL II VILA PRUDENTE,CENTRO DE ATENCAO PSICOSSOCIAL
9788417,CAPS INFANTOJUVENIL III ARICANDUVA,CENTRO DE ATENCAO PSICOSSOCIAL
9664831,CAPS INFANTOJUVENIL III CIDADE DUTRA,CENTRO DE ATENCAO PSICOSSOCIAL
9188150,CAPS INFANTOJUVENIL III HELIOPOLIS,CENTRO DE ATENCAO PSICOSSOCIAL
2952157,CAPS INFANTOJUVENIL III JARDIM SAO LUIZ,CENTRO DE ATENCAO PSICOSSOCIAL
6387640,CAPS INFANTOJUVENIL III PENHA,CENTRO DE ATENCAO PSICOSSOCIAL
2027658,CAPS INFANTOJUVENIL III SANTANA,CENTRO DE ATENCAO PSICOSSOCIAL
5695791,CAPS INFANTOJUVENIL III SAO MIGUEL,CENTRO DE ATENCAO PSICOSSOCIAL
6127967,CAPS INFANTOJUVENIL III SE AMORZEIRA,CENTRO DE ATENCAO PSICOSSOCIAL
6626327,CAPS INFANTOJUVENIL III VILA MARIA VILA GUILHERME,CENTRO DE ATENCAO PSICOSSOCIAL
6356184,CASA ANGELA,CENTRO DE PARTO NORMAL - ISOLADO
2076985,CASA DA CRIANCA BETINHO,HOSPITAL GERAL
3314618,CASA DE ISABEL,CLINICA/CENTRO DE ESPECIALIDADE
3739503,CASA DO PARTO DE SAPOPEMBA,CENTRO DE PARTO NORMAL - ISOLADO
3008681,CASA SER MARIA A LARA BARCELOS,CLINICA/CENTRO DE ESPECIALIDADE
9611339,CCC - CENTRO DE COMBATE AO CANCER,CLINICA/CENTRO DE ESPECIALIDADE
4510682,CCI LESTE PADRE ANTONIO LUIZ MARCHIONI PADRE TICAO,POLICLINICA
7352123,CDB CENTRO DE DIAGNOSTICOS BRASIL,UNIDADE DE APOIO DIAGNOSE E TERAPIA (SADT ISOLADO)
3273997,CECCO CAMPO LIMPO,CLINICA/CENTRO DE ESPECIALIDADE
2027534,CECCO EDUARDO LEITE BACURI,CLINICA/CENTRO DE ESPECIALIDADE
2027542,CECCO ERMELINO MATARAZZO,CLINICA/CENTRO DE ESPECIALIDADE
2027232,CECCO FREGUESIA DO O,CLINICA/CENTRO DE ESPECIALIDADE
2786605,CECCO GUARAPIRANGA,CLINICA/CENTRO DE ESPECIALIDADE
2027453,CECCO INTERLAGOS,CLINICA/CENTRO DE ESPECIALIDADE
9727485,CECCO IPIRANGA HELIOPOLIS,CLINICA/CENTRO DE ESPECIALIDADE
3548724,CECCO JACANA/TREMEMBE,CLINICA/CENTRO DE ESPECIALIDADE
7534876,CECCO JARAGUA,CLINICA/CENTRO DE ESPECIALIDADE
3004775,CECCO MOOCA,CLINICA/CENTRO DE ESPECIALIDADE
2027445,CECCO PADRE MANOEL DA NOBREGA,CLINICA/CENTRO DE ESPECIALIDADE
2027437,CECCO PARQUE ECOLOGICO CHICO MENDES,CLINICA/CENTRO DE ESPECIALIDADE
2027402,CECCO PARQUE IBIRAPUERA,CLINICA/CENTRO DE ESPECIALIDADE
3010961,CECCO PARQUE RAUL SEIXAS,CLINICA/CENTRO DE ESPECIALIDADE
3934535,CECCO PERUS,CLINICA/CENTRO DE ESPECIALIDADE
7884419,CECCO PIRITUBA,CLINICA/CENTRO DE ESPECIALIDADE
2027410,CECCO PREVIDENCIA,CLINICA/CENTRO DE ESPECIALIDADE
2027283,CECCO SANTO AMARO,CLINICA/CENTRO DE ESPECIALIDADE
2027267,CECCO SANTO DIAS,CLINICA/CENTRO DE ESPECIALIDADE
2027518,CECCO SAO DOMINGOS,CLINICA/CENTRO DE ESPECIALIDADE
2786613,CECCO VILA GUARANI,CLINICA/CENTRO DE ESPECIALIDADE
5924316,CECCO VILA MARIA VILA GUILHERME TROTE,CLINICA/CENTRO DE ESPECIALIDADE
2786591,CECCO VILA PRUDENTE,CLINICA/CENTRO DE ESPECIALIDADE
2094258,CEDIMEN,UNIDADE DE APOIO DIAGNOSE E TERAPIA (SADT ISOLADO)
2091372,CENENORTE-CLINICA NEFROLOGICA,CLINICA/CENTRO DE ESPECIALIDADE
3003159,CENTRAL DE REGULACAO MUNICIPAL SP,CENTRAL DE REGULACAO DO ACESSO
2028182,CENTRO ASSISTENCIAL CRUZ DE MALTA,POLICLINICA
0454214,CENTRO DE ARMAZENAMENTO E DISTRIBUICAO DE IMUNOBIOLOGICOS,CENTRAL DE ABASTECIMENTO
9050558,CENTRO DE CONTROLE DE INTOXICACOES - CCI,CLINICA/CENTRO DE ESPECIALIDADE
2042738,CENTRO DE CONTROLE DE ZOONOSES SANTANA,UNIDADE DE VIGILANCIA EM SAUDE
4042077,CENTRO DE CUIDADO ODONTOLOGICO,CLINICA/CENTRO DE ESPECIALIDADE
4693086,CENTRO DE CUIDADOS ODONTOLOGICOS - CCO NORTE,CLINICA/CENTRO DE ESPECIALIDADE
2069024,CENTRO DE DERMATATOLOGIA SANITARIA - SES,CLINICA/CENTRO DE ESPECIALIDADE
4508505,CENTRO DE EXAMES DA MULHER,POLICLINICA
5301971,CENTRO DE EXAMES DA MULHER CAPELA DO SOCORRO,POLICLINICA
2091690,CENTRO DE REABILITACAO UMARIZAL,CLINICA/CENTRO DE ESPECIALIDADE
3444538,CENTRO DE REF DO IDOSO-ZONA NORTE,CLINICA/CENTRO DE ESPECIALIDADE
2078287,CENTRO DE REFERENCIA DA SAUDE DA MULHER,HOSPITAL ESPECIALIZADO
2077957,CENTRO DE REFERENCIA E TREINAMENTO ISTAIDS SAO PAULO,HOSPITAL ESPECIALIZADO
6335586,CENTRO EST DE ANALISES CLINICAS DA ZONA LESTE CEAC SP,UNIDADE DE APOIO DIAGNOSE E TERAPIA (SADT ISOLADO)
3996344,CENTRO EST DE ANALISES CLINICAS DA ZONA NORTE SAO PAULO,UNIDADE DE APOIO DIAGNOSE E TERAPIA (SADT ISOLADO)
3001466,CENTRO HOSPITALAR DO SISTEMA PENITENCIARIO,HOSPITAL GERAL
3893723,CENTRO MEDICO - HOSPITAL NIPO-BRASILEIRO,CLINICA/CENTRO DE ESPECIALIDADE
3464555,CENTRO MEDICO PMESP,HOSPITAL GERAL
2963728,CENTRO ODONTOLOGICO INFANTOJUVENIL HELIOPOLIS,CLINICA/CENTRO DE ESPECIALIDADE
6122205,CENTRO SOCIAL NOSSA SENHORA DA PENHA CENHA,CLINICA/CENTRO DE ESPECIALIDADE
3257797,CEO I LAPA,CLINICA/CENTRO DE ESPECIALIDADE
9026525,CEO I VILA MARIANA,CLINICA/CENTRO DE ESPECIALIDADE
9010211,CEO II BUTANTA,CLINICA/CENTRO DE ESPECIALIDADE
7975457,CEO II CAMPO LIMPO,CLINICA/CENTRO DE ESPECIALIDADE
4072928,CEO II CAPAO REDONDO,CLINICA/CENTRO DE ESPECIALIDADE
7975465,CEO II CAPELA DO SOCORRO,CLINICA/CENTRO DE ESPECIALIDADE
9010238,CEO II CASA VERDE,CLINICA/CENTRO DE ESPECIALIDADE
7975430,CEO II CIDADE TIRADENTES,CLINICA/CENTRO DE ESPECIALIDADE
7979363,CEO II ERMELINO MATARAZZO,CLINICA/CENTRO DE ESPECIALIDADE
9014721,CEO II FREGUESIA DO O/BRASILANDIA,CLINICA/CENTRO DE ESPECIALIDADE
7975449,CEO II GUAIANASES,CLINICA/CENTRO DE ESPECIALIDADE
7987846,CEO II IPIRANGA,CLINICA/CENTRO DE ESPECIALIDADE
7975414,CEO II ITAQUERA,CLINICA/CENTRO DE ESPECIALIDADE
9026517,CEO II JABAQUARA,CLINICA/CENTRO DE ESPECIALIDADE
2786621,CEO II LRPD HUMBERTO NASTARI,CLINICA/CENTRO DE ESPECIALIDADE
9008438,CEO II M BOI MIRIM,CLINICA/CENTRO DE ESPECIALIDADE
3382613,CEO II PENHA DR WILSON FERREIRA DO VALE,CLINICA/CENTRO DE ESPECIALIDADE
7999100,CEO II PIRITUBA,CLINICA/CENTRO DE ESPECIALIDADE
7988176,CEO II SANTANA,CLINICA/CENTRO DE ESPECIALIDADE
7979355,CEO II SAO MATEUS,CLINICA/CENTRO DE ESPECIALIDADE
9021701,CEO II SAPOPEMBA,CLINICA/CENTRO DE ESPECIALIDADE
9144161,CEO II VERA CRUZ M BOI MIRIM,CLINICA/CENTRO DE ESPECIALIDADE
7988141,CEO II VILA BERTIOGA,CLINICA/CENTRO DE ESPECIALIDADE
9021752,CEO II VILA CARRAO,CLINICA/CENTRO DE ESPECIALIDADE
9282394,CEO II VILA MARIA VILA GUILHERME,CLINICA/CENTRO DE ESPECIALIDADE
7382413,CEO III ALTO DA BOA VISTA,CLINICA/CENTRO DE ESPECIALIDADE
6559824,CEO III FOUSP,CLINICA/CENTRO DE ESPECIALIDADE
5012600,CEO III PARELHEIROS YVETTE RANZANI VIEGAS,CLINICA/CENTRO DE ESPECIALIDADE
2072270,CEO III PROF ALFREDO REIS VIEGAS,CLINICA/CENTRO DE ESPECIALIDADE
7975473,CEO III SAO MIGUEL,CLINICA/CENTRO DE ESPECIALIDADE
5380197,CEO III VISCONDE DE ITAUNA,CLINICA/CENTRO DE ESPECIALIDADE
7979371,CEO ITAIM PAULISTA,CLINICA/CENTRO DE ESPECIALIDADE
7954913,CER II BUTANTA,CLINICA/CENTRO DE ESPECIALIDADE
5468094,CER II CIDADE TIRADENTES,CLINICA/CENTRO DE ESPECIALIDADE
6930980,CER II FREGUESIA DO O / BRASILANDIA,CLINICA/CENTRO DE ESPECIALIDADE
4934741,CER II GIRASSOL,CLINICA/CENTRO DE ESPECIALIDADE
7739834,CER II GUAIANASES,CLINICA/CENTRO DE ESPECIALIDADE
9698892,CER II JACANA,CLINICA/CENTRO DE ESPECIALIDADE
7403496,CER II JARDIM CAMARGO NOVO,CLINICA/CENTRO DE ESPECIALIDADE
7389760,CER II JARDIM CAMPOS,CLINICA/CENTRO DE ESPECIALIDADE
9831061,CER II JARDIM SOARES,CLINICA/CENTRO DE ESPECIALIDADE
6642470,CER II PARELHEIROS,CLINICA/CENTRO DE ESPECIALIDADE
9844597,CER II PARQUE ARTHUR ALVIM,CLINICA/CENTRO DE ESPECIALIDADE
4103947,CER II PERUS,CLINICA/CENTRO DE ESPECIALIDADE
2027607,CER II TATUAPE DR SALOMAO CROCHIK,CLINICA/CENTRO DE ESPECIALIDADE
7798903,CER II TUCURUVI,CLINICA/CENTRO DE ESPECIALIDADE
7736878,CER II VILA MARIANA,CLINICA/CENTRO DE ESPECIALIDADE
9831045,CER II VILA NOSSA SENHORA APARECIDA,CLINICA/CENTRO DE ESPECIALIDADE
7641982,CER II VILA PRUDENTE,CLINICA/CENTRO DE ESPECIALIDADE
9335560,CER III CAMPO LIMPO,CLINICA/CENTRO DE ESPECIALIDADE
7766904,CER III CARANDIRU,CLINICA/CENTRO DE ESPECIALIDADE
7706332,CER III CIDADE ADEMAR,CLINICA/CENTRO DE ESPECIALIDADE
9831037,CER III ERMELINO MATARAZZO,CLINICA/CENTRO DE ESPECIALIDADE
4215818,CER III INTERLAGOS,CLINICA/CENTRO DE ESPECIALIDADE
7646410,CER III LAPA,CLINICA/CENTRO DE ESPECIALIDADE
4223063,CER III MOEMA,CLINICA/CENTRO DE ESPECIALIDADE
7641974,CER III PENHA,CLINICA/CENTRO DE ESPECIALIDADE
4076133,CER III PIRITUBA LIBERATO RAGONHA,CLINICA/CENTRO DE ESPECIALIDADE
6516998,CER III SANTO AMARO,CLINICA/CENTRO DE ESPECIALIDADE
7393822,CER III SAO MATEUS,CLINICA/CENTRO DE ESPECIALIDADE
7641990,CER III SAPOPEMBA,CLINICA/CENTRO DE ESPECIALIDADE
7407610,CER III SE,CLINICA/CENTRO DE ESPECIALIDADE
7642008,CER IV FLAVIO GIANNOTTI,CLINICA/CENTRO DE ESPECIALIDADE
6657141,CER IV M BOI MIRIM,CLINICA/CENTRO DE ESPECIALIDADE
9844589,CER IV MILTON ALDRED,CLINICA/CENTRO DE ESPECIALIDADE
7642016,CER IV SAO MIGUEL,CLINICA/CENTRO DE ESPECIALIDADE
3389790,CEREST-CENT.REF EST SAUDE DO TRABALHADOR-SES,CLINICA/CENTRO DE ESPECIALIDADE
5882745,CID MOOCA,CLINICA/CENTRO DE ESPECIALIDADE
6233422,CLINICA DE NEFROLOGIA RENALCLASS,CLINICA/CENTRO DE ESPECIALIDADE
5263719,CLINICA ESPEC ALLERGY,CLINICA/CENTRO DE ESPECIALIDADE
3044742,CLINICA FIDI,UNIDADE DE APOIO DIAGNOSE E TERAPIA (SADT ISOLADO)
3399222,CLINICA HCM HIGEIA,CLINICA/CENTRO DE ESPECIALIDADE
2073471,CLINICA LESTE,CLINICA/CENTRO DE ESPECIALIDADE
6228194,CLINICA NEFROLOGICA DO ITAIM PAULISTA,CLINICA/CENTRO DE ESPECIALIDADE
7499078,CLINICA NEFROLOGICA SANTA CATARINA,CLINICA/CENTRO DE ESPECIALIDADE
2048094,CLINICA NEFROLOGICA SAO MIGUEL,CLINICA/CENTRO DE ESPECIALIDADE
5375711,CLINICA ODONTO ADYR A.GURGEL (MUN_MAIO/07),CLINICA/CENTRO DE ESPECIALIDADE
9547231,CLINICA ZDI,UNIDADE DE APOIO DIAGNOSE E TERAPIA (SADT ISOLADO)
2091569,CNTT CLINICA NEFROLOGICA,CLINICA/CENTRO DE ESPECIALIDADE
2088932,COLSAN - SAO PAULO,UNIDADE DE APOIO DIAGNOSE E TERAPIA (SADT ISOLADO)
2765985,COMPLEXO REGULADOR MUN SAO PAULO,CENTRAL DE REGULACAO DO ACESSO
0847275,CONSULTORIO CIES PIRITUBA,UNIDADE MOVEL TERRESTRE
3141446,COORDENADORIA DE VIGILANCIA EM SAUDE - COVISA,UNIDADE DE VIGILANCIA EM SAUDE
3446875,COORDENADORIA REGIONAL DE SAUDE LESTE,CENTRAL DE GESTAO EM SAUDE
3446840,COORDENADORIA REGIONAL DE SAUDE NORTE,CENTRAL DE GESTAO EM SAUDE
3446905,COORDENADORIA REGIONAL DE SAUDE OESTE,CENTRAL DE GESTAO EM SAUDE
3446913,COORDENADORIA REGIONAL DE SAUDE SUDESTE,CENTRAL DE GESTAO EM SAUDE
3446867,COORDENADORIA REGIONAL DE SAUDE SUL,CENTRAL DE GESTAO EM SAUDE
4042093,CR DOR CRONICA BOM RETIRO,CLINICA/CENTRO DE ESPECIALIDADE
2979497,CR DOR CRONICA LESTE,CLINICA/CENTRO DE ESPECIALIDADE
4145925,CR DOR CRONICA OESTE,CLINICA/CENTRO DE ESPECIALIDADE
5992842,CR DOR CRONICA PARQUE MARIA HELENA,CLINICA/CENTRO DE ESPECIALIDADE
4076125,CR DOR CRONICA PIRITUBA,CLINICA/CENTRO DE ESPECIALIDADE
0481300,CR DOR CRONICA VILA MARIANA,CLINICA/CENTRO DE ESPECIALIDADE
2786796,CR PICS BOSQUE DA SAUDE,CLINICA/CENTRO DE ESPECIALIDADE
9113118,CR PICS CIDADE TIRADENTES,CLINICA/CENTRO DE ESPECIALIDADE
9089772,CR PICS ERMELINO MATARAZZO - PRIMAVERA,CLINICA/CENTRO DE ESPECIALIDADE
5841666,CR PICS GUAIANASES,CLINICA/CENTRO DE ESPECIALIDADE
3826872,CR PICS SAO MATEUS - PROF JOSE FELICIANO DO NASCIMENTO,CLINICA/CENTRO DE ESPECIALIDADE
3475182,CR PICS SE,CLINICA/CENTRO DE ESPECIALIDADE
4042115,CR POP TRANSEXUAIS E TRAVESTIS JANAINA LIMA,CLINICA/CENTRO DE ESPECIALIDADE
2786664,CR ST ANDRE GRABOIS,CLINICA/CENTRO DE ESPECIALIDADE
2786672,CR ST FREGUESIA DO O,CLINICA/CENTRO DE ESPECIALIDADE
2046377,CR ST LAPA,CLINICA/CENTRO DE ESPECIALIDADE
6357091,CR ST LESTE,CLINICA/CENTRO DE ESPECIALIDADE
2752034,CR ST SANTO AMARO,CLINICA/CENTRO DE ESPECIALIDADE
2086794,CR ST SUDESTE MOOCA,CLINICA/CENTRO DE ESPECIALIDADE
5301238,CREN VILA JACUI PADRE TICAO,CLINICA/CENTRO DE ESPECIALIDADE
5141923,CREN VILA MARIANA,CLINICA/CENTRO DE ESPECIALIDADE
0274518,CROOKES SERVICOS MEDICOS,CLINICA/CENTRO DE ESPECIALIDADE
3913007,CS ESCOLA BARRA FUNDA ALEXANDRE VRANJAC,CENTRO DE SAUDE/UNIDADE BASICA
2091321,CS ESCOLA GERALDO DE PAULA SOUZA,CENTRO DE SAUDE/UNIDADE BASICA
2091348,CS ESCOLA SAMUEL B PESSOA,CENTRO DE SAUDE/UNIDADE BASICA
2068966,CS SES PINHEIROS-VICTOR A H MELLO,CLINICA/CENTRO DE ESPECIALIDADE
3009769,CTA IST AIDS CIDADE TIRADENTES,CLINICA/CENTRO DE ESPECIALIDADE
3024652,CTA IST AIDS DR SERGIO AROUCA,CLINICA/CENTRO DE ESPECIALIDADE
7047568,CTA IST AIDS GUAIANASES,CLINICA/CENTRO DE ESPECIALIDADE
2752042,CTA IST AIDS HENFIL HENRIQUE DE SOUZA FILHO,CLINICA/CENTRO DE ESPECIALIDADE
0932507,CTA IST AIDS ITINERANTE DA CIDADE DE SAO PAULO,UNIDADE MOVEL TERRESTRE
3417794,CTA IST AIDS JOSE ARAUJO LIMA FILHO,CLINICA/CENTRO DE ESPECIALIDADE
7045212,CTA IST AIDS MOOCA,CLINICA/CENTRO DE ESPECIALIDADE
2752050,CTA IST AIDS PIRITUBA,CLINICA/CENTRO DE ESPECIALIDADE
2027259,CTA IST AIDS SANTO AMARO PAULA LEGNO,CLINICA/CENTRO DE ESPECIALIDADE
2752069,CTA IST AIDS SAO MIGUEL,CLINICA/CENTRO DE ESPECIALIDADE
4581679,CUIDAR MEDICINA RESPIRATORIA E DO SONO,POLICLINICA
3064174,DAVITA ARICANDUVA,CLINICA/CENTRO DE ESPECIALIDADE
7561709,DAVITA BRASIL PARTICIPACOES E SERVICOS DE NEFROLOGIA,CLINICA/CENTRO DE ESPECIALIDADE
2698889,DAVITA CAMBUCI,CLINICA/CENTRO DE ESPECIALIDADE
5550637,DAVITA JOAO DIAS,CLINICA/CENTRO DE ESPECIALIDADE
2048116,DAVITA MORUMBI,CLINICA/CENTRO DE ESPECIALIDADE
2091615,DAVITA PENHA,CLINICA/CENTRO DE ESPECIALIDADE
2048302,DAVITA PERDIZES,CLINICA/CENTRO DE ESPECIALIDADE
2057077,DAVITA SANTANA,CLINICA/CENTRO DE ESPECIALIDADE
6207693,DAVITA SERVICOS DE NEFROLOGIA JARDIM DAS IMBUIAS,CLINICA/CENTRO DE ESPECIALIDADE
2039559,DAVITA SERVICOS DE NEFROLOGIA LAPA,CLINICA/CENTRO DE ESPECIALIDADE
2048078,DAVITA SERVICOS DE NEFROLOGIA LTDA,CLINICA/CENTRO DE ESPECIALIDADE
2058553,DAVITA SERVICOS DE NEFROLOGIA MOOCA LTDA,CLINICA/CENTRO DE ESPECIALIDADE
2032228,DAVITA SERVICOS DE NEFROLOGIA POMPEIA,CLINICA/CENTRO DE ESPECIALIDADE
3524086,DAVITA SERVICOS DE NEFROLOGIA VILA OLIMPIA,CLINICA/CENTRO DE ESPECIALIDADE
3443833,DIAGNOSTIKA UND DIAG PAT CIR E CITOL,UNIDADE DE APOIO DIAGNOSE E TERAPIA (SADT ISOLADO)
3495469,DIAMED,UNIDADE DE APOIO DIAGNOSE E TERAPIA (SADT ISOLADO)
5015774,DIGIMAGEM HERMES PARDINI ITAIM,UNIDADE DE APOIO DIAGNOSE E TERAPIA (SADT ISOLADO)
7496532,DIGIMAGEM HERMES PARDINI ITAQUERA,UNIDADE DE APOIO DIAGNOSE E TERAPIA (SADT ISOLADO)
9317880,DIGIMAGEM HERMES PARDINI MORUMBI,UNIDADE DE APOIO DIAGNOSE E TERAPIA (SADT ISOLADO)
7269560,DIGIMAGEM HERMES PARDINI SANTANA,UNIDADE DE APOIO DIAGNOSE E TERAPIA (SADT ISOLADO)
5015804,DIGIMAGEM HERMES PARDINI TATUAPE,UNIDADE DE APOIO DIAGNOSE E TERAPIA (SADT ISOLADO)
3306704,DIMEDI - INSTITUTO DE MEDICINA DIGITAL,UNIDADE DE APOIO DIAGNOSE E TERAPIA (SADT ISOLADO)
9286802,DIMEN SAO PAULO,UNIDADE DE APOIO DIAGNOSE E TERAPIA (SADT ISOLADO)
9893822,DN SERVICOS MEDICOS,UNIDADE MOVEL TERRESTRE
5534305,DOCWAY,TELESSAUDE
7549598,DR CONSULTA - JABAQUARA,UNIDADE DE APOIO DIAGNOSE E TERAPIA (SADT ISOLADO)
0483214,EL DIAGNOSTICOS JABAQUARA,UNIDADE DE APOIO DIAGNOSE E TERAPIA (SADT ISOLADO)
7582617,EL DIAGNOSTICOS PENHA DE FRANCA,CLINICA/CENTRO DE ESPECIALIDADE
9332952,EL DIAGNOSTICOS SANTANA,CLINICA/CENTRO DE ESPECIALIDADE
2071282,ENESP-EQUIPE NEFROLOGIA DE SP LTDA,CLINICA/CENTRO DE ESPECIALIDADE
4631137,ESTACAO PREVENCAO CAPAO REDONDO,CLINICA/CENTRO DE ESPECIALIDADE
4164997,ESTACAO PREVENCAO JORGE BELOQUI,CLINICA/CENTRO DE ESPECIALIDADE
2091453,FACULDADE DE ODONTOLOGIA USP,CLINICA/CENTRO DE ESPECIALIDADE
6578632,FARMACIA MEDEX CENTRO DE REFERENCIA DA SAUDE DA MULHER,FARMACIA
6352790,FARMACIA MEDEX CRT AIDS,FARMACIA
6578640,FARMACIA MEDEX DR GERALDO BOURROUL,FARMACIA
3554481,FARMACIA MEDEX DRS I GRANDE SAO PAULO VILA MARIANA,FARMACIA
6503829,FARMACIA MEDEX HCFMUSP SAO PAULO,FARMACIA
6423094,FARMACIA MEDEX HOSPITAL HELIOPOLIS,FARMACIA
6557961,FARMACIA MEDEX HSPE IAMSPE SAO PAULO,FARMACIA
6352820,FARMACIA MEDEX INST DANTE PAZZANESE CARD,FARMACIA
3554538,FARMACIA MEDEX SES-AME MARIA ZELIA,FARMACIA
3554503,FARMACIA MEDEX SES-PAM VARZEA DO CARMO,FARMACIA
2069601,FUND ONCOCENTRO DE SAO PAULO,CLINICA/CENTRO DE ESPECIALIDADE
2688530,FUND SAO PAULO-DERDIC,CLINICA/CENTRO DE ESPECIALIDADE
2090155,GAN GRUPO DE APOIO NEFROLOGICO SC LTDA,POLICLINICA
4250133,GESTAO MEDICA INTELIGENTE PARTICIPACOES GMI,CONSULTORIO ISOLADO
5570948,GETCARE,TELESSAUDE
7431996,GHELFOND DIAGNOSTICOS UNIDADE IPIRANGA,UNIDADE DE APOIO DIAGNOSE E TERAPIA (SADT ISOLADO)
6753345,GRUPO DIFFUSION,UNIDADE DE APOIO DIAGNOSE E TERAPIA (SADT ISOLADO)
2088789,HEMOCENTRO DE SAO PAULO,UNIDADE DE APOIO DIAGNOSE E TERAPIA (SADT ISOLADO)
2983974,HERMES ANALIA FRANCO,UNIDADE DE APOIO DIAGNOSE E TERAPIA (SADT ISOLADO)
2920832,HERMES LAPA,UNIDADE DE APOIO DIAGNOSE E TERAPIA (SADT ISOLADO)
2920883,HERMES PARDINI FREGUESIA DO O,UNIDADE DE APOIO DIAGNOSE E TERAPIA (SADT ISOLADO)
2946785,HERMES PARDINI SANTO AMARO,UNIDADE DE APOIO DIAGNOSE E TERAPIA (SADT ISOLADO)
2920891,HERMES PARDINI TATUAPE TUIUTI,UNIDADE DE APOIO DIAGNOSE E TERAPIA (SADT ISOLADO)
2920840,HERMES SANTA CRUZ,UNIDADE DE APOIO DIAGNOSE E TERAPIA (SADT ISOLADO)
2920859,HERMES SAO JUDAS,UNIDADE DE APOIO DIAGNOSE E TERAPIA (SADT ISOLADO)
2920875,HERMES SAO MIGUEL,UNIDADE DE APOIO DIAGNOSE E TERAPIA (SADT ISOLADO)
3579328,HOPE,CONSULTORIO ISOLADO
2688522,HOSP CASA DE DAVID,HOSPITAL ESPECIALIZADO
2078015,HOSP CLINICAS - HC DA FMUSP,HOSPITAL GERAL
2078600,HOSP DA AERONAUTICA DE SP,HOSPITAL GERAL
2075962,HOSP DA STA CASA DE STO AMARO,HOSPITAL GERAL
2752077,HOSP DO SERV PUB MUNICIPAL - HSPM,HOSPITAL GERAL
2077469,HOSP DOM ALVARENGA,HOSPITAL GERAL
2028840,HOSP EST - INSTITUTO DE INFECTOLOGIA EMILIO RIBAS,HOSPITAL GERAL
2088495,HOSP EST DANTE PAZZANESE- FUND ADIB JATENE,HOSPITAL ESPECIALIZADO
2077671,HOSP EST GRAJAU,HOSPITAL GERAL
2079240,HOSP EST GUAIANASES - JESUS TEIXEIRA DA COSTA,HOSPITAL GERAL
2066572,HOSP EST HELIOPOLIS,HOSPITAL GERAL
2088517,HOSP EST INF CANDIDO FONTOURA,HOSPITAL ESPECIALIZADO
2071371,HOSP EST INF DARCY VARGAS,HOSPITAL ESPECIALIZADO
2077523,HOSP EST IPIRANGA,HOSPITAL GERAL
2077620,HOSP EST ITAIM PAULISTA,HOSPITAL GERAL
5437156,HOSP EST LOCAL DE SAPOPEMBA,HOSPITAL GERAL
2077574,HOSP EST MANDAQUI,HOSPITAL GERAL
2065665,HOSP EST MAT INTERLAGOS,HOSPITAL ESPECIALIZADO
2077701,HOSP EST MAT LEONOR MENDES DE BARROS,HOSPITAL ESPECIALIZADO
2066092,HOSP EST PEDREIRA,HOSPITAL GERAL
2688514,HOSP EST PSIQUIATRICO DE VILA MARIANA,HOSPITAL ESPECIALIZADO
2091313,HOSP EST REGIONAL SUL,HOSPITAL GERAL
2077493,HOSP EST SAO MATEUS,HOSPITAL GERAL
2091585,HOSP EST SAPOPEMBA,HOSPITAL GERAL
2082225,HOSP EST TAIPAS - KATIA DE S RODRIGUES,HOSPITAL GERAL
2088576,HOSP EST TRANSPLANT EURYCLIDES DE JESUS ZERBINI,HOSPITAL GERAL
2091356,HOSP EST VITAL BRAZIL,HOSPITAL ESPECIALIZADO
2077426,HOSP EST VL ALPINA - HENRIQUE ALTIMEYER,HOSPITAL GERAL
2688573,HOSP EST VL NOVA CACHOEIRINHA,HOSPITAL GERAL
2091755,HOSP EST VL PENTEADO - DR JOSE PANGELLA,HOSPITAL GERAL
2077752,HOSP MONUMENTO-CEHM,HOSPITAL GERAL
0102075,HOSP MUN BELA VISTA SANTA DULCE DOS POBRES,HOSPITAL GERAL
0102105,HOSP MUN BRASILANDIA ADIB JATENE,HOSPITAL GERAL
2786680,HOSP MUN CAMPO LIMPO FERNANDO MAURO PIRES DA ROCHA,HOSPITAL GERAL
7992890,HOSP MUN CAPELA DO SOCORRO,HOSPITAL GERAL
5420938,HOSP MUN CIDADE TIRADENTES CARMEN PRUDENTE,HOSPITAL GERAL
2084473,HOSP MUN DR IGNACIO PROENCA DE GOUVEA,HOSPITAL GERAL
2082829,HOSP MUN ERMELINO MATARAZZO PROF DR ALIPIO CORREA NETTO,HOSPITAL GERAL
7711980,HOSP MUN GILSON DE CASSIA MARQUES DE CARVALHO,HOSPITAL GERAL
0161438,HOSP MUN GUARAPIRANGA,HOSPITAL GERAL
2078325,HOSP MUN INFANTIL MENINO JESUS,HOSPITAL ESPECIALIZADO
2077639,HOSP MUN ITAQUERA PROF DR WALDOMIRO DE PAULA,HOSPITAL GERAL
2081970,HOSP MUN JABAQUARA ARTUR RIBEIRO DE SABOYA,HOSPITAL GERAL
2084139,HOSP MUN JARDIM IVA DR BENEDITO MONTENEGRO,HOSPITAL GERAL
9465464,HOSP MUN JOSANIAS CASTANHA BRAGA,HOSPITAL GERAL
5718368,HOSP MUN M BOI MIRIM DR MOYSES DEUSTSCH,HOSPITAL GERAL
2079186,HOSP MUN MAT ESC DR MARIO DE MORAES A SILVA,HOSPITAL ESPECIALIZADO
2075717,HOSP MUN MATERNIDADE PROF MARIO DEGNI,HOSPITAL GERAL
2077450,HOSP MUN PIRITUBA JOSE SOARES HUNGRIA,HOSPITAL GERAL
6998194,HOSP MUN SOROCABANA,HOSPITAL GERAL
2080346,HOSP MUN TATUAPE DR CARMINO CARICCHIO,HOSPITAL GERAL
2080583,HOSP MUN TIDE SETUBAL,HOSPITAL GERAL
3212130,HOSP MUN VILA MARIA VEREADOR JOSE STOROPOLLI,HOSPITAL GERAL
2080788,HOSP MUN VILA NHOCUNE ALEXANDRE ZAIO,HOSPITAL GERAL
2091399,HOSP N SRA DO PARI,HOSPITAL ESPECIALIZADO
2089777,HOSP NIPO BRASILEIRO,HOSPITAL GERAL
2077477,HOSP STA MARCELINA,HOSPITAL GERAL
2076926,HOSP UNIVERSITARIO - HU/USP,HOSPITAL GERAL
2091666,HOSP WLADIM ARRUDA,HOSPITAL/DIA - ISOLADO
2077388,HOSPITAL AMPARO MATERNAL,HOSPITAL ESPECIALIZADO
2080575,HOSPITAL BP,HOSPITAL GERAL
2078570,HOSPITAL CANTAREIRA,HOSPITAL GERAL
2751852,HOSPITAL DIA - VILA PRUDENTE,HOSPITAL/DIA - ISOLADO
7019076,HOSPITAL DIA - BRASILANDIA FO,HOSPITAL/DIA - ISOLADO
2027240,HOSPITAL DIA - BUTANTA,HOSPITAL/DIA - ISOLADO
6998178,HOSPITAL DIA - CAMPO LIMPO - JARDIM PIRAJUSSARA,HOSPITAL/DIA - ISOLADO
2751925,HOSPITAL DIA - CIDADE ADEMAR,HOSPITAL/DIA - ISOLADO
2751860,HOSPITAL DIA - FLAVIO GIANNOTTI,HOSPITAL/DIA - ISOLADO
6136028,HOSPITAL DIA - ITAIM PAULISTA,HOSPITAL/DIA - ISOLADO
2091658,HOSPITAL DIA - M BOI MIRIM I JARDIM IBIRAPUERA,HOSPITAL/DIA - ISOLADO
7378394,HOSPITAL DIA - M BOI MIRIM II - VERA CRUZ,HOSPITAL/DIA - ISOLADO
6135749,HOSPITAL DIA - MOOCA,HOSPITAL/DIA - ISOLADO
2751933,HOSPITAL DIA - PENHA - HATIRO SHIMOMOTO,HOSPITAL/DIA - ISOLADO
9950931,HOSPITAL DIA - SANTO AMARO,HOSPITAL/DIA - ISOLADO
6391869,HOSPITAL DIA - SAO MATEUS DR HENRIQUE C GONCALVES,HOSPITAL/DIA - ISOLADO
2751976,HOSPITAL DIA - SAO MIGUEL DR TITO LOPES DA SILVA,HOSPITAL/DIA - ISOLADO
7979649,HOSPITAL DIA - VILA GUILHERME,HOSPITAL/DIA - ISOLADO
8032653,HOSPITAL DIA CAPELA DO SOCORRO,HOSPITAL/DIA - ISOLADO
2081288,HOSPITAL DO CORACAO,HOSPITAL GERAL
2089785,HOSPITAL DO RIM E HIPERTENSAO,HOSPITAL ESPECIALIZADO
2089602,HOSPITAL DO SEPACO,HOSPITAL GERAL
2058502,HOSPITAL DO SERV PUB EST FCO MORATO DE OLIVEIRA,HOSPITAL GERAL
2078589,HOSPITAL E MATERNIDADE SANTA MARIA CRUZ AZUL,HOSPITAL GERAL
2688581,HOSPITAL GERIATRICO E CONVALESC D PEDRO II,HOSPITAL GERAL
2089696,HOSPITAL GRAACC INSTITUTO DE ONCOLOGIA PEDIATRICA IOP,HOSPITAL ESPECIALIZADO
2058391,HOSPITAL ISRAELITA ALBERT EINSTEIN,HOSPITAL GERAL
2082624,HOSPITAL JAPONES SANTA CRUZ,HOSPITAL GERAL
2077507,HOSPITAL LEFORTE - LIBERDADE,HOSPITAL GERAL
7252455,HOSPITAL PROFESSORA LYDIA STOROPOLI,HOSPITAL GERAL
2079445,HOSPITAL SANTA ISABEL,HOSPITAL GERAL
3039420,HOSPITAL SAO CAMILO SANTANA,HOSPITAL GERAL
2076896,HOSPITAL SAO LUIZ GONZAGA,HOSPITAL GERAL
2077485,HOSPITAL SAO PAULO - UNIFESP,HOSPITAL GERAL
3701832,HOSPITAL SILVIO ROMERO,HOSPITAL GERAL
2079127,HOSPITAL SIRIO LIBANES,HOSPITAL GERAL
5130883,HSOLHOS,CLINICA/CENTRO DE ESPECIALIDADE
3975363,I9MED DIGITAL,CLINICA/CENTRO DE ESPECIALIDADE
7655037,ICRESP INSTITUTO DE CARDIOLOGIA E DORFMAN E COSTA SERVICOS,CLINICA/CENTRO DE ESPECIALIDADE
5177022,IMEDI - INSTITUTO DE MEDICINA DIAGNOSTICA (DESATIVADO 09/2022),UNIDADE DE APOIO DIAGNOSE E TERAPIA (SADT ISOLADO)
0255661,IMPAR SERVICOS HOSPITALARES FILIAL SANTA PAULA,HOSPITAL GERAL
9684956,INSIDE DIAGNOSTICOS,UNIDADE DE APOIO DIAGNOSE E TERAPIA (SADT ISOLADO)
2091364,INST ADOLFO LUTZ,LABORATORIO CENTRAL DE SAUDE PUBLICA LACEN
2077590,INST BRAS. CONTROLE CANCER-IBCC,HOSPITAL ESPECIALIZADO
2091550,INST CEMA DE OFTALMO E OTORRINO,HOSPITAL GERAL
2057220,INST CLEMENTE FERREIRA,CLINICA/CENTRO DE ESPECIALIDADE
3651185,INST DA VISAO,CLINICA/CENTRO DE ESPECIALIDADE
7096712,INST DA VISAO - V CARMOSINA,CLINICA/CENTRO DE ESPECIALIDADE
2812703,INST DE PSIQUIATRIA - HC/FMUSP,HOSPITAL ESPECIALIZADO
5451612,INST DE REABILITACAO LUCY MONTORO,HOSPITAL ESPECIALIZADO
6123740,INST DO CANCER DO ESTADO DE SAO PAULO,HOSPITAL ESPECIALIZADO
2071568,INST DO CORACAO - INCOR - HC/FMUSP,HOSPITAL ESPECIALIZADO
2032759,INST PASTEUR SES,LABORATORIO DE SAUDE PUBLICA
2688638,INST SUEL ABUJAMRA,HOSPITAL ESPECIALIZADO
7572468,INSTITUTO DA VISAO,HOSPITAL/DIA - ISOLADO
8300127,INSTITUTO DA VISAO IPEPO,CLINICA/CENTRO DE ESPECIALIDADE
7097670,INSTITUTO DE RESPONSABILIDADE SOCIAL SIRIO LIBANES,UNIDADE DE APOIO DIAGNOSE E TERAPIA (SADT ISOLADO)
2080125,INSTITUTO DO CANCER ARNALDO VIEIRA DE CARVALHO,HOSPITAL ESPECIALIZADO
9856110,INSTITUTO HOC DE HEMOTERAPIA,CLINICA/CENTRO DE ESPECIALIDADE
2091593,INSTITUTO JO CLEMENTE,POLICLINICA
4191455,INSTITUTO JO CLEMENTE UNIDADE ITAIM BIBI,POLICLINICA
5598419,INSTITUTO MEDICO PAULISTA,CLINICA/CENTRO DE ESPECIALIDADE
4740939,INSTITUTO OFTALMOLOGICO PAULISTA,CLINICA/CENTRO DE ESPECIALIDADE
2089084,INSTITUTO RUBEM BERTA,HOSPITAL ESPECIALIZADO
2926555,INSTITUTO SUEL ABUJAMRA LIBERDADE,CLINICA/CENTRO DE ESPECIALIDADE
2092344,IPGG INST PAUL GERI E GERONT JOSE ERMIRIO DE MORAES,CLINICA/CENTRO DE ESPECIALIDADE
5231949,IRNAC TERAPIAS AQUATICAS,CLINICA/CENTRO DE ESPECIALIDADE
6988210,ISMD INSTITUTO SUPERIOR DE MEDICINA LTDA,CLINICA/CENTRO DE ESPECIALIDADE
2089025,LAB AFIP,UNIDADE DE APOIO DIAGNOSE E TERAPIA (SADT ISOLADO)
3204723,LAB GHELFOND - ANGELICA,UNIDADE DE APOIO DIAGNOSE E TERAPIA (SADT ISOLADO)
2027097,LAB MUN DA REGIAO SUDESTE,UNIDADE DE APOIO DIAGNOSE E TERAPIA (SADT ISOLADO)
7895178,LAB MUN DE ANALISES TOXICOLOGICAS MUNICIPAL,UNIDADE DE APOIO DIAGNOSE E TERAPIA (SADT ISOLADO)
2091674,LAB MUN DE SANTO AMARO,UNIDADE DE APOIO DIAGNOSE E TERAPIA (SADT ISOLADO)
4050363,LAB MUN DE SAUDE PUBLICA CONTROLE DE QUALIDADE EM SAUDE,LABORATORIO DE SAUDE PUBLICA
2091771,LAB MUN DE SAUDE PUBLICA DE SAO MIGUEL PAULISTA,LABORATORIO DE SAUDE PUBLICA
2027089,LAB MUN DE SAUDE PUBLICA NOSSA SENHORA DO O,LABORATORIO DE SAUDE PUBLICA
6511848,LAB MUN DE ZOONOSES E DOENCAS TRANSMIT POR VETORES,UNIDADE DE APOIO DIAGNOSE E TERAPIA (SADT ISOLADO)
0656399,LABORATORIO DE ANALISES CLINICAS DO INSTITUTO BUTANTAN,UNIDADE DE APOIO DIAGNOSE E TERAPIA (SADT ISOLADO)
4154649,LABORATORIO DE PROTESE ODONTOLOGICA SIRO,UNIDADE DE APOIO DIAGNOSE E TERAPIA (SADT ISOLADO)
2752085,LABORATORIO MUNICIPAL LAPA,UNIDADE DE APOIO DIAGNOSE E TERAPIA (SADT ISOLADO)
3843734,LABORATORIO ROBERTO DE PROTESE DENTAL,UNIDADE DE APOIO DIAGNOSE E TERAPIA (SADT ISOLADO)
2039680,LABPAC,UNIDADE DE APOIO DIAGNOSE E TERAPIA (SADT ISOLADO)
4258037,LIMAG DIAGNOSTICOS,UNIDADE MOVEL TERRESTRE
7830319,LIVRE TELEMEDICINA,CLINICA/CENTRO DE ESPECIALIDADE
2958457,LM SERVICOS MEDICOS E GESTAO EM SAUDE LTDA,CLINICA/CENTRO DE ESPECIALIDADE
0415146,MAIS IDENTIDADE,CLINICA/CENTRO DE ESPECIALIDADE
6600905,MAXXILAB,UNIDADE DE APOIO DIAGNOSE E TERAPIA (SADT ISOLADO)
7330804,MENDELICS ANALISE GENOMICA,UNIDADE DE APOIO DIAGNOSE E TERAPIA (SADT ISOLADO)
0895172,MMR SERVICOS MEDICOS E GESTAO EM SAUDE,CLINICA/CENTRO DE ESPECIALIDADE
7602235,NEFROCLINICA IPIRANGA,CLINICA/CENTRO DE ESPECIALIDADE
2048108,NEFROCOR,CLINICA/CENTRO DE ESPECIALIDADE
6253415,NEFROLAPA,CLINICA/CENTRO DE ESPECIALIDADE
5700094,NEFROLESTE UNIDADE MOOCA,CLINICA/CENTRO DE ESPECIALIDADE
0795437,NEFROTEC NEFROLOGIA E TERAPIAS EXTRA CORPOREAS,CLINICA/CENTRO DE ESPECIALIDADE
9989579,NEPHRO GROUP CLINICA DE DIALISE,CLINICA/CENTRO DE ESPECIALIDADE
8413908,NOVANTE SERVICOS MEDICOS LTDA,UNIDADE DE APOIO DIAGNOSE E TERAPIA (SADT ISOLADO)
7516118,NTO NUCLEO TECNICO OPERACIONAL HERMES PARDINI SANTANA SP,UNIDADE DE APOIO DIAGNOSE E TERAPIA (SADT ISOLADO)
9995110,NUCLEO DE ESTIMULACAO E HABILITACAO GUAIANASES,POLICLINICA
8338639,NUCLEO DE TELESSAUDE DO MUNICIPIO DE SAO PAULO,TELESSAUDE
9884726,NUCLEO TECNICO OPERACIONAL LABORATORIO ALBERT EINSTEIN,UNIDADE DE APOIO DIAGNOSE E TERAPIA (SADT ISOLADO)
4040716,OPTION X TECNOLOGY,CLINICA/CENTRO DE ESPECIALIDADE
7546890,ORG PROCURA DE ORGAOS - INST DANTE PAZZANESE,"CENTRAL DE NOTIFICACAO,CAPTACAO E DISTRIB DE ORGAOS ESTADUAL"
7546947,ORG PROCURA ORGAOS - HC SP,"CENTRAL DE NOTIFICACAO,CAPTACAO E DISTRIB DE ORGAOS ESTADUAL"
7549814,ORG PROCURA ORGAOS - HOSPITAL SAO PAULO,"CENTRAL DE NOTIFICACAO,CAPTACAO E DISTRIB DE ORGAOS ESTADUAL"
7546149,ORG PROCURA ORGAOS - SANTA CASA SP,"CENTRAL DE NOTIFICACAO,CAPTACAO E DISTRIB DE ORGAOS ESTADUAL"
2091704,OSEC,CENTRO DE SAUDE/UNIDADE BASICA
4307917,OZER,CONSULTORIO ISOLADO
2069040,PA MUN DRA GLORIA RODRIGUES DOS SANTOS BONFIM,PRONTO ATENDIMENTO
4049918,PA MUN JARDIM MACEDONIA,PRONTO ATENDIMENTO
2075423,PA MUN SAO MATEUS II,PRONTO ATENDIMENTO
0454168,PADI CENTRO OESTE,CENTRAL DE ABASTECIMENTO
0454184,PADI LESTE,CENTRAL DE ABASTECIMENTO
0454192,PADI NORTE,CENTRAL DE ABASTECIMENTO
0454176,PADI SUDESTE,CENTRAL DE ABASTECIMENTO
0454206,PADI SUL,CENTRAL DE ABASTECIMENTO
2068974,PAM VARZEA DO CARMO-NGA 63,HOSPITAL/DIA - ISOLADO
3700364,PHYSICUS TERAPIAS INTEGRADAS,POLICLINICA
2688662,PMESP COMANDO DO CORPO DE BOMBEIROS,UNIDADE MOVEL DE NIVEL PRE-HOSPITALAR NA AREA DE URGENCIA
9113096,PONTO DE ECONOMIA SOLIDARIA E CULTURA DO BUTANTA,CLINICA/CENTRO DE ESPECIALIDADE
7566409,PRO IMAGEM DIAGNOSTICOS,UNIDADE DE APOIO DIAGNOSE E TERAPIA (SADT ISOLADO)
6984622,PROMOVE-CENTRO PROMOCAO REAB SAUDE E INTEG,CLINICA/CENTRO DE ESPECIALIDADE
2752093,PS MUN BALNEARIO SAO JOSE,PRONTO SOCORRO GERAL
4050320,PS MUN BARRA FUNDA DR ALVARO D DE ALMEIDA,PRONTO SOCORRO GERAL
2071495,PS MUN SANTANA-LAURO RIBAS BRAGA,PRONTO SOCORRO GERAL
3290689,RADIOCLINICA TADAO MORI,UNIDADE DE APOIO DIAGNOSE E TERAPIA (SADT ISOLADO)
3354962,REGIONAL DE REGULACAO LESTE,CENTRAL DE REGULACAO DO ACESSO
3354954,REGIONAL DE REGULACAO NORTE,CENTRAL DE REGULACAO DO ACESSO
3354970,REGIONAL DE REGULACAO OESTE,CENTRAL DE REGULACAO DO ACESSO
6213529,RENALCARE NEFROLOGIA,CLINICA/CENTRO DE ESPECIALIDADE
7889844,SAD SAO MATEUS,CENTRO DE SAUDE/UNIDADE BASICA
2786699,SAE IST AIDS BUTANTA,CLINICA/CENTRO DE ESPECIALIDADE
4049802,SAE IST AIDS CIDADE DUTRA,CLINICA/CENTRO DE ESPECIALIDADE
2752115,SAE IST AIDS CIDADE LIDER II,CLINICA/CENTRO DE ESPECIALIDADE
2752123,SAE IST AIDS FIDELIS RIBEIRO,CLINICA/CENTRO DE ESPECIALIDADE
2774755,SAE IST AIDS HERBERT DE SOUZA BETINHO,CLINICA/CENTRO DE ESPECIALIDADE
2752131,SAE IST AIDS IPIRANGA JOSE F ARAUJO,CLINICA/CENTRO DE ESPECIALIDADE
7079648,SAE IST AIDS JABAQUARA,CLINICA/CENTRO DE ESPECIALIDADE
2069644,SAE IST AIDS JARDIM MITSUTANI,CLINICA/CENTRO DE ESPECIALIDADE
2786648,SAE IST AIDS LAPA PAULO CESAR BONFIM,CLINICA/CENTRO DE ESPECIALIDADE
7311176,SAE IST AIDS M BOI MIRIM,CLINICA/CENTRO DE ESPECIALIDADE
2752026,SAE IST AIDS NOSSA SENHORA DO O,CLINICA/CENTRO DE ESPECIALIDADE
2027313,SAE IST AIDS PENHA,CLINICA/CENTRO DE ESPECIALIDADE
2752158,SAE IST AIDS SANTANA MARCOS LUTEMBERG,CLINICA/CENTRO DE ESPECIALIDADE
2786656,SAE IST AIDS SANTO AMARO DRA DENIZE DORNELAS DE OLIVEIRA,CLINICA/CENTRO DE ESPECIALIDADE
3219798,SAE IST AIDS SAO MATEUS,CLINICA/CENTRO DE ESPECIALIDADE
7136625,SAE IST AIDS VILA PRUDENTE SHIRLEI MARIOTTI GOMES COELHO,CLINICA/CENTRO DE ESPECIALIDADE
2786702,SAE IST/AIDS CAMPOS ELISEOS,CLINICA/CENTRO DE ESPECIALIDADE
2077728,SAMARIM,CLINICA/CENTRO DE ESPECIALIDADE
6196330,SAMU CENTRAL REGULACAO MEDICA DE URGENCIAS MUNICIPAL,CENTRAL DE REGULACAO MEDICA DAS URGENCIAS
2688670,SANATORINHOS ACAO COMUNITARIA DE SAUDE,POLICLINICA
2688689,SANTA CASA DE SAO PAULO,HOSPITAL GERAL
7330847,SCOPP DIAGNOSTICOS,CLINICA/CENTRO DE ESPECIALIDADE
9472940,SCOPP DIAGNOSTICOS-ADOLFO PINHEIRO,CLINICA/CENTRO DE ESPECIALIDADE
4066006,SCP AD SERVICOS DE CUIDADOS PROLONGADOS BORACEA,CLINICA/CENTRO DE ESPECIALIDADE
4794214,SCP AD SERVICOS DE CUIDADOS PROLONGADOS PIRITUBA,CLINICA/CENTRO DE ESPECIALIDADE
2067803,SECONCI,CLINICA/CENTRO DE ESPECIALIDADE
2071991,SENESP,CLINICA/CENTRO DE ESPECIALIDADE
0757233,SERVICO DE ATENCAO DOMICILIAR CAMPO LIMPO,CENTRO DE SAUDE/UNIDADE BASICA
6365825,SERVICO DE ATENCAO DOMICILIAR CAPELA DO SOCORRO,CENTRO DE SAUDE/UNIDADE BASICA
6703607,SERVICO DE ATENCAO DOMICILIAR CIDADE ADEMAR,CENTRO DE SAUDE/UNIDADE BASICA
6415431,SERVICO DE ATENCAO DOMICILIAR M BOI MIRIM,CENTRO DE SAUDE/UNIDADE BASICA
6873278,SERVICO DE ATENCAO DOMICILIAR SANTO AMARO,CENTRO DE SAUDE/UNIDADE BASICA
6926207,SERVICO ESTADUAL DE DIAGNOSTICO POR IMAGEM II - SEDI II,TELESSAUDE
6927726,SERVICO ESTADUAL DE DIAGNOSTICO POR IMAGEM III - SEDI III,TELESSAUDE
9949690,SLAB LABORATORIO E MEDICINA DIAGNOSTICA,UNIDADE DE APOIO DIAGNOSE E TERAPIA (SADT ISOLADO)
3297519,SMS SP GABINETE,CENTRAL DE GESTAO EM SAUDE
5582415,SR SUPORTE RENAL,CLINICA/CENTRO DE ESPECIALIDADE
7527004,SUA IMAGEM DIAGNOSTICOS MEDICOS,UNIDADE DE APOIO DIAGNOSE E TERAPIA (SADT ISOLADO)
3318206,SUPERVISAO TECNICA DE SAUDE ARICANDUVA MOOCA,CENTRAL DE GESTAO EM SAUDE
3335070,SUPERVISAO TECNICA DE SAUDE BUTANTA,CENTRAL DE GESTAO EM SAUDE
3317102,SUPERVISAO TECNICA DE SAUDE CAMPO LIMPO,CENTRAL DE GESTAO EM SAUDE
3317145,SUPERVISAO TECNICA DE SAUDE CAPELA DO SOCORRO,CENTRAL DE GESTAO EM SAUDE
3335127,SUPERVISAO TECNICA DE SAUDE CASA VERDE CACHOEIRINHA,CENTRAL DE GESTAO EM SAUDE
3335143,SUPERVISAO TECNICA DE SAUDE CIDADE TIRADENTES,CENTRAL DE GESTAO EM SAUDE
3335399,SUPERVISAO TECNICA DE SAUDE DE SAO MIGUEL PAULISTA,CENTRAL DE GESTAO EM SAUDE
3335151,SUPERVISAO TECNICA DE SAUDE ERMELINO MATARAZZO,CENTRAL DE GESTAO EM SAUDE
3335178,SUPERVISAO TECNICA DE SAUDE FREGUESIA DO O BRASILANDIA,CENTRAL DE GESTAO EM SAUDE
3335186,SUPERVISAO TECNICA DE SAUDE GUAIANASES,CENTRAL DE GESTAO EM SAUDE
3335208,SUPERVISAO TECNICA DE SAUDE IPIRANGA,CENTRAL DE GESTAO EM SAUDE
3335216,SUPERVISAO TECNICA DE SAUDE ITAIM PAULISTA,CENTRAL DE GESTAO EM SAUDE
3335224,SUPERVISAO TECNICA DE SAUDE ITAQUERA,CENTRAL DE GESTAO EM SAUDE
3335259,SUPERVISAO TECNICA DE SAUDE LAPA PINHEIROS,CENTRAL DE GESTAO EM SAUDE
3317129,SUPERVISAO TECNICA DE SAUDE M BOI MIRIM,CENTRAL DE GESTAO EM SAUDE
3317153,SUPERVISAO TECNICA DE SAUDE PARELHEIROS,CENTRAL DE GESTAO EM SAUDE
3335275,SUPERVISAO TECNICA DE SAUDE PENHA,CENTRAL DE GESTAO EM SAUDE
3335291,SUPERVISAO TECNICA DE SAUDE PERUS,CENTRAL DE GESTAO EM SAUDE
3335364,SUPERVISAO TECNICA DE SAUDE PIRITUBA,CENTRAL DE GESTAO EM SAUDE
3335356,SUPERVISAO TECNICA DE SAUDE SANTANA JACANA TUCURUVI,CENTRAL DE GESTAO EM SAUDE
3317110,SUPERVISAO TECNICA DE SAUDE SANTO AMARO CIDADE ADEMAR,CENTRAL DE GESTAO EM SAUDE
3335380,SUPERVISAO TECNICA DE SAUDE SAO MATEUS,CENTRAL DE GESTAO EM SAUDE
9357459,SUPERVISAO TECNICA DE SAUDE SE SANTA CECILIA,CENTRAL DE GESTAO EM SAUDE
3335410,SUPERVISAO TECNICA DE SAUDE VILA MARIA,CENTRAL DE GESTAO EM SAUDE
3335437,SUPERVISAO TECNICA DE SAUDE VILA MARIANA JABAQUARA,CENTRAL DE GESTAO EM SAUDE
3335445,SUPERVISAO TECNICA DE SAUDE VILA PRUDENTE SAPOPEMBA,CENTRAL DE GESTAO EM SAUDE
2748274,TELECARDIO,CLINICA/CENTRO DE ESPECIALIDADE
2752166,AMA UBS AGUA RASA DR MARCOS ANDRADE CORSATO,CENTRO DE SAUDE/UNIDADE BASICA
6408168,AMA UBS AGUIA DE HAIA,CENTRO DE SAUDE/UNIDADE BASICA
2030969,AMA UBS AMERICANOPOLIS,CENTRO DE SAUDE/UNIDADE BASICA
2788241,AMA UBS ANHANGUERA,CENTRO DE SAUDE/UNIDADE BASICA
2752204,AMA UBS CANGAIBA DR CARLOS GENTILE DE MELLO,CENTRO DE SAUDE/UNIDADE BASICA
6194990,AMA UBS CHACARA CRUZEIRO DO SUL ZELIA L M DORO,CENTRO DE SAUDE/UNIDADE BASICA
2042991,AMA UBS DR GERALDO DA SILVA FERREIRA,CENTRO DE SAUDE/UNIDADE BASICA
2787024,AMA UBS ELISIO TEIXEIRA LEITE,CENTRO DE SAUDE/UNIDADE BASICA
3738663,AMA UBS FAZENDA DO CARMO,CENTRO DE SAUDE/UNIDADE BASICA
4050185,AMA UBS JARDIM ALFREDO,CENTRO DE SAUDE/UNIDADE BASICA
2075202,AMA UBS JARDIM BRASIL,CENTRO DE SAUDE/UNIDADE BASICA
4050088,AMA UBS JARDIM BRASILIA,CENTRO DE SAUDE/UNIDADE BASICA
2787245,AMA UBS JARDIM CAPELA,CENTRO DE SAUDE/UNIDADE BASICA
2787253,AMA UBS JARDIM CASTRO ALVES DRA MARIA CRISTINA F,CENTRO DE SAUDE/UNIDADE BASICA
3738647,AMA UBS JARDIM DA CONQUISTA III,CENTRO DE SAUDE/UNIDADE BASICA
2043009,AMA UBS JARDIM ELBA HUMBERTO GASTAO BODRA,CENTRO DE SAUDE/UNIDADE BASICA
2042932,AMA UBS JARDIM GRIMALDI,CENTRO DE SAUDE/UNIDADE BASICA
2752239,AMA UBS JARDIM INDEPENDENCIA HERMENEGILDO MORBIM JR,CENTRO DE SAUDE/UNIDADE BASICA
2774801,AMA UBS JARDIM IPANEMA,CENTRO DE SAUDE/UNIDADE BASICA
2787520,AMA UBS JARDIM JOAMAR,CENTRO DE SAUDE/UNIDADE BASICA
2787555,AMA UBS JARDIM LADEIRA ROSA,CENTRO DE SAUDE/UNIDADE BASICA
2787601,AMA UBS JARDIM MIRIAM MANOEL SOARES DE OLIVEIRA,CENTRO DE SAUDE/UNIDADE BASICA
2787628,AMA UBS JARDIM MIRNA,CENTRO DE SAUDE/UNIDADE BASICA
2787679,AMA UBS JARDIM PAULISTANO,CENTRO DE SAUDE/UNIDADE BASICA
2787873,AMA UBS JARDIM SANTO ANDRE,CENTRO DE SAUDE/UNIDADE BASICA
2788527,AMA UBS JARDIM SAO FRANCISCO II,CENTRO DE SAUDE/UNIDADE BASICA
2787784,AMA UBS JARDIM SAO JORGE DR PAULO EDUARDO ELIAS,CENTRO DE SAUDE/UNIDADE BASICA
2787881,AMA UBS JARDIM TIETE I OSCAR PEREIRA DA SILVA,CENTRO DE SAUDE/UNIDADE BASICA
2774828,AMA UBS JARDIM TRES MARIAS MAURICIO ZAMIJOVSKY,CENTRO DE SAUDE/UNIDADE BASICA
2026996,AMA UBS JOSE BONIFACIO I,CENTRO DE SAUDE/UNIDADE BASICA
2788047,AMA UBS LAUZANE PAULISTA,CENTRO DE SAUDE/UNIDADE BASICA
2788594,AMA UBS MASSAGISTA MARIO AMERICO,CENTRO DE SAUDE/UNIDADE BASICA
2027070,AMA UBS PADRE MANOEL DA NOBREGA,CENTRO DE SAUDE/UNIDADE BASICA
2788195,AMA UBS PARI,CENTRO DE SAUDE/UNIDADE BASICA
2788233,AMA UBS PARQUE ANHANGUERA,CENTRO DE SAUDE/UNIDADE BASICA
2752247,AMA UBS PARQUE BOTURUSSU PROF HUMBERTO CERRUTI,CENTRO DE SAUDE/UNIDADE BASICA
2788284,AMA UBS PARQUE BRISTOL,CENTRO DE SAUDE/UNIDADE BASICA
2788322,AMA UBS PARQUE FERNANDA,CENTRO DE SAUDE/UNIDADE BASICA
2788454,AMA UBS PARQUE SANTO ANTONIO,CENTRO DE SAUDE/UNIDADE BASICA
2788217,AMA UBS PAULO VI,CENTRO DE SAUDE/UNIDADE BASICA
2788225,AMA UBS PERUS,CENTRO DE SAUDE/UNIDADE BASICA
2788543,AMA UBS SAO VICENTE DE PAULA,CENTRO DE SAUDE/UNIDADE BASICA
2091798,AMA UBS SITIO DA CASA PINTADA,CENTRO DE SAUDE/UNIDADE BASICA
2788691,AMA UBS VILA ANTONIETA,CENTRO DE SAUDE/UNIDADE BASICA
2788756,AMA UBS VILA BARBOSA,CENTRO DE SAUDE/UNIDADE BASICA
2026988,AMA UBS VILA CALIFORNIA ZEILIVAL BRUSCAGIN,CENTRO DE SAUDE/UNIDADE BASICA
3708411,AMA UBS VILA CLARA,CENTRO DE SAUDE/UNIDADE BASICA
5731143,AMA UBS VILA IMPERIO,CENTRO DE SAUDE/UNIDADE BASICA
2789051,AMA UBS VILA MEDEIROS,CENTRO DE SAUDE/UNIDADE BASICA
2789078,AMA UBS VILA MISSIONARIA,CENTRO DE SAUDE/UNIDADE BASICA
2789116,AMA UBS VILA NOVA JAGUARE,CENTRO DE SAUDE/UNIDADE BASICA
2752379,AMA UBS VILA ORATORIO DR TITO PEDRO MASCELANI,CENTRO DE SAUDE/UNIDADE BASICA
2789140,AMA UBS VILA PALMEIRAS,CENTRO DE SAUDE/UNIDADE BASICA
2789167,AMA UBS VILA PEREIRA BARRETO,CENTRO DE SAUDE/UNIDADE BASICA
2789175,AMA UBS VILA PIAUI,CENTRO DE SAUDE/UNIDADE BASICA
2789205,AMA UBS VILA PREL ANTONIO BERNARDES DE OLIVEIRA,CENTRO DE SAUDE/UNIDADE BASICA
6592899,AMA UBS VILA SILVIA,CENTRO DE SAUDE/UNIDADE BASICA
2789256,AMA UBS VILA SONIA,CENTRO DE SAUDE/UNIDADE BASICA
2064855,UBS AGUA FUNDA,CENTRO DE SAUDE/UNIDADE BASICA
4049896,UBS ALCINA PIMENTEL PIZA,CENTRO DE SAUDE/UNIDADE BASICA
3385264,UBS ALMIRANTE DELAMARE,CENTRO DE SAUDE/UNIDADE BASICA
2091747,UBS ALPES DO JARAGUA,CENTRO DE SAUDE/UNIDADE BASICA
2786737,UBS ALTO DA RIVIERA,CENTRO DE SAUDE/UNIDADE BASICA
3503488,UBS ALTO DE PINHEIROS DR SUEL ABUJAMRA,CENTRO DE SAUDE/UNIDADE BASICA
2786745,UBS ALTO DO UMUARAMA,CENTRO DE SAUDE/UNIDADE BASICA
9788409,UBS ANCHIETA,CENTRO DE SAUDE/UNIDADE BASICA
2786729,UBS ANTONIO ESTEVAO DE CARVALHO,CENTRO DE SAUDE/UNIDADE BASICA
2774763,UBS ARRASTAO FRANCISCO SCALAMANDRE SOBRINHO,CENTRO DE SAUDE/UNIDADE BASICA
6269567,UBS ATUALPA GIRAO RABELO,CENTRO DE SAUDE/UNIDADE BASICA
2786761,UBS AUGUSTO LEOPOLDO A GALVAO,CENTRO DE SAUDE/UNIDADE BASICA
9072349,UBS AUTODROMO DR FAUZER SIMAO ABRAO,CENTRO DE SAUDE/UNIDADE BASICA
6332420,UBS BARRAGEM,CENTRO DE SAUDE/UNIDADE BASICA
2786788,UBS BARRO BRANCO,CENTRO DE SAUDE/UNIDADE BASICA
2752174,UBS BELENZINHO MARCUS WOLOSKER,CENTRO DE SAUDE/UNIDADE BASICA
2029618,UBS BOM RETIRO OCTAVIO AUGUSTO RODOVALHO,CENTRO DE SAUDE/UNIDADE BASICA
6048633,UBS BORACEA,CENTRO DE SAUDE/UNIDADE BASICA
2752182,UBS BRAS DR MANOEL SALDIVA NETO,CENTRO DE SAUDE/UNIDADE BASICA
2786818,UBS BRASILANDIA,CENTRO DE SAUDE/UNIDADE BASICA
5313902,UBS BRASILIA M BOI,CENTRO DE SAUDE/UNIDADE BASICA
2752190,UBS BURGO PAULISTA,CENTRO DE SAUDE/UNIDADE BASICA
2786826,UBS BUTANTA,CENTRO DE SAUDE/UNIDADE BASICA
4493532,UBS CAJU,CENTRO DE SAUDE/UNIDADE BASICA
2786834,UBS CAMBUCI,CENTRO DE SAUDE/UNIDADE BASICA
3452689,UBS CAMPO GRANDE,CENTRO DE SAUDE/UNIDADE BASICA
2786842,UBS CAMPO LIMPO,CENTRO DE SAUDE/UNIDADE BASICA
7884192,UBS CANTINHO DO CEU,CENTRO DE SAUDE/UNIDADE BASICA
2068079,UBS CARANDIRU,CENTRO DE SAUDE/UNIDADE BASICA
4050347,UBS CARLOS GENTILE DE MELO,CENTRO DE SAUDE/UNIDADE BASICA
2027682,UBS CASA VERDE,CENTRO DE SAUDE/UNIDADE BASICA
2786869,UBS CASA VERDE ALTA,CENTRO DE SAUDE/UNIDADE BASICA
4050177,UBS CASTRO ALVES,CENTRO DE SAUDE/UNIDADE BASICA
2786877,UBS CAXINGUI NANCI ABRANCHES,CENTRO DE SAUDE/UNIDADE BASICA
3219887,UBS CDHU PALANQUE,CENTRO DE SAUDE/UNIDADE BASICA
3992101,UBS CHACARA DO CONDE,CENTRO DE SAUDE/UNIDADE BASICA
6280188,UBS CHACARA DO SOL,CENTRO DE SAUDE/UNIDADE BASICA
2786885,UBS CHACARA INGLESA,CENTRO DE SAUDE/UNIDADE BASICA
3049213,UBS CHACARA SANTA MARIA,CENTRO DE SAUDE/UNIDADE BASICA
4050053,UBS CHACARA SANTANA,CENTRO DE SAUDE/UNIDADE BASICA
6090591,UBS CHACARA SANTO AMARO,CENTRO DE SAUDE/UNIDADE BASICA
2765993,UBS CHACARA SANTO ANTONIO DR MARCILIO DE ARRUDA PENTEADO F,CENTRO DE SAUDE/UNIDADE BASICA
2027666,UBS CHORA MENINO,CENTRO DE SAUDE/UNIDADE BASICA
5743583,UBS CIDADE IPAVA,CENTRO DE SAUDE/UNIDADE BASICA
2786893,UBS CIDADE JULIA,CENTRO DE SAUDE/UNIDADE BASICA
2057131,UBS CIDADE KEMEL,CENTRO DE SAUDE/UNIDADE BASICA
2786907,UBS CIDADE LIDER,CENTRO DE SAUDE/UNIDADE BASICA
2786915,UBS CIDADE NOVA SAO MIGUEL,CENTRO DE SAUDE/UNIDADE BASICA
2786923,UBS CIDADE PATRIARCA DR HERMENEGILDO MORBIN JUNIOR,CENTRO DE SAUDE/UNIDADE BASICA
2046962,UBS CIDADE PEDRO JOSE NUNES,CENTRO DE SAUDE/UNIDADE BASICA
2027038,UBS CIDADE SATELITE SANTA BARBARA,CENTRO DE SAUDE/UNIDADE BASICA
2774771,UBS CIDADE TIRADENTES LUIS MARANHAO,CENTRO DE SAUDE/UNIDADE BASICA
3738582,UBS CITY JARAGUA,CENTRO DE SAUDE/UNIDADE BASICA
6018939,UBS COLONIA,CENTRO DE SAUDE/UNIDADE BASICA
9460551,UBS CONJUNTO AE CARVALHO - FRANCISCO MOREIRA GUEDIS,CENTRO DE SAUDE/UNIDADE BASICA
2788012,UBS CONJUNTO DO IPESP,CENTRO DE SAUDE/UNIDADE BASICA
2786958,UBS COSTA MELO,CENTRO DE SAUDE/UNIDADE BASICA
4049977,UBS CRUZ DAS ALMAS,CENTRO DE SAUDE/UNIDADE BASICA
2786966,UBS CUPECE DR WALDOMIRO PREGNOLATTO,CENTRO DE SAUDE/UNIDADE BASICA
2786974,UBS DOM ANGELICO,CENTRO DE SAUDE/UNIDADE BASICA
2786982,UBS DOM JOAO NERY,CENTRO DE SAUDE/UNIDADE BASICA
2787008,UBS DOMINGOS MANTELLI,CENTRO DE SAUDE/UNIDADE BASICA
2786710,UBS DONA ADELAIDE LOPES,CENTRO DE SAUDE/UNIDADE BASICA
2027690,UBS DONA MARIQUINHA SCIASCIA,CENTRO DE SAUDE/UNIDADE BASICA
2786753,UBS DR ANTONIO PIRES FERREIRA VILLALOBO,CENTRO DE SAUDE/UNIDADE BASICA
2042983,UBS DR EDUARDO ROMANO RESCHILIAN,CENTRO DE SAUDE/UNIDADE BASICA
2042541,UBS DR JOSE TOLEDO PIZA,CENTRO DE SAUDE/UNIDADE BASICA
2042975,UBS DR OSWALDO MARASCA JUNIOR,CENTRO DE SAUDE/UNIDADE BASICA
2788551,UBS DR SERGIO CHADDAD,CENTRO DE SAUDE/UNIDADE BASICA
2091712,UBS DR WALTER ELIAS,CENTRO DE SAUDE/UNIDADE BASICA
2787148,UBS DRA ILZA WELTMAN HUTZLER,CENTRO DE SAUDE/UNIDADE BASICA
9986898,UBS ELISA MARIA II DR CAMILO CRISTOFARO MARTINS,CENTRO DE SAUDE/UNIDADE BASICA
9488413,UBS ENCOSTA NORTE LUIZ JOSE SANTOS,CENTRO DE SAUDE/UNIDADE BASICA
2752220,UBS ENG GOULART JOSE PIRES,CENTRO DE SAUDE/UNIDADE BASICA
2787032,UBS ENGENHEIRO TRINDADE,CENTRO DE SAUDE/UNIDADE BASICA
2065266,UBS ERMELINO MATARAZZO,CENTRO DE SAUDE/UNIDADE BASICA
2789159,UBS FATIMA DE JESUS VIANA ROSA,CENTRO DE SAUDE/UNIDADE BASICA
2787040,UBS FAZENDA DA JUTA I,CENTRO DE SAUDE/UNIDADE BASICA
2788020,UBS FAZENDA DA JUTA II,CENTRO DE SAUDE/UNIDADE BASICA
2787059,UBS FERROVIARIOS,CENTRO DE SAUDE/UNIDADE BASICA
2787067,UBS GAIVOTAS,CENTRO DE SAUDE/UNIDADE BASICA
2787075,UBS GLEBA DO PESSEGO,CENTRO DE SAUDE/UNIDADE BASICA
3121135,UBS GRAFICOS,CENTRO DE SAUDE/UNIDADE BASICA
4050010,UBS GUAIANASES II,CENTRO DE SAUDE/UNIDADE BASICA
2787083,UBS GUAIANAZES,CENTRO DE SAUDE/UNIDADE BASICA
2030934,UBS GUARANI VARGAS,CENTRO DE SAUDE/UNIDADE BASICA
8147159,UBS HELENA MIGUEL REZEK,CENTRO DE SAUDE/UNIDADE BASICA
9188177,UBS HELIOPOLIS,CENTRO DE SAUDE/UNIDADE BASICA
2787105,UBS HORIZONTE AZUL,CENTRO DE SAUDE/UNIDADE BASICA
2068044,UBS HORTO FLORESTAL,CENTRO DE SAUDE/UNIDADE BASICA
2787113,UBS HUMAITA DR JOAO DE AZEVEDO LAGE,CENTRO DE SAUDE/UNIDADE BASICA
2788438,UBS IACAPE JARDIM PLANALTO,CENTRO DE SAUDE/UNIDADE BASICA
2787121,UBS IGUACU MARIA JOSE MARIANO DA SILVA,CENTRO DE SAUDE/UNIDADE BASICA
3661660,UBS INACIO MONTEIRO,CENTRO DE SAUDE/UNIDADE BASICA
2788578,UBS INDIANOPOLIS SIGMUND FREUD,CENTRO DE SAUDE/UNIDADE BASICA
9343121,UBS INTERATIVA,CENTRO DE SAUDE/UNIDADE BASICA
2046261,UBS ITAIM PAULISTA JULIO DE GOUVEIA,CENTRO DE SAUDE/UNIDADE BASICA
2752255,UBS ITAQUERA,CENTRO DE SAUDE/UNIDADE BASICA
2787962,UBS JACANA DR SEBASTIAO GABRIEL SAYAGO DE LAET,CENTRO DE SAUDE/UNIDADE BASICA
2787970,UBS JARAGUA,CENTRO DE SAUDE/UNIDADE BASICA
2787156,UBS JARDIM AEROPORTO DR MASSAKI UDIHARA,CENTRO DE SAUDE/UNIDADE BASICA
4410750,UBS JARDIM ANTARTICA,CENTRO DE SAUDE/UNIDADE BASICA
2787172,UBS JARDIM APUANA JOAO KOCH,CENTRO DE SAUDE/UNIDADE BASICA
2787180,UBS JARDIM APURA,CENTRO DE SAUDE/UNIDADE BASICA
2787199,UBS JARDIM ARACATI,CENTRO DE SAUDE/UNIDADE BASICA
2787202,UBS JARDIM AURORA,CENTRO DE SAUDE/UNIDADE BASICA
3016935,UBS JARDIM BANDEIRANTES,CENTRO DE SAUDE/UNIDADE BASICA
2787210,UBS JARDIM BOA VISTA,CENTRO DE SAUDE/UNIDADE BASICA
2086743,UBS JARDIM CAICARA,CENTRO DE SAUDE/UNIDADE BASICA
2057271,UBS JARDIM CAMARGO NOVO,CENTRO DE SAUDE/UNIDADE BASICA
2787229,UBS JARDIM CAMPINAS,CENTRO DE SAUDE/UNIDADE BASICA
2787237,UBS JARDIM CAMPOS,CENTRO DE SAUDE/UNIDADE BASICA
2027011,UBS JARDIM CARRAOZINHO,CENTRO DE SAUDE/UNIDADE BASICA
5079454,UBS JARDIM CELESTE,CENTRO DE SAUDE/UNIDADE BASICA
2787261,UBS JARDIM CIDADE PIRITUBA,CENTRO DE SAUDE/UNIDADE BASICA
2751887,UBS JARDIM CLIPER ROCILDA SOARES ALVES SILVA,CENTRO DE SAUDE/UNIDADE BASICA
2787288,UBS JARDIM COIMBRA,CENTRO DE SAUDE/UNIDADE BASICA
9186492,UBS JARDIM COLOMBO,CENTRO DE SAUDE/UNIDADE BASICA
2787296,UBS JARDIM COLONIAL,CENTRO DE SAUDE/UNIDADE BASICA
4050037,UBS JARDIM COLORADO DR JOSE PIRES,CENTRO DE SAUDE/UNIDADE BASICA
2787318,UBS JARDIM COMERCIAL,CENTRO DE SAUDE/UNIDADE BASICA
2774798,UBS JARDIM COPA MATHILDE DE AQUINO DINIZ,CENTRO DE SAUDE/UNIDADE BASICA
2787326,UBS JARDIM D ABRIL,CENTRO DE SAUDE/UNIDADE BASICA
2786931,UBS JARDIM DA CONQUISTA I,CENTRO DE SAUDE/UNIDADE BASICA
3219771,UBS JARDIM DA CONQUISTA II,CENTRO DE SAUDE/UNIDADE BASICA
2042967,UBS JARDIM DA SAUDE NEUSA ROSALIA MORALES,CENTRO DE SAUDE/UNIDADE BASICA
4677358,UBS JARDIM DAMASCENO,CENTRO DE SAUDE/UNIDADE BASICA
2787334,UBS JARDIM DAS CAMELIAS,CENTRO DE SAUDE/UNIDADE BASICA
6332439,UBS JARDIM DAS FONTES,CENTRO DE SAUDE/UNIDADE BASICA
2787342,UBS JARDIM DAS LARANJEIRAS - SAO MATEUS,CENTRO DE SAUDE/UNIDADE BASICA
2787350,UBS JARDIM DAS OLIVEIRAS,CENTRO DE SAUDE/UNIDADE BASICA
6329527,UBS JARDIM DAS PALMAS,CENTRO DE SAUDE/UNIDADE BASICA
3323331,UBS JARDIM DAS PEDRAS,CENTRO DE SAUDE/UNIDADE BASICA
2787091,UBS JARDIM DOS EUCALIPTOS HELIO MOREIRA SALLES,CENTRO DE SAUDE/UNIDADE BASICA
7302541,UBS JARDIM EDITE GERONCIO HENRIQUE NETO,CENTRO DE SAUDE/UNIDADE BASICA
6365817,UBS JARDIM ELEDY,CENTRO DE SAUDE/UNIDADE BASICA
2787369,UBS JARDIM ELIANE,CENTRO DE SAUDE/UNIDADE BASICA
5882281,UBS JARDIM ELISA MARIA I,CENTRO DE SAUDE/UNIDADE BASICA
6018912,UBS JARDIM EMBURA,CENTRO DE SAUDE/UNIDADE BASICA
2787377,UBS JARDIM ETELVINA,CENTRO DE SAUDE/UNIDADE BASICA
2787385,UBS JARDIM FANGANIELLO,CENTRO DE SAUDE/UNIDADE BASICA
5621267,UBS JARDIM FLOR DE MAIO,CENTRO DE SAUDE/UNIDADE BASICA
2091720,UBS JARDIM FONTALIS,CENTRO DE SAUDE/UNIDADE BASICA
2787393,UBS JARDIM GERMANIA,CENTRO DE SAUDE/UNIDADE BASICA
2752263,UBS JARDIM GUAIRACA,CENTRO DE SAUDE/UNIDADE BASICA
2787407,UBS JARDIM GUANABARA,CENTRO DE SAUDE/UNIDADE BASICA
2787415,UBS JARDIM GUARANI,CENTRO DE SAUDE/UNIDADE BASICA
2787423,UBS JARDIM GUARUJA,CENTRO DE SAUDE/UNIDADE BASICA
4049934,UBS JARDIM HELENA (AMA/UBS ATE 03/2022),CENTRO DE SAUDE/UNIDADE BASICA
6039111,UBS JARDIM HELGA,CENTRO DE SAUDE/UNIDADE BASICA
2787431,UBS JARDIM HELIAN,CENTRO DE SAUDE/UNIDADE BASICA
2787458,UBS JARDIM HERCULANO,CENTRO DE SAUDE/UNIDADE BASICA
2787466,UBS JARDIM ICARAI BRASILANDIA DR DANIEL ALVES GRANGEIRO,CENTRO DE SAUDE/UNIDADE BASICA
2787474,UBS JARDIM ICARAI QUINTANA,CENTRO DE SAUDE/UNIDADE BASICA
2787989,UBS JARDIM INDAIA,CENTRO DE SAUDE/UNIDADE BASICA
3689247,UBS JARDIM IPORA,CENTRO DE SAUDE/UNIDADE BASICA
2787482,UBS JARDIM IV CENTENARIO,CENTRO DE SAUDE/UNIDADE BASICA
2787490,UBS JARDIM IVA,CENTRO DE SAUDE/UNIDADE BASICA
2787504,UBS JARDIM JAPAO,CENTRO DE SAUDE/UNIDADE BASICA
2787512,UBS JARDIM JAQUELINE,CENTRO DE SAUDE/UNIDADE BASICA
7407629,UBS JARDIM JULIETA,CENTRO DE SAUDE/UNIDADE BASICA
2787547,UBS JARDIM KERALUX,CENTRO DE SAUDE/UNIDADE BASICA
8033420,UBS JARDIM KIOTO IGNES FONTANA TATTO,CENTRO DE SAUDE/UNIDADE BASICA
6873286,UBS JARDIM LAPENNA,CENTRO DE SAUDE/UNIDADE BASICA
2787563,UBS JARDIM LIDIA,CENTRO DE SAUDE/UNIDADE BASICA
5120780,UBS JARDIM LOURDES,CENTRO DE SAUDE/UNIDADE BASICA
9794751,UBS JARDIM LUCELIA SANDRA AP BARBOSA CORREIA LIMA,CENTRO DE SAUDE/UNIDADE BASICA
6195008,UBS JARDIM MACEDONIA,CENTRO DE SAUDE/UNIDADE BASICA
5620341,UBS JARDIM MAGDALENA,CENTRO DE SAUDE/UNIDADE BASICA
2062658,UBS JARDIM MAIA,CENTRO DE SAUDE/UNIDADE BASICA
5695813,UBS JARDIM MARACA,CENTRO DE SAUDE/UNIDADE BASICA
2027054,UBS JARDIM MARILIA,CENTRO DE SAUDE/UNIDADE BASICA
7270941,UBS JARDIM MARINGA VILA TALARICO,CENTRO DE SAUDE/UNIDADE BASICA
7128940,UBS JARDIM MIRIAM II,CENTRO DE SAUDE/UNIDADE BASICA
2787636,UBS JARDIM MITSUTANI,CENTRO DE SAUDE/UNIDADE BASICA
2787644,UBS JARDIM NAKAMURA,CENTRO DE SAUDE/UNIDADE BASICA
2027526,UBS JARDIM NELIA,CENTRO DE SAUDE/UNIDADE BASICA
2787652,UBS JARDIM NITEROI,CENTRO DE SAUDE/UNIDADE BASICA
4050134,UBS JARDIM NOSSA SENHORA DO CARMO,CENTRO DE SAUDE/UNIDADE BASICA
2788152,UBS JARDIM NOVE DE JULHO,CENTRO DE SAUDE/UNIDADE BASICA
6822991,UBS JARDIM NOVO HORIZONTE,CENTRO DE SAUDE/UNIDADE BASICA
7357761,UBS JARDIM NOVO PANTANAL OTACILIO MADEIRA,CENTRO DE SAUDE/UNIDADE BASICA
3956946,UBS JARDIM OLINDA ZELIA PEREIRA SANTOS,CENTRO DE SAUDE/UNIDADE BASICA
9059369,UBS JARDIM ORION GUANHEMBU,CENTRO DE SAUDE/UNIDADE BASICA
2787660,UBS JARDIM PANAMERICANO,CENTRO DE SAUDE/UNIDADE BASICA
2027046,UBS JARDIM PARAGUACU DR GONCALO FELICIANO ALVES,CENTRO DE SAUDE/UNIDADE BASICA
3002543,UBS JARDIM PARANAPANEMA,CENTRO DE SAUDE/UNIDADE BASICA
2787687,UBS JARDIM PENHA,CENTRO DE SAUDE/UNIDADE BASICA
2787695,UBS JARDIM PERI,CENTRO DE SAUDE/UNIDADE BASICA
4049993,UBS JARDIM POPULAR DR MATHEUS SANTAMARIA,CENTRO DE SAUDE/UNIDADE BASICA
4771311,UBS JARDIM REIMBERG - NAIR NUNES DA SILVA,CENTRO DE SAUDE/UNIDADE BASICA
2787709,UBS JARDIM REPUBLICA,CENTRO DE SAUDE/UNIDADE BASICA
7097778,UBS JARDIM RINCAO,CENTRO DE SAUDE/UNIDADE BASICA
2787717,UBS JARDIM ROBRU GUAIANAZES,CENTRO DE SAUDE/UNIDADE BASICA
2787725,UBS JARDIM ROBRU MESSIAS JOSE DA SILVA,CENTRO DE SAUDE/UNIDADE BASICA
2787733,UBS JARDIM ROMANO VILA ITAIM,CENTRO DE SAUDE/UNIDADE BASICA
2787741,UBS JARDIM ROSELI,CENTRO DE SAUDE/UNIDADE BASICA
3651770,UBS JARDIM ROSINHA,CENTRO DE SAUDE/UNIDADE BASICA
6332447,UBS JARDIM SANTA FE,CENTRO DE SAUDE/UNIDADE BASICA
2825767,UBS JARDIM SANTA MARGARIDA,CENTRO DE SAUDE/UNIDADE BASICA
2086808,UBS JARDIM SANTA MARIA,CENTRO DE SAUDE/UNIDADE BASICA
2787865,UBS JARDIM SANTA TEREZINHA,CENTRO DE SAUDE/UNIDADE BASICA
2787768,UBS JARDIM SAO BENTO,CENTRO DE SAUDE/UNIDADE BASICA
4771273,UBS JARDIM SAO BERNARDO,CENTRO DE SAUDE/UNIDADE BASICA
9632387,UBS JARDIM SAO CARLOS,CENTRO DE SAUDE/UNIDADE BASICA
3074544,UBS JARDIM SAO CARLOS CIDADE ADEMAR,CENTRO DE SAUDE/UNIDADE BASICA
2787776,UBS JARDIM SAO FRANCISCO I,CENTRO DE SAUDE/UNIDADE BASICA
2787806,UBS JARDIM SAO NICOLAU,CENTRO DE SAUDE/UNIDADE BASICA
2787814,UBS JARDIM SAO NORBERTO,CENTRO DE SAUDE/UNIDADE BASICA
4049942,UBS JARDIM SAO PEDRO FRANCISCO ANTONIO CESARONI,CENTRO DE SAUDE/UNIDADE BASICA
2047004,UBS JARDIM SAO SAVERIO AURELIO MELLONE,CENTRO DE SAUDE/UNIDADE BASICA
2787822,UBS JARDIM SAPOPEMBA PROF DR HUMBERTO DELBONI FILHO,CENTRO DE SAUDE/UNIDADE BASICA
2787830,UBS JARDIM SECKLER,CENTRO DE SAUDE/UNIDADE BASICA
6683991,UBS JARDIM SELMA CIDADE ADEMAR,CENTRO DE SAUDE/UNIDADE BASICA
2787849,UBS JARDIM SILVA TELLES,CENTRO DE SAUDE/UNIDADE BASICA
6332463,UBS JARDIM SILVEIRA,CENTRO DE SAUDE/UNIDADE BASICA
2787857,UBS JARDIM SINHA,CENTRO DE SAUDE/UNIDADE BASICA
4050045,UBS JARDIM SOARES,CENTRO DE SAUDE/UNIDADE BASICA
4049861,UBS JARDIM SOUZA,CENTRO DE SAUDE/UNIDADE BASICA
4050118,UBS JARDIM THOMAS,CENTRO DE SAUDE/UNIDADE BASICA
2752298,UBS JARDIM TIETE II,CENTRO DE SAUDE/UNIDADE BASICA
2787903,UBS JARDIM TRES CORACOES,CENTRO DE SAUDE/UNIDADE BASICA
2787911,UBS JARDIM UMUARAMA,CENTRO DE SAUDE/UNIDADE BASICA
6380417,UBS JARDIM VALQUIRIA,CENTRO DE SAUDE/UNIDADE BASICA
2787938,UBS JARDIM VERA CRUZ PERDIZES,CENTRO DE SAUDE/UNIDADE BASICA
2787946,UBS JARDIM VISTA ALEGRE VANDA APARECIDA DOS SANTOS,CENTRO DE SAUDE/UNIDADE BASICA
2787954,UBS JARDIM VITORIA,CENTRO DE SAUDE/UNIDADE BASICA
2027631,UBS JOAQUIM ANTONIO EIRADO,CENTRO DE SAUDE/UNIDADE BASICA
5479517,UBS JOAQUIM ROSSINI VILA CARIOCA DR MOACIR PARRA,CENTRO DE SAUDE/UNIDADE BASICA
2787997,UBS JORDANOPOLIS,CENTRO DE SAUDE/UNIDADE BASICA
4049950,UBS JOSE BONIFACIO II CELINA MARIA JOSE DE OLIVEIRA,CENTRO DE SAUDE/UNIDADE BASICA
4050142,UBS JOSE BONIFACIO III DRA LUCY MAYUMI UDAKIRI,CENTRO DE SAUDE/UNIDADE BASICA
2752301,UBS JOSE DE BARROS MAGALDI,CENTRO DE SAUDE/UNIDADE BASICA
2788004,UBS JOSE MARCILIO MALTA CARDOSO,CENTRO DE SAUDE/UNIDADE BASICA
9339833,UBS JOVA RURAL,CENTRO DE SAUDE/UNIDADE BASICA
2788039,UBS LARANJEIRAS,CENTRO DE SAUDE/UNIDADE BASICA
3614948,UBS LUAR DO SERTAO,CENTRO DE SAUDE/UNIDADE BASICA
2788055,UBS LUIZ ERNESTO MAZZONI,CENTRO DE SAUDE/UNIDADE BASICA
2788063,UBS MANOEL JOAQUIM PERA,CENTRO DE SAUDE/UNIDADE BASICA
2766000,UBS MAR PAULISTA,CENTRO DE SAUDE/UNIDADE BASICA
2788071,UBS MARIA CECILIA FERRO DONNANGELO,CENTRO DE SAUDE/UNIDADE BASICA
6332471,UBS MARSILAC,CENTRO DE SAUDE/UNIDADE BASICA
2043017,UBS MASCARENHAS DE MORAES,CENTRO DE SAUDE/UNIDADE BASICA
2788098,UBS MATA VIRGEM,CENTRO DE SAUDE/UNIDADE BASICA
2027380,UBS MENINOPOLIS MARIO FRANCISCO NAPOLITANO,CENTRO DE SAUDE/UNIDADE BASICA
2788101,UBS MILTON SANTOS,CENTRO DE SAUDE/UNIDADE BASICA
2788136,UBS MOINHO VELHO,CENTRO DE SAUDE/UNIDADE BASICA
2788128,UBS MOINHO VELHO II,CENTRO DE SAUDE/UNIDADE BASICA
2042258,UBS MOOCA I,CENTRO DE SAUDE/UNIDADE BASICA
2091739,UBS MORADA DO SOL,CENTRO DE SAUDE/UNIDADE BASICA
3651762,UBS MORRO DOCE,CENTRO DE SAUDE/UNIDADE BASICA
9618694,UBS NASCER DO SOL,CENTRO DE SAUDE/UNIDADE BASICA
2788209,UBS NITRO OPERARIA PAULO FELDMAN,CENTRO DE SAUDE/UNIDADE BASICA
2788144,UBS NOSSA SENHORA DO BRASIL ARMANDO DARIENZO,CENTRO DE SAUDE/UNIDADE BASICA
6332498,UBS NOVA AMERICA,CENTRO DE SAUDE/UNIDADE BASICA
6879810,UBS NOVA ESPERANCA PAULISTANO II,CENTRO DE SAUDE/UNIDADE BASICA
3661741,UBS NOVO CAMINHO,CENTRO DE SAUDE/UNIDADE BASICA
2788160,UBS NOVO JARDIM I,CENTRO DE SAUDE/UNIDADE BASICA
4049926,UBS PADRE JOSE DE ANCHIETA,CENTRO DE SAUDE/UNIDADE BASICA
2788179,UBS PARADA XV DE NOVEMBRO,CENTRO DE SAUDE/UNIDADE BASICA
2788187,UBS PARAISOPOLIS,CENTRO DE SAUDE/UNIDADE BASICA
3956954,UBS PARAISOPOLIS II,CENTRO DE SAUDE/UNIDADE BASICA
6564410,UBS PARAISOPOLIS III,CENTRO DE SAUDE/UNIDADE BASICA
4050150,UBS PARELHEIROS,CENTRO DE SAUDE/UNIDADE BASICA
2788268,UBS PARQUE ARARIBA,CENTRO DE SAUDE/UNIDADE BASICA
2752328,UBS PARQUE ARTHUR ALVIM,CENTRO DE SAUDE/UNIDADE BASICA
2788276,UBS PARQUE BOA ESPERANCA,CENTRO DE SAUDE/UNIDADE BASICA
2027461,UBS PARQUE DA LAPA,CENTRO DE SAUDE/UNIDADE BASICA
4700449,UBS PARQUE DAS FLORES,CENTRO DE SAUDE/UNIDADE BASICA
4050223,UBS PARQUE DO LAGO,CENTRO DE SAUDE/UNIDADE BASICA
2788292,UBS PARQUE DOROTEIA,CENTRO DE SAUDE/UNIDADE BASICA
4488326,UBS PARQUE DOS BUFALOS,CENTRO DE SAUDE/UNIDADE BASICA
2788306,UBS PARQUE EDU CHAVES,CENTRO DE SAUDE/UNIDADE BASICA
2788314,UBS PARQUE ENGENHO II,CENTRO DE SAUDE/UNIDADE BASICA
2815451,UBS PARQUE FIGUEIRA GRANDE,CENTRO DE SAUDE/UNIDADE BASICA
2788330,UBS PARQUE IMPERIAL MANOEL ANTONIO DA SILVA SARAGOCA,CENTRO DE SAUDE/UNIDADE BASICA
3738604,UBS PARQUE MARIA DOMITILA,CENTRO DE SAUDE/UNIDADE BASICA
2788349,UBS PARQUE NOVO MUNDO I,CENTRO DE SAUDE/UNIDADE BASICA
2788357,UBS PARQUE NOVO MUNDO II,CENTRO DE SAUDE/UNIDADE BASICA
2788365,UBS PARQUE NOVO SANTO AMARO,CENTRO DE SAUDE/UNIDADE BASICA
6283616,UBS PARQUE PAULISTANO (EX AMA/UBS 08/2022),CENTRO DE SAUDE/UNIDADE BASICA
2788373,UBS PARQUE PERUCHE,CENTRO DE SAUDE/UNIDADE BASICA
2788381,UBS PARQUE REGINA PERINA ALVES TEIXEIRA,CENTRO DE SAUDE/UNIDADE BASICA
2788403,UBS PARQUE RESIDENCIAL COCAIA INDEPENDENTE,CENTRO DE SAUDE/UNIDADE BASICA
2788446,UBS PARQUE SANTA RITA,CENTRO DE SAUDE/UNIDADE BASICA
4493516,UBS PARQUE SANTO ANTONIO II,CENTRO DE SAUDE/UNIDADE BASICA
2057891,UBS PARQUE SAO LUCAS,CENTRO DE SAUDE/UNIDADE BASICA
4049853,UBS PARQUE SAO RAFAEL DRA ORA ROSEN,CENTRO DE SAUDE/UNIDADE BASICA
4050398,UBS PASTORAL,CENTRO DE SAUDE/UNIDADE BASICA
4050002,UBS PEDRO DE SOUZA CAMPOS,CENTRO DE SAUDE/UNIDADE BASICA
2064820,UBS PONTE RASA DR CARLOS OLIVALDO DE SOUZA LOPES MUNIZ,CENTRO DE SAUDE/UNIDADE BASICA
2786990,UBS PONTE SECA DOM LUCIANO BERGAMINI,CENTRO DE SAUDE/UNIDADE BASICA
3002926,UBS PREFEITO CELSO AUGUSTO DANIEL,CENTRO DE SAUDE/UNIDADE BASICA
4049969,UBS PRESTES MAIA,CENTRO DE SAUDE/UNIDADE BASICA
8212058,UBS PRIMAVERA COLORADO,CENTRO DE SAUDE/UNIDADE BASICA
2766019,UBS PRIMEIRO DE OUTUBRO,CENTRO DE SAUDE/UNIDADE BASICA
9423206,UBS PRO MORAR,CENTRO DE SAUDE/UNIDADE BASICA
2027305,UBS PROFETA JEREMIAS,CENTRO DE SAUDE/UNIDADE BASICA
2788470,UBS REAL PARQUE PAULO MANGAEIRA ALBERNAZ FILHO,CENTRO DE SAUDE/UNIDADE BASICA
2027321,UBS RECANTO CAMPO BELO,CENTRO DE SAUDE/UNIDADE BASICA
3105504,UBS RECANTO DOS HUMILDES,CENTRO DE SAUDE/UNIDADE BASICA
2788489,UBS RECANTO VERDE DO SOL,CENTRO DE SAUDE/UNIDADE BASICA
6090621,UBS REPUBLICA FERNANDA SANTE LIMEIRA,CENTRO DE SAUDE/UNIDADE BASICA
4050401,UBS REUNIDAS I,CENTRO DE SAUDE/UNIDADE BASICA
2788497,UBS REUNIDAS II,CENTRO DE SAUDE/UNIDADE BASICA
4050061,UBS RIO CLARO,CENTRO DE SAUDE/UNIDADE BASICA
2788500,UBS RIO PEQUENO PAULO DE BARROS FRANCA,CENTRO DE SAUDE/UNIDADE BASICA
2788519,UBS SACOMA EDMUNDO SUSSUMU FUJITA,CENTRO DE SAUDE/UNIDADE BASICA
2752336,UBS SANTA CECILIA DR HUMBERTO PASCALE,CENTRO DE SAUDE/UNIDADE BASICA
2091526,UBS SANTA CRUZ,CENTRO DE SAUDE/UNIDADE BASICA
2788608,UBS SANTA INES,CENTRO DE SAUDE/UNIDADE BASICA
2788616,UBS SANTA LUCIA,CENTRO DE SAUDE/UNIDADE BASICA
2788624,UBS SANTA LUZIA,CENTRO DE SAUDE/UNIDADE BASICA
2788411,UBS SANTA MADALENA,CENTRO DE SAUDE/UNIDADE BASICA
2788640,UBS SANTO AMARO DR SERGIO VILLACA BRAGA,CENTRO DE SAUDE/UNIDADE BASICA
4466713,UBS SANTO DIAS,CENTRO DE SAUDE/UNIDADE BASICA
3469042,UBS SANTO ELIAS,CENTRO DE SAUDE/UNIDADE BASICA
3004341,UBS SANTO ESTEVAO,CENTRO DE SAUDE/UNIDADE BASICA
3044750,UBS SAO CARLOS GUAIANASES,CENTRO DE SAUDE/UNIDADE BASICA
3996115,UBS SAO JORGE CIDADE ADEMAR,CENTRO DE SAUDE/UNIDADE BASICA
2788535,UBS SAO MATEUS NAIR ALVES DE REZENDE NORIMBENI,CENTRO DE SAUDE/UNIDADE BASICA
7672578,UBS SAO REMO,CENTRO DE SAUDE/UNIDADE BASICA
5975220,UBS SE,CENTRO DE SAUDE/UNIDADE BASICA
9343148,UBS SEM TERRA (PQ NACOES UNIDAS),CENTRO DE SAUDE/UNIDADE BASICA
9129855,UBS SHANGRILA ELLUS,CENTRO DE SAUDE/UNIDADE BASICA
2788586,UBS SILMARYA REJANE MARCOLINO SOUZA,CENTRO DE SAUDE/UNIDADE BASICA
2074079,UBS TEOTONIO VILELA,CENTRO DE SAUDE/UNIDADE BASICA
2788659,UBS THERSIO VENTURA,CENTRO DE SAUDE/UNIDADE BASICA
9459065,UBS TRES PONTES - SRA FLORISVALDA NASCIMENTO DE SOUZA,CENTRO DE SAUDE/UNIDADE BASICA
2788667,UBS UNIAO DAS VILAS DE TAIPAS,CENTRO DE SAUDE/UNIDADE BASICA
2819856,UBS UNIAO DE VILA NOVA,CENTRO DE SAUDE/UNIDADE BASICA
2789280,UBS VARGEM GRANDE,CENTRO DE SAUDE/UNIDADE BASICA
2789299,UBS VARGINHA,CENTRO DE SAUDE/UNIDADE BASICA
2789302,UBS VELEIROS,CENTRO DE SAUDE/UNIDADE BASICA
2086816,UBS VERA CRUZ DR FERNANDO PROENCA DE GOUVEA,CENTRO DE SAUDE/UNIDADE BASICA
2027275,UBS VILA ALBERTINA DR OSVALDO MARCAL,CENTRO DE SAUDE/UNIDADE BASICA
2045451,UBS VILA ALPINA DR HERMINIO MOREIRA,CENTRO DE SAUDE/UNIDADE BASICA
2788675,UBS VILA ANASTACIO,CENTRO DE SAUDE/UNIDADE BASICA
2788683,UBS VILA ANGLO JOSE SERRA RIBEIRO,CENTRO DE SAUDE/UNIDADE BASICA
2788705,UBS VILA APARECIDA,CENTRO DE SAUDE/UNIDADE BASICA
2788713,UBS VILA ARAPUA NELSON MORAES,CENTRO DE SAUDE/UNIDADE BASICA
2788721,UBS VILA ARICANDUVA,CENTRO DE SAUDE/UNIDADE BASICA
2788748,UBS VILA ARRIETE DECIO PACHECO PEDROSO,CENTRO DE SAUDE/UNIDADE BASICA
2752212,UBS VILA AURORA DOMINGOS MAZZONETO DE CILO,CENTRO DE SAUDE/UNIDADE BASICA
2752344,UBS VILA BERTIOGA DOMINGOS DELASCIO,CENTRO DE SAUDE/UNIDADE BASICA
2788764,UBS VILA BORGES,CENTRO DE SAUDE/UNIDADE BASICA
6377742,UBS VILA CAIUBA,CENTRO DE SAUDE/UNIDADE BASICA
3762831,UBS VILA CALU,CENTRO DE SAUDE/UNIDADE BASICA
6165516,UBS VILA CAMPESTRE,CENTRO DE SAUDE/UNIDADE BASICA
7136617,UBS VILA CANAA,CENTRO DE SAUDE/UNIDADE BASICA
2788772,UBS VILA CARMOSINA,CENTRO DE SAUDE/UNIDADE BASICA
2752352,UBS VILA CARRAO DR ADHEMAR MONTEIRO PACHECO,CENTRO DE SAUDE/UNIDADE BASICA
2788780,UBS VILA CHABILANDIA,CENTRO DE SAUDE/UNIDADE BASICA
2079070,UBS VILA CISPER,CENTRO DE SAUDE/UNIDADE BASICA
2788799,UBS VILA CONSTANCIA VICENTE OCTAVIO GUIDA,CENTRO DE SAUDE/UNIDADE BASICA
2789310,UBS VILA COSMOPOLITA,CENTRO DE SAUDE/UNIDADE BASICA
2788802,UBS VILA CURUCA,CENTRO DE SAUDE/UNIDADE BASICA
2788810,UBS VILA DALVA ENG GUILHERME H PINTO COELHO,CENTRO DE SAUDE/UNIDADE BASICA
4049810,UBS VILA DAS BELEZAS ALBERTO AMBROSIO,CENTRO DE SAUDE/UNIDADE BASICA
2788829,UBS VILA DAS MERCES,CENTRO DE SAUDE/UNIDADE BASICA
2788837,UBS VILA DIONISIA,CENTRO DE SAUDE/UNIDADE BASICA
6974511,UBS VILA DIONISIA II,CENTRO DE SAUDE/UNIDADE BASICA
2788845,UBS VILA EDE,CENTRO DE SAUDE/UNIDADE BASICA
9624988,UBS VILA EMA DR FUAD KASSAB,CENTRO DE SAUDE/UNIDADE BASICA
2788853,UBS VILA ESPANHOLA,CENTRO DE SAUDE/UNIDADE BASICA
2788861,UBS VILA ESPERANCA DR CASSIO BITTENCOURT FILHO,CENTRO DE SAUDE/UNIDADE BASICA
2788888,UBS VILA ESPERANCA DR EMILIO SANTIAGO OLIVEIRA,CENTRO DE SAUDE/UNIDADE BASICA
4049799,UBS VILA FORMOSA COMENDADOR JOSE GONZALEZ,CENTRO DE SAUDE/UNIDADE BASICA
2788918,UBS VILA FORMOSA I DR ANTONIO DA SILVEIRA E OLIVEIRA,CENTRO DE SAUDE/UNIDADE BASICA
2788896,UBS VILA FORMOSA II,CENTRO DE SAUDE/UNIDADE BASICA
2788926,UBS VILA GRANADA DR ALFREDO FERREIRA PAULINO FILHO,CENTRO DE SAUDE/UNIDADE BASICA
2788934,UBS VILA GUACURI CICERO SERGIO CAVALCANTE,CENTRO DE SAUDE/UNIDADE BASICA
2788942,UBS VILA GUARANI,CENTRO DE SAUDE/UNIDADE BASICA
2788950,UBS VILA GUILHERME (EX AMA/UBS-08/2022),CENTRO DE SAUDE/UNIDADE BASICA
2788969,UBS VILA GUILHERMINA DR AMERICO RASPA NETO,CENTRO DE SAUDE/UNIDADE BASICA
2787598,UBS VILA GUMERCINDO PROF JANDIRA MASSUR,CENTRO DE SAUDE/UNIDADE BASICA
2026961,UBS VILA HELOISA,CENTRO DE SAUDE/UNIDADE BASICA
2788977,UBS VILA IMPERIO DRA GILDA TERA TAHIRA,CENTRO DE SAUDE/UNIDADE BASICA
2788985,UBS VILA IPOJUCA WANDA COELHO DE MORAES,CENTRO DE SAUDE/UNIDADE BASICA
2752271,UBS VILA ITAPEMA,CENTRO DE SAUDE/UNIDADE BASICA
2788993,UBS VILA IZOLINA MAZZEI,CENTRO DE SAUDE/UNIDADE BASICA
2789000,UBS VILA JACUI,CENTRO DE SAUDE/UNIDADE BASICA
2789019,UBS VILA JAGUARA,CENTRO DE SAUDE/UNIDADE BASICA
2751828,UBS VILA JOANIZA JOAO YUNES,CENTRO DE SAUDE/UNIDADE BASICA
2068109,UBS VILA LEONOR,CENTRO DE SAUDE/UNIDADE BASICA
2789027,UBS VILA MAGGI,CENTRO DE SAUDE/UNIDADE BASICA
2789035,UBS VILA MANGALOT,CENTRO DE SAUDE/UNIDADE BASICA
6332501,UBS VILA MARCELO,CENTRO DE SAUDE/UNIDADE BASICA
2027720,UBS VILA MARIA LUIZ PAULO GNECCO,CENTRO DE SAUDE/UNIDADE BASICA
5662699,UBS VILA MARIANA DIOGO NOMURA,CENTRO DE SAUDE/UNIDADE BASICA
2789043,UBS VILA MATILDE DR RUBENS DO VAL,CENTRO DE SAUDE/UNIDADE BASICA
2789086,UBS VILA MORAES JOAO PAULO BOTELHO VIEIRA,CENTRO DE SAUDE/UNIDADE BASICA
6998186,UBS VILA NATAL,CENTRO DE SAUDE/UNIDADE BASICA
2027674,UBS VILA NIVI,CENTRO DE SAUDE/UNIDADE BASICA
2789094,UBS VILA NOSSA SENHORA APARECIDA,CENTRO DE SAUDE/UNIDADE BASICA
4050207,UBS VILA NOVA CURUCA,CENTRO DE SAUDE/UNIDADE BASICA
2789108,UBS VILA NOVA GALVAO SONIA REGINA CAMPANELLI,CENTRO DE SAUDE/UNIDADE BASICA
2752360,UBS VILA NOVA MANCHESTER DR ARLINDO GENNARI,CENTRO DE SAUDE/UNIDADE BASICA
2789124,UBS VILA NOVA YORK,CENTRO DE SAUDE/UNIDADE BASICA
2789132,UBS VILA OLIMPIA MAX PERLMAN,CENTRO DE SAUDE/UNIDADE BASICA
2751836,UBS VILA PARANAGUA,CENTRO DE SAUDE/UNIDADE BASICA
2789183,UBS VILA PIRITUBA,CENTRO DE SAUDE/UNIDADE BASICA
2789191,UBS VILA PRAIA VITORIO ROLANDO BOCCALETTI,CENTRO DE SAUDE/UNIDADE BASICA
2075016,UBS VILA PROGRESSO,CENTRO DE SAUDE/UNIDADE BASICA
2789213,UBS VILA PROGRESSO JARDIM MONTE ALEGRE,CENTRO DE SAUDE/UNIDADE BASICA
3359131,UBS VILA PRUDENTE,CENTRO DE SAUDE/UNIDADE BASICA
4050126,UBS VILA RAMOS DR LUIS AUGUSTO DE CAMPOS,CENTRO DE SAUDE/UNIDADE BASICA
2027062,UBS VILA RAMOS FREGUESIA DO O,CENTRO DE SAUDE/UNIDADE BASICA
4050029,UBS VILA REGINA,CENTRO DE SAUDE/UNIDADE BASICA
2789221,UBS VILA RENATO MARIA DAS GRACAS DA SILVA,CENTRO DE SAUDE/UNIDADE BASICA
2789248,UBS VILA ROMANA,CENTRO DE SAUDE/UNIDADE BASICA
6332528,UBS VILA ROSCHEL,CENTRO DE SAUDE/UNIDADE BASICA
8047790,UBS VILA RUBI,CENTRO DE SAUDE/UNIDADE BASICA
2063670,UBS VILA SABRINA DR CARLOS AUGUSTO AUTRAN PEDERNEIRAS LIMA,CENTRO DE SAUDE/UNIDADE BASICA
2046997,UBS VILA SANTA CATARINA,CENTRO DE SAUDE/UNIDADE BASICA
2788632,UBS VILA SANTA MARIA,CENTRO DE SAUDE/UNIDADE BASICA
4050215,UBS VILA SANTANA,CENTRO DE SAUDE/UNIDADE BASICA
2752387,UBS VILA SANTO ESTEVAO DR WOADY JORGE KALIL,CENTRO DE SAUDE/UNIDADE BASICA
2789264,UBS VILA TEREZINHA,CENTRO DE SAUDE/UNIDADE BASICA
2789272,UBS VILA ZATT,CENTRO DE SAUDE/UNIDADE BASICA
2815273,UBS ZUMBI DOS PALMARES,CENTRO DE SAUDE/UNIDADE BASICA
5357861,UBSI ALDEIA JARAGUA KWARAY DJEKUPE,UNIDADE DE ATENCAO A SAUDE INDIGENA
4590759,UBSI KRUKUTU,UNIDADE DE ATENCAO A SAUDE INDIGENA
3561186,UBSI VERA POTY,UNIDADE DE ATENCAO A SAUDE INDIGENA
3137813,UDDO SANTA CASA,UNIDADE DE APOIO DIAGNOSE E TERAPIA (SADT ISOLADO)
3137791,UDDO UNIDADE DE DIAGNOSTICO E DENSITOMETRIA OSSEA LTDA,UNIDADE DE APOIO DIAGNOSE E TERAPIA (SADT ISOLADO)
9539824,UNIDADE AE SANTO AMARO CIES,CLINICA/CENTRO DE ESPECIALIDADE
4369114,UNIDADE AMBULATORIAL DE FILANTROPIA,CONSULTORIO ISOLADO
7355033,UNIDADE BRASILANDIA CIES,CLINICA/CENTRO DE ESPECIALIDADE
9400524,UNIDADE CIDADE DE TIRADENTES CIES,CLINICA/CENTRO DE ESPECIALIDADE
4651693,UNIDADE CIES LUZ CAMPOS ELISEOS,CLINICA/CENTRO DE ESPECIALIDADE
6936075,UNIDADE COMUNITARIA HOSP NIPO BRASILEIRO,POLICLINICA
5457963,UNIDADE DE DIAGNOSTICO POR IMAGEM SE,UNIDADE DE APOIO DIAGNOSE E TERAPIA (SADT ISOLADO)
0844616,UNIDADE EINSTEIN TELEMEDICINA,TELESSAUDE
9461353,UNIDADE HD CARRAO CIES,CLINICA/CENTRO DE ESPECIALIDADE
7363567,UNIDADE HD JD PRUDENCIA CIES,CLINICA/CENTRO DE ESPECIALIDADE
7385978,UNIDADE HD PIRITUBA CIES,HOSPITAL/DIA - ISOLADO
7293194,UNIDADE ITAQUERA CIES,CLINICA/CENTRO DE ESPECIALIDADE
5531527,UNIDADE MONTE SERRAT METRO CARRAO CIES,CLINICA/CENTRO DE ESPECIALIDADE
9643478,UNIDADE ODONTOLOGICA MOVEL CENTRO,UNIDADE MOVEL TERRESTRE
0505641,UNIDADE ODONTOLOGICA MOVEL LESTE,UNIDADE MOVEL TERRESTRE
9106316,UNIDADE ODONTOLOGICA MOVEL NORTE,UNIDADE MOVEL TERRESTRE
9106294,UNIDADE ODONTOLOGICA MOVEL OESTE,UNIDADE MOVEL TERRESTRE
9106308,UNIDADE ODONTOLOGICA MOVEL SUDESTE,UNIDADE MOVEL TERRESTRE
0448923,UNIDADE ODONTOLOGICA MOVEL SUL,UNIDADE MOVEL TERRESTRE
9744223,UNIDADE SAO MATEUS CIES,CLINICA/CENTRO DE ESPECIALIDADE
9014748,UNIDADE TUCURUVI CIES,CLINICA/CENTRO DE ESPECIALIDADE
2089343,UNTR UNID DE NEFROLOGIA E TRANSP RENAL,CLINICA/CENTRO DE ESPECIALIDADE
2029189,UPA 21 DE JUNHO,PRONTO ATENDIMENTO
9051422,UPA 26 DE AGOSTO,PRONTO ATENDIMENTO
8363072,UPA ANHANGUERA RESIDENCIAL DAS ORQUIDEAS,PRONTO ATENDIMENTO
7479387,UPA CAMPO LIMPO DR FERNANDO M PROENCA,PRONTO ATENDIMENTO
4091248,UPA CARRAO MASATAKA OTA,PRONTO ATENDIMENTO
0812226,UPA CIDADE TIRADENTES,PRONTO ATENDIMENTO
0852074,UPA CITY JARAGUA,PRONTO ATENDIMENTO
0997730,UPA DONA MARIA ANTONIETA FERREIRA DE BARROS,PRONTO ATENDIMENTO
2040727,UPA DR ATUALPA GIRAO RABELO,PRONTO ATENDIMENTO
9971513,UPA ERMELINO MATARAZZO,PRONTO ATENDIMENTO
2037971,UPA IPIRANGA DR AUGUSTO GOMES DE MATTOS (PSM ATE MARCO/2025),PRONTO ATENDIMENTO
0873268,UPA JABAQUARA (CNES 6165478 UPA JABAQUARA VL CAMPESTRE),PRONTO ATENDIMENTO
9997091,UPA JACANA,PRONTO ATENDIMENTO
3474674,UPA JARDIM ANGELA,PRONTO ATENDIMENTO
2878259,UPA JARDIM ELISA MARIA I,PRONTO ATENDIMENTO
3044769,UPA JARDIM HELENA,PRONTO ATENDIMENTO
6360890,UPA JARDIM ICARAI QUINTANA,PRONTO ATENDIMENTO
6148344,UPA JARDIM PERI,PRONTO ATENDIMENTO
2069032,UPA JULIO TUPY,PRONTO ATENDIMENTO
2082837,UPA LAPA PROF JOAO CATARIN MEZOMO,PRONTO ATENDIMENTO
0466611,UPA MOOCA DOM PAULO EVARISTO ARNS,PRONTO ATENDIMENTO
0974730,UPA PARELHEIROS,PRONTO ATENDIMENTO
4234774,UPA PARQUE DOROTEIA,PRONTO ATENDIMENTO
6133460,UPA PEDREIRA DR CESAR ANTUNES ROCHA,PRONTO ATENDIMENTO
4050169,UPA PERUS DR LUIZ ANTONIO DE ABREU SAMPAIO DORIA,PRONTO ATENDIMENTO
6146341,UPA PIRITUBA (ATE 08/2019 AMA_24HS DR JOSE SOARES HUNGRIA),PRONTO ATENDIMENTO
4434722,UPA RIO PEQUENO,PRONTO ATENDIMENTO
6133622,UPA SACOMA,PRONTO ATENDIMENTO
2752107,UPA SANTO AMARO DR JOSE SYLVIO DE CAMARGO,PRONTO ATENDIMENTO
0873241,UPA TATUAPE - WALDEMAR ROSSI,PRONTO ATENDIMENTO
9736700,UPA TITO LOPES,PRONTO ATENDIMENTO
9505946,UPA VERA CRUZ,PRONTO ATENDIMENTO
0958433,UPA VERGUEIRO,PRONTO ATENDIMENTO
2075407,UPA VILA MARIA DR JOSE MAURO DEL ROIO CORREA,PRONTO ATENDIMENTO
9349898,UPA VILA MARIANA,PRONTO ATENDIMENTO
7638698,UPA VILA SANTA CATARINA,PRONTO ATENDIMENTO
9713816,URSI BUTANTA,CLINICA/CENTRO DE ESPECIALIDADE
5836107,URSI CAMPO LIMPO,CLINICA/CENTRO DE ESPECIALIDADE
9129839,URSI CAPELA DO SOCORRO,CLINICA/CENTRO DE ESPECIALIDADE
0256390,URSI CENTRO,CLINICA/CENTRO DE ESPECIALIDADE
5599881,URSI CIDADE ADEMAR,CLINICA/CENTRO DE ESPECIALIDADE
4735684,URSI CONJUNTO AE CARVALHO - FRANCISCO MOREIRA GUEDIS,CLINICA/CENTRO DE ESPECIALIDADE
0545694,URSI MOOCA,CLINICA/CENTRO DE ESPECIALIDADE
9280227,URSI SANTANA JACANA,CLINICA/CENTRO DE ESPECIALIDADE
6167403,URSI SANTO AMARO,POLICLINICA
9070982,URSI SAO MATEUS,CLINICA/CENTRO DE ESPECIALIDADE
2789337,UVIS ARICANDUVA MOOCA,UNIDADE DE VIGILANCIA EM SAUDE
2752395,UVIS BUTANTA,UNIDADE DE VIGILANCIA EM SAUDE
2752417,UVIS CAMPO LIMPO,UNIDADE DE VIGILANCIA EM SAUDE
2815559,UVIS CAPELA DO SOCORRO,UNIDADE DE VIGILANCIA EM SAUDE
2752409,UVIS CASA VERDE CACHOEIRINHA,UNIDADE DE VIGILANCIA EM SAUDE
3355020,UVIS CIDADE TIRADENTES,UNIDADE DE VIGILANCIA EM SAUDE
2752433,UVIS ERMELINO MATARAZZO,UNIDADE DE VIGILANCIA EM SAUDE
2752441,UVIS FREGUESIA DO O BRASILANDIA,UNIDADE DE VIGILANCIA EM SAUDE
3019926,UVIS GUAIANASES,UNIDADE DE VIGILANCIA EM SAUDE
2752468,UVIS IPIRANGA,UNIDADE DE VIGILANCIA EM SAUDE
2752476,UVIS ITAIM PAULISTA,UNIDADE DE VIGILANCIA EM SAUDE
2815478,UVIS ITAQUERA,UNIDADE DE VIGILANCIA EM SAUDE
4050339,UVIS JACANA TREMEMBE,UNIDADE DE VIGILANCIA EM SAUDE
2086778,UVIS LAPA PINHEIROS,UNIDADE DE VIGILANCIA EM SAUDE
2027496,UVIS M BOI MIRIM,UNIDADE DE VIGILANCIA EM SAUDE
2815494,UVIS PARELHEIROS,UNIDADE DE VIGILANCIA EM SAUDE
2815508,UVIS PENHA,UNIDADE DE VIGILANCIA EM SAUDE
2752484,UVIS PERUS,UNIDADE DE VIGILANCIA EM SAUDE
2815524,UVIS PIRITUBA,UNIDADE DE VIGILANCIA EM SAUDE
2752492,UVIS SANTA CECILIA,UNIDADE DE VIGILANCIA EM SAUDE
2815540,UVIS SANTANA TUCURUVI,UNIDADE DE VIGILANCIA EM SAUDE
2086786,UVIS SANTO AMARO CIDADE ADEMAR,UNIDADE DE VIGILANCIA EM SAUDE
3094197,UVIS SAO MATEUS,UNIDADE DE VIGILANCIA EM SAUDE
2027429,UVIS SAO MIGUEL,UNIDADE DE VIGILANCIA EM SAUDE
0314307,UVIS SE,UNIDADE DE VIGILANCIA EM SAUDE
2815567,UVIS VILA MARIA VILA GUILHERME,UNIDADE DE VIGILANCIA EM SAUDE
2815575,UVIS VILA MARIANA JABAQUARA,UNIDADE DE VIGILANCIA EM SAUDE
2766027,UVIS VILA PRUDENTE SAPOPEMBA,UNIDADE DE VIGILANCIA EM SAUDE
0718971,VILA NOVA DIAGNOSTICOS MEDICOS,UNIDADE DE APOIO DIAGNOSE E TERAPIA (SADT ISOLADO)
3621847,VITALCOR CLINICA CARDIOLOGICA,CLINICA/CENTRO DE ESPECIALIDADE
5895367,VITHA SERVICOS ODONTOLOGICOS,CLINICA/CENTRO DE ESPECIALIDADE
4876326,VIVASAUDE,CONSULTORIO ISOLADO
3937038,ZDI-DIAGNOSTICO POR IMAGEM,UNIDADE DE APOIO DIAGNOSE E TERAPIA (SADT ISOLADO)
0087440,ZOLTAN,UNIDADE DE APOIO DIAGNOSE E TERAPIA (SADT ISOLADO)
